"","mu","h","sk","ku","y"
"1",-0.00159310539734561,0.527168145550828,-0.236738045828733,5.50531221317378,1.16082843721805
"2",0.0210390620779658,0.523202354515602,-0.238220391986775,4.97160716339326,0.952521559523345
"3",0.0172636709946899,0.516158842223714,-0.238062946645403,4.53104960706088,0.805336204851731
"4",0.0145960573193008,0.507909023674312,-0.237234282351446,4.19110401039616,-1.58910508756807
"5",-0.0288012246373628,0.513829528862113,-0.225926191407237,4.25177402827426,0.154440185137411
"6",0.00197145095047576,0.501558624569212,-0.224147893384103,3.96765039363138,-1.34173328426269
"7",-0.0243178138600107,0.502606550732874,-0.216748830109484,3.92527099189025,-3.31026827922659
"8",-0.061640777405775,0.570351216787533,-0.125927732027256,10.3249313485216,-2.46999612358326
"9",-0.0418318736913058,0.588972650661303,-0.10353072790912,9.42718081486828,-0.680223316662021
"10",-0.0148587336639681,0.575345679995777,-0.102231777600762,7.77853448860195,0.860837453660024
"11",0.0148992454070171,0.563366608476143,-0.102914660492543,6.5743294493951,1.1661068002884
"12",0.0211347280736865,0.556601688427672,-0.105458366694308,5.74270098101184,-0.37227352948262
"13",-0.00674715198702283,0.542181822125331,-0.104876721416988,5.0625655441501,-3.4143366626683
"14",-0.0621771937488813,0.609295469623394,-0.0214831979082263,10.5549496705106,2.51518479339665
"15",0.0448125997112951,0.634689807004883,-0.0501916517812507,10.017680164153,-1.31830078015209
"16",-0.0238931189672782,0.626472531635957,-0.0462059529010548,8.30812176583186,-0.0152543665920046
"17",-0.00160732388650586,0.605950520628154,-0.0463957532030401,6.9439074987249,0.578036291549944
"18",0.0169036774135095,0.592957124659595,-0.0480101204225026,5.96953542425726,0.499282374654147
"19",0.00904908299796373,0.576449453761958,-0.0483833461013789,5.22998416682535,0.481783527512908
"20",0.00873193076470214,0.561071859704761,-0.048748807071484,4.6873040039483,-1.97185214910272
"21",-0.0357382007912937,0.572545718449805,-0.0336609029120042,4.91374672459477,-2.74883368409682
"22",-0.050224244213173,0.607956954516382,0.0049838472363918,6.64247035230905,-0.584289068503796
"23",-0.0104376057784036,0.590667833003328,0.00448401646572426,5.7244125013193,3.31780295172804
"24",0.0582709156105382,0.645097394047152,-0.0572466242309449,9.02499758591273,-1.48173725003541
"25",-0.0268552707594236,0.639700457661356,-0.051500512669705,7.64314746679234,1.38976912583391
"26",0.0269592288453962,0.634148193859171,-0.0572317132262457,6.62071410782262,3.59951516438076
"27",0.0652382562021616,0.701846904653473,-0.131786898559809,10.8980449163832,0.648778447874254
"28",0.0117585765493344,0.678212394909127,-0.131315757512935,8.84723485684912,-4.18697213248583
"29",-0.0758854312918036,0.776582072979247,-0.0212434814259522,16.0003329553692,0.504472521369953
"30",0.00897943252212918,0.74744304739095,-0.0219327665854302,12.5901963362149,-0.458506076065063
"31",-0.00831004607414295,0.719661397840719,-0.0222592562641495,10.0868997585572,0.641321483471319
"32",0.0101620008385999,0.694621562048044,-0.0229615061235521,8.25164825260755,-1.19431828441744
"33",-0.0216460380544487,0.679234805970222,-0.0209171114312246,6.95838475036652,-2.25883893280117
"34",-0.0452620286195943,0.697511951673792,0.000975184983441135,6.99722425836794,0.502908493548521
"35",0.0106541353123437,0.674610598835622,-9.27452939718058e-05,5.98629156963501,0.842964716904498
"36",0.0152780431973147,0.655397105385271,-0.00164801312334163,5.25382102543183,0.418832536564723
"37",0.00759099575314923,0.633886618293174,-0.00242995544118576,4.70365883338008,-0.605544898259919
"38",-0.0109750039687327,0.615414797178434,-0.0027243550918475,4.30370396072295,1.25359530698023
"39",0.0209496951135703,0.605137361533581,-0.00610712003177341,4.06848057021957,-0.58615006629194
"40",-0.0106234885675905,0.588694019766301,-0.00634576946790869,3.83789966986739,0.401420949720444
"41",0.00686853718715444,0.571931808615,-0.00708192200436554,3.66481206201171,-1.41208025586754
"42",-0.025592794946913,0.569335290316819,-0.00225309897757582,3.69581421336392,-1.62272170422211
"43",-0.032076491303374,0.574085654812317,0.00726390758180956,3.92571822637467,1.49762395530426
"44",0.0292479386362111,0.576171437923688,-0.00196874825785057,4.01376368091431,1.56798989842
"45",0.028418529175199,0.575733497179998,-0.00951715418505714,4.00945834611933,-1.8186558607855
"46",-0.0329616438801414,0.582591020383465,0.00178947943122241,4.23994432161022,0.500705161239484
"47",0.0114112924347123,0.568268806167926,0.000532331698766352,3.96623167741483,-1.35137191667229
"48",-0.0244925061565728,0.564850179494873,0.00470248474063732,3.89502650290214,2.14422488459219
"49",0.0364091023990023,0.577524724570003,-0.0123838783492124,4.39264742754419,0.632864657612836
"50",0.0114701521702694,0.562989750166811,-0.0133445394137463,4.07586036279837,0.964711562669801
"51",0.0174846047905086,0.553353349935682,-0.0155873423140837,3.87195056485701,0.395437777648405
"52",0.00716698496106437,0.539085520509264,-0.0162221688634559,3.68979842038537,0.121359238195845
"53",0.0021995365243257,0.52494662873384,-0.0167449230318034,3.55530076758395,0.332980480206807
"54",0.00603499773886564,0.512501126655553,-0.0173373313814907,3.45716484457896,2.80113665792935
"55",0.0507683014522594,0.554554129828186,-0.0669439539859315,6.36326446688306,0.717373693556372
"56",0.0130018090425166,0.542297351074495,-0.0674980995605032,5.52513218416855,0.174901662426163
"57",0.00316994899103445,0.528017762471211,-0.0674632057504433,4.90196713334103,2.72927023801539
"58",0.0494657816126227,0.566297521119287,-0.11097881060513,6.98386442199502,-1.51344979003443
"59",-0.0274300345025382,0.567095555633116,-0.103067151340292,6.21074800952361,0.31600141205248
"60",0.00706348916620749,0.552050502613644,-0.10277296407961,5.40620276191058,0.700252950736685
"61",0.0126915096395596,0.540226358352087,-0.103011681749016,4.82438596195896,-1.21786733430763
"62",-0.0220728452437213,0.536450432690025,-0.0987064788483231,4.48848830900768,-1.89179099373499
"63",-0.0298282102935325,0.54075525232922,-0.089332365125779,4.45090316783838,1.67532507473382
"64",0.0293154064311966,0.545285944685746,-0.0983223344475106,4.43652536826814,0.934653435716104
"65",0.0169398259251306,0.536310761535139,-0.0994603105289903,4.13215214201415,2.29212072144011
"66",0.0415428056398585,0.558299247346335,-0.123802519765199,5.07399127368757,0.0139869921201519
"67",0.000253502745164588,0.542684982791252,-0.123140265514558,4.57092049068783,-0.350263055120198
"68",-0.00634823021561416,0.529049839136729,-0.122396463653384,4.20245810438338,-0.393756661186839
"69",-0.00526995049801512,0.516109063868177,-0.121700372950475,3.93174799885233,-0.0281848930839823
"70",-0.00292108120667155,0.503710676083609,-0.12105282347368,3.73284794897035,1.45518168751598
"71",0.0278572655660428,0.508540298427458,-0.128847692323295,3.87098391579866,-0.0416811398879169
"72",-0.00075543642924862,0.496553970403787,-0.12812928893884,3.68823610229243,1.5581149409968
"73",0.0284851343205655,0.502604619181967,-0.136585550963481,3.87195291784029,-1.00378979652059
"74",-0.0181928656855073,0.498428348853345,-0.133236248371075,3.74656271533798,0.647429770272928
"75",0.00967927757895456,0.489261877501381,-0.132865235003601,3.60174201797319,-1.14618392137684
"76",-0.0207736422553578,0.487932445693147,-0.128380989749084,3.58626263792617,0.208116620382465
"77",0.000790171411809392,0.477432080223466,-0.12766912400353,3.47932662991324,-3.33998494612519
"78",-0.0605344841391058,0.54531843556952,-0.0337252710283588,10.4055096759947,1.83178710801758
"79",0.0306052962524255,0.551926606584473,-0.0450161943881002,8.88634113335378,-0.776894930913424
"80",-0.0140805825869634,0.541305023595227,-0.0441601908276202,7.38605597404195,1.3381423702218
"81",0.0203839954107289,0.535937802906965,-0.0474318102158742,6.34092279900262,1.18229348520335
"82",0.0214280984442281,0.531329331588732,-0.0509067378280756,5.58184485939675,-1.8984378082597
"83",-0.0344076261560695,0.543306937016592,-0.0359726491868044,5.56039467878907,-0.480294750108362
"84",-0.00513342602567901,0.529202741935545,-0.0362435873111816,4.92797689250679,2.72382227898051
"85",0.0478759630258404,0.564427979468475,-0.0762713991664284,6.7096603981085,-0.0689227403395332
"86",-0.00124916806488828,0.548459997354259,-0.0761282571865124,5.77107145195357,0.755549991647619
"87",0.0168357232288764,0.539572194424804,-0.0776242607376116,5.11428846675029,1.27823334062486
"88",0.023166929531793,0.536378300533721,-0.0816467527316418,4.71195046963456,0.17549785132111
"89",0.00318075442512689,0.522505975965313,-0.0814550805991619,4.30530337456339,0.685532626261331
"90",0.0124247158477166,0.512715363992264,-0.0819520157435435,4.01708743079913,1.34390952196838
"91",0.0243572563811606,0.512728749782997,-0.0870537460793545,3.94869012091224,1.71661163413429
"92",0.0311121760773385,0.520331389601591,-0.0976842871809018,4.14511025342129,-1.4658029751685
"93",-0.0265664751137072,0.52304946949125,-0.0899368323228694,4.12708124604949,0.866374544921933
"94",0.015979613633078,0.515719501018617,-0.0912805133446721,3.90802330341838,-1.59413164379126
"95",-0.0288923268407784,0.521218334112843,-0.0816779722122096,4.03931636742699,0.899001295363167
"96",0.0138007923179604,0.512627521521042,-0.0825608464801248,3.83015612697174,-1.45833155901429
"97",-0.0264310618319173,0.515390927191091,-0.0751810063885461,3.88736716204575,2.15346190744239
"98",0.0354140218834434,0.530164190275309,-0.0923700539548429,4.442515167603,1.09191257753146
"99",0.0197900187192613,0.524346309240864,-0.0945732388936912,4.16440256965613,0.103372537955709
"100",0.0018735423543027,0.511231533327358,-0.0942334037057896,3.90352800340925,0.592327253322505
"101",0.0107354450094181,0.501442658218076,-0.0943606075152969,3.71807472622265,0.499456759601832
"102",0.00905224358192453,0.491598021583229,-0.0942930310411058,3.57894870216782,-0.0894625914355462
"103",-0.00162143599736314,0.480871184108414,-0.0939527172219876,3.4739642293843,0.535578938990458
"104",0.0108921879324516,0.473379387039918,-0.0941597598873547,3.40423793459913,-1.42173384209139
"105",-0.0257677582690773,0.478183545221179,-0.0863757324590532,3.58672170227248,1.2562657205852
"106",0.0224716838357877,0.47950513159564,-0.0911825088704378,3.6235004234244,2.04268860092547
"107",0.0370220533051529,0.497982818209443,-0.111363286495495,4.43524241268533,1.1170526976927
"108",0.020245662750508,0.494842769227131,-0.113795133889171,4.17257896505078,1.32419786838379
"109",0.0239999988484115,0.495644192078526,-0.118497080292305,4.06085767857962,-2.54115067428498
"110",-0.0460562690158354,0.530340313719252,-0.0779899601925679,6.08663308245579,0.262025229459259
"111",0.00382037732187877,0.517202333018455,-0.0778672295797088,5.31412694592847,-1.15303946962137
"112",-0.0208978934370745,0.513867719880984,-0.0742758512935459,4.83294251278373,-0.556189020691328
"113",-0.0130770123099969,0.5048778388208,-0.0733875307272381,4.40575179797571,1.48467749775441
"114",0.0316420406378771,0.51464935467763,-0.085792869237556,4.56193380855596,0.149756673439486
"115",0.00271421671632529,0.502284520959353,-0.0855519072472492,4.19521671299963,2.08559419741515
"116",0.0377996820047064,0.520903313668648,-0.106250653076196,4.88239912856283,-0.797012373022621
"117",-0.0144451947034616,0.512838058004698,-0.104504663739737,4.45328666774511,-2.12760747145439
"118",-0.0409134195837096,0.535511301979761,-0.0787083060087935,5.34898523683493,-0.226614726213456
"119",-0.00147703376944202,0.521551698359798,-0.0785413515408318,4.77269257968159,-0.11350023287941
"120",-0.00544798208694915,0.50921300129042,-0.0783177591442851,4.35022504659857,0.841872158290813
"121",0.0162633385705228,0.502815114779416,-0.079825615680182,4.07270508729452,0.884465435663259
"122",0.0160302096417707,0.49645401764129,-0.0811606951900215,3.86505058645564,-2.58808415092005
"123",-0.046906899735071,0.532492978921088,-0.0393197555550967,6.075558824621,1.06343577193895
"124",0.0199315326581776,0.527888237728154,-0.0427861770943542,5.38394462980446,0.226415191063842
"125",0.00410358939138555,0.51476528446549,-0.0430329342182361,4.79842691318665,0.888116413495799
"126",0.0160963806165688,0.507732470364468,-0.0448011161708187,4.39827170526811,0.546449447207872
"127",0.00990394745138114,0.497728023484825,-0.0453469494987075,4.07905688706577,-0.0495540148891582
"128",-0.000898125822937264,0.486514810305558,-0.0455461453749793,3.84090547882982,0
"129",0.00123229359814178,0.476121186601629,-0.0457444415050681,3.66616663808063,0.173331725951709
"130",0.00314149518176729,0.466652500651232,-0.0459525636994219,3.53800346492101,-1.94860025136878
"131",-0.0353167792408127,0.484167527084551,-0.0269057941583758,4.29804378166203,0.540915841809939
"132",0.0102972061242777,0.476444549676652,-0.0278462034273528,4.00883424470159,0.0125446904762128
"133",0.000227362212378616,0.466746425144624,-0.0282381540414097,3.78938020146877,-0.983242510989293
"134",-0.0178204630099985,0.464479633713002,-0.0261649454782939,3.68340272533187,-1.36473006458064
"135",-0.021486679837935,0.465134408428825,-0.0224260768963332,3.6610643476621,0.537911133092822
"136",0.00749893195293225,0.45757249282081,-0.023091980556696,3.53633621437821,-0.525070041582387
"137",-0.00951646328255555,0.451213018857282,-0.0231335715493217,3.44761804439363,0.537842249275847
"138",0.010009337971823,0.445536021835581,-0.0240598556097408,3.383868496909,1.48319889553305
"139",0.0268817618836715,0.453174508167141,-0.0333624236984173,3.63497361059572,1.11369479946457
"140",0.0201848036028441,0.45337815940891,-0.0371650593753655,3.602144608524,0.248570846357318
"141",0.00450514244793766,0.445711554952703,-0.0374868257810486,3.4911484817552,-0.398010475662672
"142",-0.00721361299970874,0.439363943570441,-0.0375920686836965,3.41123109137483,1.61941854133428
"143",0.0286286526760287,0.449867757598974,-0.049194480276142,3.77187520982667,0.379414199723405
"144",0.00687657077076152,0.442948346537387,-0.0494699123159608,3.61647466819734,-0.354892375176791
"145",-0.00643213283974598,0.43658394197646,-0.0494918161090961,3.50261227619285,-0.294659513380513
"146",-0.00329563043024922,0.429983379770239,-0.0496305381824042,3.41801237800795,0.502852595744738
"147",0.00688453075654926,0.424667678821671,-0.0499477385633658,3.35736916043584,0.658458664862513
"148",0.0119340225322329,0.421669052889714,-0.0509214815454983,3.32418996873739,0.497061094931889
"149",0.00900882412725497,0.417570903252286,-0.051403909988589,3.2910274839663,-1.22895018776652
"150",-0.0222737128607151,0.422795005909246,-0.045736798402577,3.43535943580382,1.0594996509727
"151",0.0188126399886106,0.424799629292976,-0.0495087674415507,3.45922008048073,1.19213887028923
"152",0.0216065379632492,0.428416423682331,-0.0544756064519307,3.52073595133521,0.763180427339524
"153",0.0138320184729146,0.426019019098509,-0.0557747527258152,3.45236723464111,0.414913759841182
"154",0.00751997114338526,0.421087953073572,-0.056051300380941,3.382909958795,-0.545671579363088
"155",-0.00988984923552929,0.417523575687193,-0.055622310502782,3.33688906559764,-0.202417167404503
"156",-0.00386690149015865,0.412375820914917,-0.0556833604126277,3.29647824218313,-0.214771589536142
"157",-0.00367870848555394,0.407588241651546,-0.0557449070361482,3.26681995261127,0.059705058791909
"158",0.000666709581014886,0.402882556255046,-0.0558305761802359,3.24494045151723,-0.971638424444624
"159",-0.017610148471395,0.405083760736736,-0.0529498253046363,3.29946527327271,0.336943760416181
"160",0.0057870781690607,0.401337648858472,-0.0531883551848548,3.26989963210816,1.24165874105546
"161",0.0225040449519998,0.407700139963911,-0.0594265223859992,3.43284955546844,-1.20562486882603
"162",-0.0218509606111636,0.413469622541155,-0.0536014477925729,3.54219586480557,-1.43939588252686
"163",-0.0244349964141471,0.420567471104996,-0.0464705817268592,3.67903255645585,0.619422640016623
"164",0.011007228714071,0.417688509231221,-0.0474205725432476,3.55893788371278,0.434940881382792
"165",0.0078829462737729,0.413491253422962,-0.0478303116761134,3.46164969729734,0.168634104043641
"166",0.00305635464267139,0.40852694959402,-0.04801560751914,3.38794321009263,0.468272453211005
"167",0.00848705363913914,0.405247843006379,-0.0485040749254732,3.3374097843128,0.40645602879254
"168",0.00736668171415875,0.401802062597985,-0.0488706344792179,3.29869212817255,-0.442399238908128
"169",-0.0080181228786391,0.398911074161075,-0.0487369234158964,3.27157483833943,-0.878623934772504
"170",-0.0154401892963136,0.399776834185387,-0.0469316117406351,3.28928147732119,1.54744286166367
"171",0.0278614527475148,0.412399417255394,-0.0593306162482581,3.72757354919532,0.237783966514504
"172",0.00430963910966274,0.407640916075381,-0.0594054985775771,3.58315646450544,0.284596421190833
"173",0.00515807640528719,0.403466647514661,-0.0595205364419335,3.47752268028784,-2.1665818442426
"174",-0.0392675165912147,0.43186450154754,-0.026593221205345,5.15114565504213,0.87947076111389
"175",0.0133210259075724,0.429562339999209,-0.0283480647092835,4.65222899220609,0.800434355427765
"176",0.0145072153242039,0.427566419991937,-0.0301633844648437,4.28812329639856,1.22991143552368
"177",0.0222911346868755,0.431682426683412,-0.0358274995833445,4.14730532678446,0.550901000616608
"178",0.00998462820101393,0.427166613716114,-0.03656138749295,3.89635164943142,0.710503250993064
"179",0.0128772879135039,0.424447672804289,-0.0378733449215758,3.72376434124312,0.150768367208298
"180",0.00273255283501733,0.418643277298064,-0.0381629602634772,3.58024088844144,0.0347604429663029
"181",0.000630004481263636,0.413133612688051,-0.038441672372568,3.47490742950853,0.0579072342315051
"182",0.00104952106331893,0.408038207930876,-0.0387178062910763,3.39762158504059,-0.220226110450228
"183",-0.00399141738813292,0.403629259833981,-0.0389560323999274,3.34109821214606,0.162318876218723
"184",0.0033159478491325,0.399441753567941,-0.0392469510775929,3.2995367177175,1.10600205749362
"185",0.0200453789723927,0.403774261549818,-0.0438949198633651,3.38771952950723,-0.0802338285921161
"186",-0.0014541722500767,0.399403056126302,-0.0441073190960525,3.33365613653174,-0.517331728022055
"187",-0.00889779930859064,0.396945160008571,-0.0439373483700814,3.29859267552371,-0.531608786929144
"188",-0.00913856744834782,0.394705090520909,-0.0437516655464787,3.27314968919066,1.22079139072127
"189",0.0206680109664376,0.400113758441873,-0.0490217190742106,3.39323346351477,-0.424434247714559
"190",-0.00769252216725628,0.397315864347339,-0.0488936108121644,3.34083656416121,-0.587999618849652
"191",-0.0104369099125173,0.395587978034158,-0.0484501951046409,3.30771000340329,0.392383654049461
"192",0.00842259001481903,0.393309894387978,-0.0489714723409308,3.279117699336,0.528433165336792
"193",0.00957741713859171,0.391507217072582,-0.049601625388734,3.2600224787197,-0.206445766635829
"194",-0.00374165997379729,0.388278143163384,-0.0497206256737041,3.24013483114564,1.4475661671456
"195",0.0270294276153215,0.400510948207781,-0.0612671500358955,3.6501772000455,-1.47053091635664
"196",-0.0266521651648544,0.41191030999928,-0.0503610547059702,3.92813205004372,-0.645163528148873
"197",-0.0122798785821372,0.40982834685285,-0.0496451796871033,3.74372586381203,1.38883150554345
"198",0.0270325360169723,0.42068394258499,-0.0604903970336934,3.98513964953928,1.50463837532638
"199",0.0272703348474525,0.430210906824045,-0.0702773448842728,4.11725208418845,0.0673476285417626
"200",0.00122062045713631,0.423868475567856,-0.0702033407260128,3.86893006600763,1.65808060549954
"201",0.0300513492527606,0.437074496127176,-0.0837267010447608,4.22438018664319,-0.243094042364968
"202",-0.00440587987347824,0.430743495753785,-0.0834465760076841,3.94790674650586,0.320318382900871
"203",0.00487381599750114,0.424871138726093,-0.0832872884077025,3.74506124902265,0.176289159802941
"204",0.0031950962414869,0.419108258287829,-0.0830851738487727,3.59590270407924,0.778555388316199
"205",0.0141106770137148,0.417740814850222,-0.0842875228069095,3.51277331289337,0.598967214074152
"206",0.0108557888448809,0.414669308254541,-0.0846706564108748,3.43399837524878,-0.489796897554721
"207",-0.00887716651561761,0.411184011830529,-0.0840506543878196,3.37228789391005,1.31160083060616
"208",0.0244060074893159,0.418990741622626,-0.0916170921659108,3.57825243612071,-0.539899810548104
"209",-0.00978524066590371,0.415664495688287,-0.090761875052871,3.48085241666455,0.399806032584006
"210",0.00663485985049526,0.411346147911123,-0.0906260974900449,3.40346345925553,-0.0755164823632359
"211",-0.00136867422386491,0.406404180019036,-0.0903266227924853,3.34520346851527,-0.454300402769871
"212",-0.0108521346694136,0.404255925980329,-0.0893533187476384,3.31233730312495,-0.685343993368627
"213",-0.0103362454744819,0.401957627062063,-0.088507579192005,3.28602115185954,0.054564305386065
"214",-4.15730362770065e-05,0.397648319035638,-0.0882331135733016,3.25902878776245,-2.07238457271919
"215",-0.0375602684056814,0.423531876629193,-0.0586823931783495,4.73431828363325,1.96322617305798
"216",0.0355951993353836,0.445535551077908,-0.0827336446383277,5.46849746407613,-1.79629051579418
"217",-0.0325562903700265,0.461422825421364,-0.0654698123611878,5.5875746664946,0.454874030003399
"218",0.00596632357020475,0.453721865626703,-0.0655730276559913,4.94878423104536,-0.0664378277123082
"219",-0.00120413106428912,0.445703946288712,-0.0655494917750182,4.47905370929243,0.882228924620393
"220",0.010231831541707,0.440456573329478,-0.066029252571697,4.14100559136471,0.0439077943387781
"221",0.000795792712499327,0.43336968316172,-0.0660018369839359,3.88635869108461,0.830605868197075
"222",0.0150540492143701,0.431578696460228,-0.0676268518361262,3.73187663674406,1.19010384415412
"223",0.0215696547858441,0.43473325430435,-0.0723024388003371,3.71736491043561,0.0645091947970355
"224",0.00116917617661659,0.428065328668266,-0.0722062268934386,3.575519926318,-0.0107486429941711
"225",-0.000194810326795758,0.421867921550046,-0.0721108391151657,3.47144343090677,-0.820296019000286
"226",-0.0150155749338824,0.4208914177153,-0.0703056864159837,3.4289786386825,1.16368083972672
"227",0.0201542986118305,0.424049885390529,-0.0745560440954622,3.48066087628676,0.384903714800068
"228",0.0069760637231849,0.419067666455093,-0.0745798179504883,3.4031039930304,-0.674556870164135
"229",-0.0122257892824482,0.416752034690653,-0.0734957315270117,3.36068332758892,-0.118247796632441
"230",-8.71224790056064e-05,0.411372428625666,-0.0733861836585802,3.31381084800314,-1.10319094174365
"231",-0.0219219022490765,0.416559485771009,-0.0677464119496341,3.44148970440088,-0.425045596596417
"232",-0.0078697534157303,0.412376162598393,-0.0674849836001017,3.37523553855118,0.945710619232035
"233",0.0182714681096123,0.414495043299579,-0.0707085513821351,3.40480427616708,-0.607706699331122
"234",-0.0110141848377389,0.412004782509275,-0.0698713541187043,3.35763943651024,1.40512471789585
"235",0.0265480082181368,0.422122454037052,-0.079828174120618,3.66977605225833,-2.03845288853441
"236",-0.0369452844967031,0.44602418712862,-0.053162404528912,4.84865270655641,-0.659415511751302
"237",-0.0140711687580632,0.442330943039183,-0.0521565956121127,4.42484385433557,0.900115846781041
"238",0.0190169815971888,0.442967723182478,-0.0556528660570857,4.1783729719231,1.11927275515667
"239",0.0202858994687891,0.444114300220377,-0.0594662288920999,4.0095068918758,-0.0216146115615073
"240",-0.000391747083249864,0.436767134152615,-0.0595106010000443,3.78987394483207,-0.0540569773691241
"241",-0.000935833703161349,0.429957518411153,-0.0595543061370824,3.62872238974193,-0.9562172174651
"242",-0.0181792011354208,0.430609429337414,-0.0566533657352161,3.58040176920341,-0.382869799870895
"243",-0.00779359635539889,0.425407096448854,-0.0565249253047363,3.47701392947061,-0.913851666691218
"244",-0.0157051894516989,0.424532004198051,-0.0547190320379799,3.43768365274284,0.529510338140397
"245",0.00888414407465199,0.420369896712679,-0.0552018784443159,3.3749666388067,0.887239513174014
"246",0.0160804875184031,0.420096293088462,-0.0573444058558041,3.36746656513713,-0.524820797886481
"247",-0.00951194594526216,0.416510091438976,-0.0569328304051049,3.32500512861703,0.492100069012981
"248",0.010302909688365,0.413471930570148,-0.0575977698557681,3.29587782808807,-1.08583463343559
"249",-0.0196798609741203,0.416689303949955,-0.0535763864628634,3.37450115114717,-0.6638661247948
"250",-0.013261512821853,0.414841363053522,-0.0525785669694339,3.34292399448466,-1.53255418588848
"251",-0.0259680171553323,0.423620117548042,-0.0438674637567058,3.60320988902289,0.416221985667137
"252",0.00558429269911753,0.418519865005274,-0.0441949683100419,3.49265021527822,-1.10623094470331
"253",-0.0200495273650915,0.421612922715126,-0.0402198813834122,3.52245905070758,-0.569153499978808
"254",-0.0114832386547656,0.418500455944524,-0.0397799499454718,3.44272871432131,0.387376581031826
"255",0.00894490571090874,0.414768556663993,-0.040433261915273,3.37877073360753,0.363224008873721
"256",0.00658313685803198,0.410405368764872,-0.0408242584590911,3.32825595576203,0.260254743785762
"257",0.00471690349326375,0.405932237094682,-0.0411248515393328,3.29033295737932,0.282119467150456
"258",0.00511318364753855,0.401870382954439,-0.0414390133584181,3.26265313221603,0.774545040732635
"259",0.0140379927573169,0.401686209351806,-0.043156680975991,3.26970111779062,-0.0111825552255182
"260",-0.000202674629632428,0.397400511474645,-0.0433803806883115,3.24705428115904,0.346079050413177
"261",0.00642487894088034,0.394295782785001,-0.0437486168398557,3.23172217483476,-0.0111451657958769
"262",-0.000201996976926772,0.39054243229849,-0.0439658475330741,3.21918787440374,1.71284368767783
"263",0.0301903557407897,0.406369479571299,-0.0598089241177357,3.85733367654868,-0.0767249448500137
"264",-0.00139057661397101,0.401820102356415,-0.059845844558792,3.67822946231465,0.905971377047979
"265",0.0159268101712873,0.402910365266423,-0.0620945002634183,3.59444628669551,-0.413763656505153
"266",-0.00749912646495826,0.399816356254324,-0.0618542987134645,3.48802201270393,0.879914427436536
"267",0.0135238974480778,0.399613827342458,-0.0632696280971725,3.43311626485943,0.754232645606087
"268",0.0136698472774872,0.399291086650992,-0.0645995278453628,3.39111904564355,-1.20951798489751
"269",-0.0219215201426831,0.405584606558491,-0.0586040215420288,3.5161181997389,0.433652023901485
"270",0.00984224062830617,0.403233353267352,-0.059234000469645,3.435797124514,0.818793628536557
"271",0.0148399620714905,0.403384596842964,-0.0609866481293497,3.40268387352396,-0.94869189317561
"272",-0.0171942614373043,0.405431312569815,-0.0581341851930944,3.4125243141442,0.346021106489566
"273",0.00886971230063916,0.402655834189152,-0.0586088202948657,3.35698370050612,-0.172860890061782
"274",-0.00313296166794293,0.398525360439442,-0.0586434388979617,3.31118254263057,-1.7452449951226
"275",-0.0331826418343846,0.417707199780643,-0.0386769412760166,4.17811508423467,-0.861979035854903
"276",-0.0134029781559015,0.415729397277013,-0.0378731173593455,3.93187209340961,-0.0222000222911953
"277",-0.0017556635824043,0.410471858586049,-0.0381531240929425,3.73291417383027,0.37673174750788
"278",0.00592906307942014,0.406298814662228,-0.0385434420328321,3.58781884374091,-0.643517143627138
"279",-0.0116632197307753,0.40460973383186,-0.0379453343520685,3.49428099127649,-0.390342323542085
"280",-0.00726705690363734,0.40116260621405,-0.0380372294210214,3.41363411023671,-0.178950948101918
"281",-0.00358051618754193,0.397162302568831,-0.0382948522756149,3.35276698384095,-0.978690527356693
"282",-0.01879121122765,0.400627378833962,-0.0349365992800806,3.40061294192503,0.810632675914988
"283",0.0155551082534872,0.401765924038254,-0.0374453584515592,3.39036077088608,-0.573518580741494
"284",-0.0103945532657731,0.39988449106177,-0.0370696782544063,3.3451482388392,-0.418150578200135
"285",-0.00842502892065408,0.397161725961315,-0.0370541068515307,3.30583139411194,-2.17524317999044
"286",-0.0375661942036015,0.4228485984516,-0.00835258769041102,4.74915368846304,0.427326399538847
"287",0.00540719516333741,0.417812674009135,-0.00907240466398024,4.33348929842799,-0.346340683305948
"288",-0.00627714044778367,0.41321683932824,-0.00953766466920531,4.02871418971859,1.52639676687321
"289",0.0260404905810928,0.422581921199801,-0.0194634921239725,4.12950403897252,-0.330842809333126
"290",-0.00599625420987231,0.417666398801817,-0.019811032913317,3.87908394755631,1.81184890768887
"291",0.0302785246918526,0.43177919118646,-0.0346950490587248,4.27479669253192,-0.416081567386507
"292",-0.00754113669606601,0.426698414203691,-0.0347531835262073,3.98725469662891,0.191387618228422
"293",0.000835404868353574,0.420618917362348,-0.0350697115797446,3.77354716959388,1.45156635354998
"294",0.0263084480388965,0.4296030050095,-0.0446154889535177,3.93765768262194,-0.244173262269019
"295",-0.0044254398479147,0.423802418640206,-0.0447652399072996,3.73752738733421,0.244173262269019
"296",0.0065619840243154,0.418846918400076,-0.045118496543023,3.59160093627373,-0.388738202653356
"297",-0.0070455606663989,0.4144026472449,-0.0451327114639184,3.48502668272671,0.177896422277279
"298",0.00118218954333857,0.409228957208602,-0.0453359221334408,3.40504763755339,-1.13954981326468
"299",-0.0206534044941789,0.413447335984303,-0.0408581082878002,3.47596752251722,0.325312979698522
"300",0.00505730622672575,0.408931329484214,-0.0411906355126366,3.39900347984557,-0.493994492846479
"301",-0.00895324448294682,0.405849984226201,-0.0410438963168634,3.34668205727475,0.74007962821873
"302",0.0119483305293645,0.40436532101735,-0.0422427729317405,3.31905148248081,0.679176468119609
"303",0.0123095157014817,0.402979015755261,-0.043429550072574,3.29880131554716,0.232751559770847
"304",0.00421843087036847,0.398933488834468,-0.043684848942088,3.26859240269914,0.265340122510492
"305",0.00480907180621099,0.395316921112418,-0.0439610893383149,3.24661519656298,-0.564691751343154
"306",-0.0102345742320854,0.393744228096251,-0.0435629636539262,3.23874329854221,0.730172510601641
"307",0.01306433729867,0.393747270184117,-0.0450867958665474,3.24795514754789,0.231213975837952
"308",0.00419056342434711,0.390362574207033,-0.0453240061776612,3.23128576723961,0.504608354628885
"309",0.00914561201097028,0.38863399653996,-0.0459478055440056,3.22414257022436,0.0874986384162738
"310",0.00158584096181275,0.385330789173209,-0.0461425321845915,3.213629663379,0.0655737728414915
"311",0.00118847077937273,0.38225230943484,-0.0463343852933573,3.20591425123219,0
"312",0,0.379368048528539,-0.0465232271410313,3.20025175579898,-0.109313522035277
"313",-0.0019812178116285,0.376775569361437,-0.046705382771704,3.19610971649746,0.567129887399488
"314",0.0106042541709038,0.376685547534764,-0.0476118704151169,3.20378327797525,0.412416473420646
"315",0.00747470987794455,0.375327357316468,-0.0480181641360512,3.20104299732482,-0.29285773954412
"316",-0.00530780601571712,0.373571641932679,-0.0480913195838321,3.19741786097097,-0.566450316359933
"317",-0.0096594301934245,0.373252525560099,-0.0477300952655471,3.20113731480006,0.261837374119138
"318",0.00421347539985294,0.371427249160705,-0.0479549618375971,3.19706303670397,0.0980125316687647
"319",0.00177639664233207,0.369387283575974,-0.0481290077724365,3.19376452485238,-1.31479926254103
"320",-0.0238296568362481,0.379494355156615,-0.039912448355097,3.47359093940301,0.066152152357285
"321",0.00196011555452631,0.376930791697714,-0.0401799527859863,3.39668182920606,-0.353318243226246
"322",-0.00640360299092028,0.375309730046707,-0.0402765471392167,3.34166149826738,1.46036084197508
"323",0.0254779666372772,0.386802937703202,-0.050635632591879,3.66173169792091,0.108944340223036
"324",0.00197452669447736,0.383637946829818,-0.0507792155036349,3.53470396102706,-0.185276059757208
"325",-0.00335797642254054,0.380897403263194,-0.0508964335252313,3.44160250226447,0.457118775959152
"326",0.0099981758205304,0.380254414149326,-0.0516350949999605,3.3815668156758,-0.163016935519379
"327",-0.00295454807634741,0.377722952004252,-0.0517474832676261,3.32921317473989,0.260699691428025
"328",0.00556308282877477,0.375834549908926,-0.0519826164023924,3.2915487741658,0.670345249979277
"329",0.0121494571254497,0.37648949802927,-0.0531612896244405,3.28080787886256,-0.129394022797953
"330",-0.00234516039655952,0.374161509547835,-0.053265005389835,3.25523993720434,0.247858308904574
"331",0.00528211252528522,0.372463066905323,-0.0534691039850546,3.23712567119381,0.42960005927095
"332",0.00778614825922077,0.37153969842834,-0.0538568159433872,3.22614774426887,-0.699040325742836
"333",-0.0126695318074314,0.372906589554916,-0.0526766807922874,3.2382749395894,0.226378579941464
"334",0.00500228877582399,0.371278199111265,-0.0528829896466149,3.22463591522955,0.676077050672445
"335",0.0122533413056918,0.37232124315862,-0.0541019045717341,3.23284686207704,0.0106946152714074
"336",0.00019383111869169,0.370155405013659,-0.0542054134673026,3.22001308606123,-1.14004246142216
"337",-0.020662333337439,0.37719250646823,-0.0488773771453405,3.36873287108516,-0.0324552391013491
"338",-0.000898945982136404,0.374680089276477,-0.0490381957398355,3.31971712213636,0.84043162494252
"339",0.0144881151883167,0.376799783754288,-0.0510408974188631,3.32120382598354,-0.667458608842113
"340",-0.0120971391255331,0.377545746251825,-0.0500469122626701,3.30436890178124,0.183456588442009
"341",0.00487353688984189,0.375551331790594,-0.050273865938382,3.2730517488103,0.0215610177635592
"342",0.000390775739676712,0.373153748954386,-0.0504194458330067,3.24951272273782,-0.10785160665801
"343",-0.00195472179603401,0.371009192262315,-0.0505588200487639,3.23225400537759,-1.27058233171243
"344",-0.02130907490423,0.378524473717238,-0.0447979117791058,3.39633872747495,1.13020111973779
"345",0.0197295915232095,0.384481008989405,-0.0498466955594915,3.47572507564482,0.205106133328112
"346",0.00371738022028754,0.381674619243485,-0.0500189949048053,3.39832310784029,-0.291592625205529
"347",-0.00528487685732303,0.379438926209617,-0.0500772594077968,3.34209756107755,0.205283417128942
"348",0.00629271001512,0.377622667508334,-0.0503795548448277,3.30154821786957,-1.97292354940111
"349",-0.0357576190417995,0.402329597992196,-0.0229615781658893,4.64978055388187,-0.386036987431579
"350",-0.00663331051790398,0.39875172866619,-0.0232907728410129,4.26060507609846,-2.16719831341994
"351",-0.0385530052537864,0.425961125154861,0.00750648269293645,5.60411871241489,0.293189204157024
"352",0.00321553125291127,0.420239486518282,0.00669626067668084,4.96004585802557,1.6638204152527
"353",0.0301553785906375,0.433794471382317,-0.00794201441018538,5.03925514792395,-0.934586241823776
"354",-0.016938608091016,0.433657560765915,-0.00596005641816969,4.60443948558495,-0.111844324375679
"355",0.000886116033232275,0.427084774797076,-0.0065932694239955,4.22639636797547,0.190060988511941
"356",0.00269470636668901,0.421109295669784,-0.00722824360541132,3.94904611793866,-1.06676661510124
"357",-0.0193342688016873,0.423372220468691,-0.00415414484848404,3.84006815362503,-0.975617494536475
"358",-0.0151928361232633,0.422179628647524,-0.00316170053798793,3.69771437939495,-1.68998676382182
"359",-0.0310505296099927,0.436468560293936,0.0108984483046541,4.15895458369821,-1.7308349291155
"360",-0.0325774627333603,0.451372401925417,0.025848533289633,4.5545848749988,-3.86027609140598
"361",-0.0691365409542288,0.543012263078617,0.172028398204356,17.0618771559267,2.05091831542988
"362",0.036319773344005,0.558401327023442,0.151072907662605,14.169723740607,-0.977737283829494
"363",-0.0177206852889721,0.549929319158787,0.150776914223435,11.2882231878582,0.58055315453206
"364",0.00847481827136743,0.536554081072608,0.148191404178826,9.13285533405439,-1.00600812074041
"365",-0.0182330709901617,0.529668519235134,0.148057010179138,7.59620054759299,3.68330527928148
"366",0.060145849969973,0.593590232410847,0.0662268450958049,12.0855035292736,-0.482552575289119
"367",-0.00874586912405471,0.577466987886434,0.0650897369494277,9.71865005458075,-0.11804983073207
"368",-0.00450881543660504,0.560861710392226,0.0637028009857979,7.97898487409084,-1.71555315379824
"369",-0.0262918534213536,0.55960810384082,0.068244922562141,6.8806269054372,1.09943746075796
"370",0.0136937729542926,0.548147125303504,0.0658555260660554,5.91180209872026,0.284832853381775
"371",0.00516236154457477,0.533773506565851,0.0643936619930568,5.1858800132763,-2.4473390354434
"372",-0.044356010105954,0.561778477943356,0.0941928097140448,6.28060107067104,-1.70253362181145
"373",-0.0277062632629935,0.561237304648752,0.0988674077995763,5.65340865998129,2.17506130784474
"374",0.0368043380402804,0.574885551600791,0.0799721203469296,5.72657703590321,0.0724987948622885
"375",0.00131398111622841,0.558075011616908,0.078395605779951,5.04974387334154,2.52845908605576
"376",0.0458262444023252,0.586908265216225,0.0449008508440667,6.23176331933222,0.141226338642905
"377",0.00255961140379418,0.569282459612682,0.0437081176997356,5.42041845691268,0.854856192479081
"378",0.0154935664260631,0.557922692257926,0.0413410185826581,4.84597558743847,0.90540374742468
"379",0.0164096993465646,0.547840651188733,0.0387938985563463,4.42944395792107,-0.231374466940729
"380",-0.00419347219377935,0.533404876827668,0.0377007987721453,4.09815618517897,0.554401974411609
"381",0.0125112967217709,0.522942246223267,0.0358794062720705,3.86539962456912,0.448199336744676
"382",0.00812324488851499,0.511201215409662,0.0346069604783765,3.6858265128274,0.400526941576801
"383",0.0072592218777194,0.500060137502184,0.0333925324295518,3.55354192175752,-0.343210495919866
"384",-0.00622040837212116,0.489508256781853,0.0324282462308832,3.45609080792912,0.160311496602619
"385",0.00232467612068786,0.478990906650329,0.0313682698214839,3.38383190897997,-0.815674578094075
"386",-0.0147834318437844,0.47376425467643,0.031687843066748,3.35580938972091,0.918596423762416
"387",0.0161710155685316,0.469984150115435,0.0287541806596935,3.34888553987579,-0.332017020323924
"388",-0.00601753581974331,0.461596881693871,0.0278485045635455,3.30600735037079,-2.93248846482695
"389",-0.0542934582003772,0.515161589051816,0.097132089015667,8.07941135759915,-0.806264742335083
"390",-0.0126274432656376,0.505534234212383,0.0959586714634302,6.78432131261188,0.380228594973855
"391",0.00472670536864243,0.494251895947985,0.0941597027274506,5.82612542257822,-0.17805215695674
"392",-0.0032270491170134,0.483498000051321,0.0924419083616128,5.1228442545845,-0.225988796743751
"393",-0.000974749896837518,0.473307375030393,0.0907288054573457,4.60676584199598,1.54785390749709
"394",0.0271843785854819,0.479509685392203,0.0804689802650534,4.51844194877595,1.33933173076671
"395",0.0242742876752055,0.481569480512365,0.0732743422695511,4.32855147583193,1.51552843282897
"396",0.0274677081960748,0.486973905363651,0.0635851393935371,4.29731087885094,0
"397",0,0.476519299191097,0.0621887864199915,4.00104489679763,-0.205315459372254
"398",-0.00372117408292567,0.467109039888767,0.0608294287113264,3.78376521464819,0.841392115553286
"399",0.0158353035690594,0.46344304346224,0.057717726184802,3.65906058364011,0.135777346046034
"400",0.00246085288803737,0.454785513301426,0.0563812697955763,3.53275227112685,-0.0565514916388898
"401",-0.00102494934225037,0.446678404141896,0.0550645600453148,3.44006416509917,-1.70008088015103
"402",-0.0298527323460058,0.457986996454169,0.0660870728618704,3.84374029796582,-0.0690687261255318
"403",-0.00245832797680645,0.449701923506961,0.064666334465218,3.66825306986777,1.73520335418254
"404",0.0318721420872852,0.463515750285758,0.0483192525007247,4.14903481055508,-0.704148281384863
"405",-0.012762109308463,0.458522156912405,0.0481328681931324,3.90975848414439,1.82952590228773
"406",0.0353948017171931,0.477004902610955,0.0267265755513707,4.62689130406677,0.223563696960882
"407",0.00405190840259886,0.467512570128335,0.0257184122498926,4.24293934173263,0.789638757950946
"408",0.0143115539859721,0.462754617616708,0.0234868367398878,3.98348697676116,-0.14411620475613
"409",-0.00261198785375336,0.45422143050276,0.0225413687089048,3.77081979763706,-1.18291748733353
"410",-0.0243212407360604,0.458611705492275,0.0280697715348906,3.81464005478019,1.07191736493646
"411",0.0211809879518798,0.460106124840465,0.022553745799383,3.77033576476429,0.421146582792763
"412",0.0076329359405896,0.452702968529308,0.0214389841344252,3.61593564195178,1.01233258903938
"413",0.0183476967840224,0.451745767319833,0.0177588831827821,3.56482699501846,-0.0876232257596435
"414",-0.00158809900509223,0.44391245985554,0.0168691543974594,3.4636055999096,0.524591366976947
"415",0.0074532492087559,0.437753455490015,0.0157897384340098,3.39121742633836,-0.218245394352991
"416",-0.00395551853556134,0.431208654998264,0.0149511557574949,3.33638827751048,0.316300639993482
"417",0.00459912684892407,0.425244984904889,0.0140391739428397,3.29628885850682,-0.218031264830897
"418",-0.00395163761383025,0.41959547889594,0.0132199021621802,3.26673666938133,-0.295098306942182
"419",-0.00631319426670614,0.414834980457993,0.0125007657865317,3.24590314190323,-1.92292365497031
"420",-0.033888325938418,0.433755296557102,0.0316448461626277,4.12776888363419,-0.022318937711216
"421",-0.00118464285147993,0.427152180272398,0.0305994247754745,3.87664647111045,-0.346582045175972
"422",-0.00597338356363581,0.421770214448359,0.0296700495491242,3.69320679285955,0.580682815373329
"423",0.00921116277882048,0.417866887369568,0.0282367813752689,3.56283133184721,0.776401415622106
"424",0.0140716380276146,0.416501556260694,0.0258496722167447,3.48756400924075,-0.687364125377148
"425",-0.0124579102650464,0.414563074564813,0.0259269888161617,3.42479437331461,-0.703324138418417
"426",-0.0118206230795032,0.412189125007816,0.0257534944986094,3.3733441217135,0.179091160471077
"427",0.00280360143099456,0.407332128586042,0.0247583136180183,3.32315847662162,-0.34728091812061
"428",-0.00629418143161842,0.403486336354826,0.0239246073938307,3.28743806607725,-1.01512263539529
"429",-0.0174158891843875,0.40540683103168,0.0257640547669502,3.32545608659671,0.192536443191836
"430",0.00406496804080221,0.401254031982208,0.0247380238401245,3.28822964027246,0.305033281762292
"431",0.00552847771908693,0.397625435155048,0.0236799073855061,3.26130245491695,1.41131374764647
"432",0.0255789026149117,0.407379561166048,0.0135814017894925,3.55751897528763,-0.781602907098945
"433",-0.0141659107888346,0.407210968267917,0.0144028831809704,3.49102298215454,-0.145829853652518
"434",-0.00345225045359615,0.402737475310472,0.0135641892535497,3.40951997802273,2.27522161188685
"435",0.0421041546758338,0.436033297502311,-0.0279294133822443,5.66502479823304,-0.021949078226835
"436",-0.000397809016873495,0.429287044492683,-0.0283196968814857,5.0045820717372,0.601851135521085
"437",0.0129633193680236,0.426563788231491,-0.0297814258903454,4.53823677917994,0.0763400440586245
"438",0.00138360060323223,0.420501961937433,-0.0301528701442485,4.17782115116363,-0.733084961492822
"439",-0.013286562870766,0.41860411821993,-0.029320832103967,3.93446626506168,0.918239945500542
"440",0.018928786831753,0.420873909577182,-0.033300564343684,3.82635841463589,0.445144864041878
"441",0.00806788507930522,0.416459722346473,-0.0338665238157115,3.65787977330525,0.37844019864421
"442",0.00685891780111314,0.412055338317005,-0.0343482840463624,3.53326420505373,0.998666018066277
"443",0.0181000014089977,0.413859498608161,-0.0377115962397976,3.51348869682582,0.394561962154697
"444",0.00715111152451665,0.409674859762845,-0.0381604802736401,3.42743224260176,-0.11713967581942
"445",-0.00212306042162769,0.404914322796386,-0.0384330789466108,3.36280491829769,-0.213333414242031
"446",-0.00323542690667965,0.400607165134076,-0.038691151919771,3.31544321155425,-0.0213583939299739
"447",-0.00114673732212722,0.396420178178253,-0.0389632573254122,3.28061774465027,1.22075715886444
"448",0.0222663216799077,0.403032337422159,-0.0453788486661018,3.44156903587111,0.599591550698587
"449",0.0108671044334536,0.400963944519269,-0.0461985936497738,3.38192574648649,0.324590620572275
"450",0.00588293842327947,0.397410886495206,-0.0464892518538654,3.33016942106518,-0.818730300273554
"451",-0.0148388142987328,0.398161344954817,-0.0448300369678727,3.32894865659019,1.06930466399772
"452",0.018169363021759,0.401327422153528,-0.0484925959442681,3.37713305583533,0.197927039978395
"453",0.00358726504925487,0.39728808372031,-0.0486765748012753,3.32596364157117,0.663833990527924
"454",0.012031445895357,0.396349263793119,-0.049787851914746,3.30376832039336,0.13430447806274
"455",0.00243415836545363,0.392549241982145,-0.0499447980842789,3.27206869910963,-0.186008113980084
"456",-0.00337124430412039,0.389167168337543,-0.0500715315109939,3.24889631298832,0.515837314247468
"457",0.0104444712323782,0.388120451778727,-0.0508810826898172,3.2413432720457,-0.412456761258444
"458",-0.00747544006191769,0.386056072994373,-0.0507619327132119,3.22896889606827,0.360992604906676
"459",0.00672519947790113,0.383893645106845,-0.0510886758473848,3.21893355717951,0.636291145123594
"460",0.011532254442351,0.383648439504736,-0.0520907164660025,3.22346799158823,0.489846882130299
"461",0.00887807244499945,0.382255042380882,-0.05259621614889,3.217689860321,0.264335249483282
"462",0.00479085930785885,0.379824637335196,-0.0527744563751536,3.20926548460316,-0.162585138954618
"463",-0.00294672211823009,0.37731090956575,-0.0528760239348086,3.20278039559738,0.30463061738373
"464",0.00532259583965379,0.375396285696714,-0.0530858922315774,3.19864933386458,0.394637496737485
"465",0.00715248052679585,0.374062568123114,-0.0534122001901552,3.19701076098071,0.433315536670429
"466",0.00785348823569848,0.373034409950935,-0.0538023701717528,3.1967405633738,-0.372740067882243
"467",-0.00675560761236471,0.371824831029497,-0.0537095584913436,3.19545344091238,-0.090876968944281
"468",-0.00187432188389013,0.36975989552546,-0.0538140917503442,3.19258441329876,-2.11329389833911
"469",-0.0382577018306536,0.398727127153917,-0.0195041160006829,5.04519740023196,1.80977282355909
"470",0.0322123167233823,0.417586448836338,-0.0395964202149942,5.42582631154149,-0.89568028815143
"471",-0.0162334696327641,0.418136772242975,-0.0374169925258047,4.88356346015883,0.479372635057686
"472",0.00682060983776568,0.413728852019959,-0.03788837121597,4.43293843988418,0.86115723918277
"473",0.0156077677227446,0.413646094279758,-0.0401030245516934,4.14045296380204,-0.566516436745844
"474",-0.0102676451564607,0.410848614814853,-0.0397486386229045,3.89455563591131,-1.37905040600382
"475",-0.021968313761567,0.415945723644622,-0.0345719111912197,3.86395833443292,0.69700979191553
"476",0.0119703881987199,0.413864480219215,-0.0358673236728469,3.69914902750439,0.478932998820191
"477",0.00868026727318326,0.410210583345887,-0.0364866434898733,3.56571232962571,0.365297209869162
"478",0.00662071192342899,0.406188684127651,-0.0369260745082812,3.46547928871355,1.24812893557312
"479",0.0226213119138945,0.41229741009663,-0.0433161861188606,3.57527393258564,0.59838614772997
"480",0.0108452574946015,0.409546260416435,-0.0441329479489968,3.47954960081537,0.851490293151522
"481",0.015432562265043,0.409604599579042,-0.0462158278322901,3.43919187574417,0.187146077768153
"482",0.00339186896321044,0.404946816069852,-0.0464219048738119,3.37148153785728,-0.295654103211126
"483",-0.00535848781062878,0.40104305686232,-0.0465241720113297,3.32235898351138,-0.991874824886392
"484",-0.0171413899161675,0.402952934799468,-0.0440094730905162,3.3480241566353,0.268777226163622
"485",0.00431811918114069,0.399025012070476,-0.0442775804225139,3.30485825652976,-0.838579337627399
"486",-0.0151985617994713,0.399870845636317,-0.0425290541180195,3.3134869517765,-1.08861069008976
"487",-0.0199772110774051,0.403933964728826,-0.0385690276155156,3.39111656583327,-0.182592868746432
"488",-0.00196026197527152,0.399535340901932,-0.038840975385369,3.3361454517917,-0.815582051675983
"489",-0.0165987946044793,0.401211874464105,-0.0366189556829716,3.35181597729089,0.173868619612636
"490",0.00363577458429341,0.397284317750009,-0.036947792620331,3.30748181263229,1.0975719938585
"491",0.0198925909923139,0.401639162245204,-0.0415524409784944,3.391076747404,-0.293537333093808
"492",-0.0053201230906795,0.398035977665837,-0.0416940256542187,3.33687833539888,0.242988881327505
"493",0.00552242184585206,0.39467865318474,-0.0420317287402186,3.29709171399726,-1.64147030640426
"494",-0.0297503012230994,0.409769444027399,-0.0274039100930546,3.8726317444826,0.982004618097551
"495",0.0161889548061267,0.410821914864662,-0.0302734898947803,3.74484277417601,-0.193591175647706
"496",-0.00350868106915044,0.40617711478408,-0.030609852074107,3.59582818151044,-1.62454734598931
"497",-0.0313282007321214,0.422266849067239,-0.0146132668894878,4.17431217727672,-0.155609762195136
"498",0.000415188191565213,0.41650838426536,-0.0151510724085666,3.91079735066485,-0.572649802698292
"499",-0.0131620152894297,0.414819730583829,-0.0145050867561049,3.73804520970887,1.18332292129307
"500",0.0211687481977193,0.419286576628086,-0.0201315827145512,3.73567606702255,0.678735637340004
"501",0.0123015260056398,0.416731808404813,-0.0214722128162098,3.6025871443326,1.71726010394361
"502",0.0311239290600675,0.431579186243447,-0.0371319811631056,4.11498446104512,-0.262282002470487
"503",-0.00475364589200981,0.425725585470382,-0.0373484274347034,3.86777606435912,-0.618067725691582
"504",-0.0127269286072121,0.423081074863185,-0.0366284177667271,3.70261609847457,-0.529910543994594
"505",-0.00823213827157473,0.418599378378664,-0.0366659452608113,3.5674183321508,0.590873764740643
"506",0.00866687995719702,0.414732073812007,-0.0373115758064864,3.4695943878109,0.111669470007509
"507",0.00202391743376993,0.409572029666947,-0.0376029163933683,3.39373081407717,0.96931292056596
"508",0.0175680006234469,0.411221620529233,-0.0407360572049958,3.40495250585667,0.401123682645293
"509",0.00727003731950385,0.407265319085838,-0.0411629221490912,3.347933102652,-1.37043660321125
"510",-0.0248380379429507,0.415778284928549,-0.033108576056756,3.58287056860612,0.334262149668977
"511",0.0071456413052446,0.411690851486211,-0.0336692203583898,3.47912432806413,0
"512",0,0.406677344928727,-0.0339971989071159,3.40071485221244,0.494276489227509
"513",0.0089583554357595,0.403726048834845,-0.034705688391695,3.3478092191993,0.331508666652701
"514",0.00600832232694496,0.400012257085281,-0.0351301976853898,3.3052159069053,0.300420814772312
"515",0.00544488054294665,0.396446332271457,-0.0355253386604158,3.27371446644977,0.448945733347393
"516",0.00813677271395053,0.393903839415348,-0.0361212180899165,3.25315419183884,0.019906439798987
"517",0.000360787872914166,0.39017765809401,-0.0364222658942085,3.23491323425525,0.0199024779241874
"518",0.000360716067187169,0.386722722842125,-0.036720026245587,3.22152926263874,0.446761725971623
"519",0.00809718937391135,0.384901595611364,-0.0373196307848818,3.21511246469711,0.789347956385788
"520",0.0143062834464285,0.386072468777888,-0.0392548004729291,3.23923245617601,-0.0393197685199704
"521",-0.000712638512513896,0.3829318561142,-0.0395208873807696,3.22469911478838,0.451246596582761
"522",0.00852649719033288,0.38154303969319,-0.0401487067279569,3.218342626303,-0.520093415136904
"523",-0.00942626601535533,0.380654395745725,-0.0398884456068239,3.21624640774898,-1.05831559955742
"524",-0.019949442807416,0.386171904307733,-0.0355831166968474,3.33329344636776,-0.59838614772997
"525",-0.00981316540917665,0.384896319895367,-0.0354025490911707,3.30007092333631,-0.561742875503563
"526",-0.0112506675913028,0.384417825683509,-0.0349237026402059,3.28139156332342,0.241133443475003
"527",0.00458378667298477,0.381862431687061,-0.0353017011488372,3.25605427151027,-0.0602288715255601
"528",-0.00109159883259654,0.379035592857933,-0.0356107948235805,3.23704266632439,-0.88754995137516
"529",-0.0165404586484816,0.38216523537629,-0.0332400502943335,3.28468565230005,0.897590616075596
"530",0.0167682251275059,0.385457889820075,-0.036488967709396,3.32707541548604,0.070256438881234
"531",0.001273340255638,0.382361633213613,-0.03678649753706,3.28915233859332,-0.725005693079011
"532",-0.013140132765978,0.383139633293582,-0.0357435646487574,3.2857203998568,0.463804017547896
"533",0.0103016292364423,0.382544200638112,-0.0367328383227341,3.26879430243248,0.371505020883758
"534",0.00673322339981681,0.380546601321731,-0.0371914688818361,3.24787984396347,0.29021786694733
"535",0.00525996049293265,0.378344886100639,-0.0375608108993586,3.2316149129142,-1.23675599819554
"536",-0.02241518676411,0.386476612767336,-0.0310544121659963,3.43219442530635,0.0809061532806155
"537",0.000563876199484698,0.383306690387848,-0.0314116443651328,3.36628156444675,0.905712138824774
"538",0.0164152886874206,0.386046734278535,-0.0343423108332411,3.37647919233122,-0.0400801608571831
"539",-0.00072641999914302,0.382910181838917,-0.0346622758768292,3.3254016623361,0.090157782215197
"540",0.00362440191135368,0.380258596363291,-0.0350074932977988,3.28806539815417,-0.693295919405547
"541",-0.0125654191602422,0.380898005206021,-0.0341299269460904,3.28144068365332,0.161192861821657
"542",0.00170780061450517,0.378191058869836,-0.034457119440349,3.2556794408254,0.331641930016049
"543",0.00601073761596124,0.376357996451567,-0.0349038344100239,3.23782804668557,1.52340278740003
"544",0.0276104244057512,0.389920614801134,-0.047701157420867,3.70341173380285,-0.376200819888041
"545",-0.00681833090027874,0.387616202169343,-0.0476518864641696,3.5675235190316,0.731300818199297
"546",0.0127600950651853,0.387859857843899,-0.049054160331291,3.48736041791864,-0.216855678871396
"547",-0.00393033108378073,0.384936781664782,-0.0491717786709917,3.40699479064215,-0.0296076982177871
"548",-0.00267449803176178,0.382001864526256,-0.0493192135473029,3.3478278903253,0.17751483951408
"549",0.00550937931517192,0.379790012082441,-0.0495760206807839,3.30515515162522,-0.345457580888967
"550",-0.00626113494173611,0.377940927505571,-0.0495768775629341,3.27441636028526,-0.694516136245283
"551",-0.0117440445801419,0.378233811799319,-0.0487918539043146,3.26573145555976,-0.189346810270571
"552",-0.00341693118068481,0.375857695588745,-0.0489341045363017,3.24422909352294,0.0398922913438322
"553",0.000177799337421658,0.373437230047092,-0.0490943945010958,3.22836460128565,-0.700423115656866
"554",-0.0126945937389876,0.374605887719702,-0.0480098048218629,3.2388689148871,0.770196355467341
"555",0.014491908089448,0.376865646508471,-0.0501085932518313,3.26419690430929,0.833503535514359
"556",0.0151065670547461,0.37903829116097,-0.0522148818103702,3.28362325586491,0.266443143762627
"557",0.00482906316053428,0.376826056445362,-0.0523952476131773,3.25762539553024,-0.533598104022324
"558",-0.00967102741048869,0.376351453582399,-0.0519608411167702,3.24578048698693,-1.0157426505841
"559",-0.0193416659772305,0.381675207451848,-0.0478623593311004,3.3426806080813,0.279860252624442
"560",0.00474134858998097,0.379381875394357,-0.0481119947095811,3.30114984293216,0.735882397959658
"561",0.0133372641092935,0.380424735775033,-0.0496610969398316,3.2955782710562,0.809161707193622
"562",0.0146653914075001,0.382079385675505,-0.05158542875646,3.30156762458635,0.108049713375407
"563",0.00195831231758891,0.379268301861252,-0.0517194279006249,3.27044241621902,-0.48221320621502
"564",-0.00873971833829827,0.378230988028315,-0.0514482418900333,3.25249509828489,0.285672262444808
"565",0.00503619854598062,0.376209188250262,-0.0516644003022369,3.23503425212584,-0.187072372776494
"566",-0.00339053312076788,0.374018865758835,-0.0517693406863505,3.2217413977846,-0.0098556152447575
"567",-8.54897769535392e-05,0.371730216528731,-0.0518984748270228,3.211864646652,-0.315893648670683
"568",-0.00474854151641533,0.370084426571967,-0.0519607925843844,3.20505427520343,-0.168225263560733
"569",-0.00396758172971694,0.368399512807828,-0.0520518317378341,3.19981763915239,0.0594059423411153
"570",0.00154819672024699,0.36657295353575,-0.0521804975989304,3.19578450381711,-0.964749637958195
"571",-0.0174852948738409,0.371319772787424,-0.0489514749786458,3.27598481316319,1.37960602117648
"572",0.0252950659330096,0.383121079641134,-0.0594001588961148,3.62239934372971,-0.533703579538619
"573",-0.00967293906759829,0.38234817332913,-0.0588378136668621,3.51436728268819,-1.91091803418476
"574",-0.035623531658725,0.406073557051995,-0.0327830921202317,4.70963286867168,-1.34230203321407
"575",-0.0218450779399255,0.410985504619101,-0.0280191109916703,4.4490827299602,0.429053676886814
"576",0.00469968951366963,0.406572660004519,-0.0284787443297722,4.11287895129808,1.58773624080475
"577",0.0287764154139622,0.419365663432896,-0.0414875312733793,4.35269752677421,0.998311176196698
"578",0.0180935701915304,0.42033704499478,-0.0444979947898571,4.10608419843682,0.396550534523926
"579",0.00718715276556602,0.415694298018092,-0.0448710990684641,3.86222394944498,0.227306516806647
"580",0.00411974393846014,0.410727955427763,-0.0451088438818537,3.68198161456003,0.806218111864558
"581",0.0146120411596297,0.410260218254936,-0.0469283933179497,3.58100795376692,0.478680150083461
"582",0.00867568459748559,0.406848303818729,-0.0474244568476877,3.47900223694972,-0.165813254279332
"583",-0.00300522905735561,0.40239659698563,-0.0475844352894334,3.40069705370045,0.438319505639432
"584",0.0085900426831502,0.399637950482912,-0.0481102062656904,3.34726697191447,0.358962306378422
"585",0.00650589700028754,0.396350159303764,-0.0484199863897143,3.30517633239559,0.0193667086883988
"586",0.000351005689796489,0.392447197620273,-0.0485859231366828,3.27308356700981,0.608139332616827
"587",0.0110220259607361,0.391395733150554,-0.049503401496621,3.26089316033365,-0.240882710299482
"588",-0.00436580129587873,0.388291547579601,-0.0496035760795376,3.2409284901858,-0.367256622317345
"589",-0.00679254206693223,0.385925061162409,-0.0495832253241538,3.22754330063525,1.07859289101514
"590",0.0202913495822412,0.391602635514901,-0.0546534659236091,3.35464811352788,0.286944242795272
"591",0.00520062874368628,0.388536695247822,-0.0548147409961698,3.30980520078585,0.893796955244037
"592",0.0161993357705311,0.390691818682248,-0.0573003725949186,3.32941875454742,-0.61719799020815
"593",-0.0111862066900294,0.389988500288281,-0.0565103207788664,3.3043872816917,-0.525236369592188
"594",-0.0110562140399961,0.389039767056173,-0.055859964040243,3.28334284488029,0.525236369592188
"595",0.0106849850576225,0.388174352805629,-0.0566806843156183,3.26808337975908,0.418211806200833
"596",0.00757974552508723,0.386017240488898,-0.0569867250431284,3.24821360543571,0.236843462521154
"597",0.00429259324718535,0.383226335619136,-0.0570999912584776,3.23152581992053,-0.578886551338598
"598",-0.0104918433243245,0.382637982255934,-0.0564808846417129,3.22913905871073,0.199667287632317
"599",0.00282508295134614,0.379918390039393,-0.0565743068035064,3.21735961575595,1.66725474586848
"600",0.0302176230125564,0.396478700234061,-0.072894351902565,3.89020567210391,0.400876871159865
"601",0.00726556406402786,0.393521227520011,-0.0729596841347182,3.70387771641355,-0.065149613733477
"602",-0.00118078324388658,0.389858247696119,-0.0728547549633698,3.56562598013169,-0.158397424219713
"603",-0.00225289416624378,0.386529237874019,-0.0727459223050275,3.46420330032619,0.511557642577856
"604",0.00745921947240391,0.384527067698205,-0.0728878690899968,3.39228262860945,0.868285521612092
"605",0.0157369619875743,0.386634221631756,-0.0749918856029591,3.38459866601899,0.504565081282189
"606",0.00914482771710027,0.385095580917804,-0.0752667132404504,3.33625434313018,0.365363943157902
"607",0.00662192140948176,0.382888533747769,-0.0752937436591392,3.29727823065219,-0.219058137981859
"608",-0.00397024884635748,0.380312616308545,-0.0751244201583549,3.26751527414666,-0.936388004204819
"609",-0.0173595086823577,0.383899054726129,-0.0719446001648478,3.31880708404093,-0.89869507436727
"610",-0.0160110026589948,0.386114358560644,-0.0695992968303343,3.33201211213845,-1.50026255076453
"611",-0.0274766130572249,0.398606239286098,-0.0579279184457815,3.7280488352889,0.968371220746141
"612",0.0173821138899033,0.40131071517561,-0.0611367310078706,3.65977393417245,1.02393150018054
"613",0.0185579175226877,0.404097127152089,-0.0644720430657235,3.61495904421848,0.351299242675326
"614",0.00636701026406732,0.400402957188578,-0.0645799354072712,3.50134341302191,-1.31910876963088
"615",-0.0239077631130086,0.408429960462119,-0.0569861642555329,3.66379948506989,-0.177827741185159
"616",-0.00489679274270543,0.404073991428028,-0.0570107813472361,3.53649965480671,-0.950640130142977
"617",-0.0175994461009343,0.406106004148086,-0.0541858714054941,3.51121658273161,-0.0851506745238352
"618",-0.00229126543869484,0.401578547302191,-0.0542843501334942,3.42427287944374,0.509819835368854
"619",0.0111827265026638,0.399964781673172,-0.0551558103533995,3.37216022005536,0.065897860704292
"620",0.00119434460572428,0.395820016791596,-0.0552482754047565,3.322232534225,0.460073108593666
"621",0.00833844725177647,0.393419384995164,-0.0556592798268349,3.28922583148734,-0.149995340768835
"622",-0.00271854236566085,0.389901717900839,-0.0557324099135715,3.26143221274752,-1.43629040003616
"623",-0.0267452644925589,0.401559874231125,-0.0449898492805394,3.63786883303928,0.455797959364586
"624",0.00893796157457329,0.399159566193144,-0.0456490259363201,3.5229983216599,-0.237135515439996
"625",-0.00429788646648681,0.395473538377193,-0.0457966555860957,3.4332016003056,1.02041701742418
"626",0.017901579603939,0.398480113486438,-0.0492296067073795,3.44639057088987,0.59046987247383
"627",0.0107017815069359,0.396702969852413,-0.0500022382471818,3.38537296799342,-0.10284700079104
"628",-0.00186401742479784,0.392863045828789,-0.050145951922215,3.33193997789304,-0.177894340252603
"629",-0.00172154203484648,0.389271528964083,-0.0502902150907349,3.29272716487348,-0.648711906881341
"630",-0.012868372471702,0.389370103601416,-0.0492286799725987,3.28523839537496,0.667452536621346
"631",0.0119974117706264,0.389139490396496,-0.0504291300103644,3.2759875527011,0.402076375053458
"632",0.00728730408698986,0.386815729631332,-0.0507746957874674,3.25362664722313,-0.0279994401941402
"633",-0.000507466858586402,0.383610003701453,-0.0509146063128581,3.23526002133025,0
"634",0.00129042062680705,0.380663293313276,-0.05105441061265,3.22178600216089,-0.871894146662817
"635",-0.0158023653529848,0.383199057703049,-0.0488529349120864,3.26332099429632,0.103524549267525
"636",0.00182099341604825,0.380340370211686,-0.0490195753511214,3.24238890146697,-0.907121405031563
"637",-0.016440830480039,0.383342889210092,-0.0465378810965358,3.28749567902734,0.643393268750873
"638",0.0109368589155004,0.383053329358612,-0.0475523686354105,3.27298960673585,0.742310197391742
"639",0.0134537626950797,0.383832959682911,-0.049089125802783,3.27446242595015,-1.09187831754545
"640",-0.0197893977851513,0.389335262198124,-0.0445629270580951,3.38041722814208,-0.0568020464008612
"641",0.000815703305842942,0.385967821800596,-0.0447721537189659,3.32829174137023,0.679504313282867
"642",0.0113231208558881,0.385523471065531,-0.0458137968288605,3.30308415808935,-0.480838148891946
"643",-0.00871479655360264,0.38408793325832,-0.0455975202791337,3.27660844548571,0.132225179823783
"644",0.00442886041589962,0.38151651381541,-0.0458506311867911,3.25247880459481,-0.198403390700413
"645",-0.00359589851488175,0.378971726508314,-0.0460155752463726,3.23456673251053,-0.397991617919549
"646",-0.00857841493901085,0.377859933682687,-0.0458414618666062,3.22561964720587,-0.323347880395479
"647",-0.00456419961619052,0.375705116350954,-0.0459845988746832,3.21502456739085,-0.486990697473721
"648",-0.00954217251639734,0.375189847138866,-0.0456679806684399,3.21367468502687,0.857801676201975
"649",0.0156019121710149,0.37808749358847,-0.0482309821002169,3.25820309095592,1.31053589248872
"650",0.0237523867554024,0.38717194524212,-0.0561040911273913,3.49074882036984,0.429947386306823
"651",0.00779244327649878,0.385079806788538,-0.0564150985920984,3.41157194756227,0.5209314105959
"652",0.00944145399483413,0.383823098813795,-0.0569596426971073,3.35714268131818,-0.390443928197895
"653",-0.00707647554104267,0.381937828244712,-0.0568099198854701,3.31343780873272,-0.429385519237227
"654",-0.00856865047440184,0.380585306869224,-0.0565307003158432,3.28327815865033,0.0561114762688344
"655",0.00186624955685273,0.377908190490379,-0.0566124023493335,3.25702986117223,0.754439381505261
"656",0.0136735941958749,0.37927891350175,-0.0582018601046711,3.26654700356046,-0.195049520807662
"657",-0.00353511237748826,0.376912863660385,-0.0582282132038976,3.24490908929777,-0.943447285603778
"658",-0.0167680583102657,0.380325073134539,-0.0554954668669799,3.29396425181482,-0.479797712380124
"659",-0.00849964879575484,0.379003006831627,-0.0552584432159304,3.26856225567664,1.52546124068008
"660",0.0264977508438237,0.391399640057586,-0.0665917925953114,3.66347979444941,-0.418819542823387
"661",-0.00759076025225881,0.38923345959357,-0.0662605788873955,3.53927290742106,-0.711347065478039
"662",-0.0121346843402609,0.388892885174192,-0.0652452255457466,3.46109107017457,-0.357580130705898
"663",-0.00532743416453926,0.386080795415634,-0.0651501899412804,3.38801778282128,1.1621499119871
"664",0.0182561839908965,0.390054101475665,-0.0687028680417852,3.42428073313602,0.139671329563858
"665",0.00253142814130944,0.386708018592641,-0.0686520338430834,3.36049263620627,0.861635015248401
"666",0.0156164270215539,0.388636786020035,-0.0707708301713696,3.36036225819986,0.0553352407368687
"667",0.00100290579351432,0.385301637464869,-0.0706914298106123,3.31357547996501,-0.0368867580722423
"668",-0.000668542196292728,0.382206766614154,-0.0706125007570993,3.27924646976639,0.982064705314134
"669",0.0192061190069982,0.387149102126971,-0.0746970092132435,3.36498681073229,0.718936527026248
"670",0.0130301341156593,0.387317358021041,-0.0757475355062643,3.33747001340792,-0.208777818312529
"671",-0.00378392649520738,0.384409002225582,-0.0755759014319827,3.29698530729324,-0.0909090971700582
"672",-0.000762830098233516,0.381378925097245,-0.0754433053003367,3.26707373069661,-0.227634971958558
"673",-0.0049246104252778,0.379068652255587,-0.0752426870422815,3.24560143204936,-1.76572547758338
"674",-0.0323936362585003,0.398519481670288,-0.055098903628187,4.12969192181003,-0.129978664664564
"675",-0.00158237051069959,0.394479421459582,-0.0551909166524753,3.87805813364769,-2.79797819919127
"676",-0.050932068976242,0.44559606033379,0.0184829218662222,8.8187953489661,-0.239131588438608
"677",-0.0055143892962785,0.438575999072722,0.0176270914776137,7.31887055067989,-2.2860352346581
"678",-0.0392884411440099,0.464147016383347,0.0454471884167926,7.67463274935989,1.57483569681392
"679",0.0250926043654128,0.469443050628571,0.0367206377258825,6.7235902386409,-1.82009014848601
"680",-0.0329876391667843,0.483941052818157,0.051732045698877,6.4555210835452,1.65598952765544
"681",0.0263220799722143,0.489050730032563,0.0424364559264239,5.85097235210014,0.0482928487678239
"682",0.00087526822273842,0.478443994981946,0.0412723637160885,5.14101670170689,1.46659709941681
"683",0.0265808679635222,0.483549205082101,0.032271765583602,4.87854200586743,-0.314510623799386
"684",-0.00570024676010938,0.474146602625495,0.0313167258096826,4.42825503087664,0.618548862758663
"685",0.00755723081677841,0.465857710154615,0.0300840276964659,4.09894253923521,-1.47173910273779
"686",-0.0266740625507727,0.472151573467945,0.0374543162926889,4.13833151691961,0.144307110520643
"687",0.000384688559297981,0.462779932537299,0.0363447033550286,3.88439685361391,-0.0384615389356656
"688",-0.000697083806131437,0.454080774222251,0.0352477135243666,3.69807658720921,1.22349069700631
"689",0.0198945414798096,0.454394684500548,0.030590071691278,3.65184865655705,-0.476146028612165
"690",-0.0086297557270011,0.44800366027813,0.0298848676025605,3.53120686586271,-0.392138611630138
"691",-0.00848233920237279,0.441831270340452,0.0291253924440875,3.441773668564,1.31380412212252
"692",0.0249623505444454,0.447998922015282,0.020632403920726,3.61545810507632,0.810102395661041
"693",0.0146824406134185,0.444647708293291,0.0183763467796797,3.52501654207564,0.252986782857981
"694",0.00458517767036242,0.437644873444736,0.0174389486697567,3.43459653992427,0.149616635353332
"695",0.00271167864102199,0.430899845557922,0.0165408092012023,3.36807297851697,0.205358048459996
"696",0.0037219459751641,0.424782131923485,0.0156369583900903,3.31934929317233,-0.729998562314724
"697",-0.0132306244204115,0.422567017906645,0.0159442809069081,3.30407055682714,-0.943759364228761
"698",-0.0167011888092293,0.422506172802361,0.0173213729157164,3.3211219781395,-0.475240890654471
"699",-0.00845652265056213,0.418118200303976,0.0167067340554337,3.28772488990477,1.55979907666048
"700",0.0275164011740439,0.42885641985058,0.00496826944123136,3.65857381396878,-0.819406515507973
"701",-0.0148510701445054,0.427591572299151,0.00600020528344715,3.5682396122116,-0.940669200505685
"702",-0.0167033725026224,0.427148307138507,0.00743606316283329,3.51349570176688,-1.14254039189102
"703",-0.0195330387294811,0.428849389313895,0.010186219487011,3.51497201905483,-0.367611906683307
"704",-0.00983579779604656,0.424498608783618,0.0097970418082407,3.43223825963763,-0.514989235156135
"705",-0.00775119147921374,0.41977299218293,0.00920913085980628,3.36848117272531,0.65058247626971
"706",0.0115253852021498,0.417057155452895,0.00760122551055879,3.33201847134621,0.28993931590026
"707",0.00525491198396845,0.412194433380934,0.00675375381887958,3.29322129811525,-1.46796978191957
"708",-0.02660574670655,0.422245578438025,0.0159489992402501,3.61969109129804,0.566407764275708
"709",0.0112110656063719,0.419364433313088,0.014268481525233,3.51630989489161,-2.21542069208194
"710",-0.040152680598715,0.448292124344123,0.0469475924347064,5.21955700560076,-3.19671160715273
"711",-0.0590120453393253,0.512586504158784,0.137137368601565,11.4990957808312,0.522890410632687
"712",0.0121758570800544,0.503989982463395,0.134055538162266,9.29914403712628,0.692961093552698
"713",0.0125593507166397,0.495523962904075,0.131157475513998,7.681891809233,0.57718756765752
"714",0.0104610506404191,0.48666381809432,0.12859302054125,6.48972737395431,-1.28037517857864
"715",-0.0232057485856909,0.487820107577075,0.131708743761431,5.75995318859482,0.0204519890272134
"716",-0.0022785265573532,0.477372155909797,0.12956655181904,5.07423892466314,-1.19318428542668
"717",-0.0216254852540537,0.477475027498675,0.131669739484051,4.6842420933029,-1.52228984935405
"718",-0.0288750842482013,0.48488691891463,0.139230168553928,4.62790392523981,0.597079236779101
"719",0.0130466061015704,0.478478530685981,0.13597727022061,4.26074411183463,0.873458813044913
"720",0.0158307236461561,0.473784254246358,0.132197943814297,4.00489933586577,0.876158777038243
"721",0.015879658276152,0.469428555321661,0.128436955466709,3.81777654538167,0.276710399466484
"722",0.00501514873803915,0.460711301163992,0.126282584557029,3.64946419533992,2.20656725878066
"723",0.0399922193911354,0.485875220752294,0.0960480926905805,4.94435960274471,-0.330910304466707
"724",-0.00599747750373715,0.476452037832726,0.0944193399781993,4.47683307166781,1.9495345906741
"725",0.0350328895012618,0.492911447810679,0.0743996402434043,4.93082382091919,0.344166719584261
"726",0.00623773914072624,0.48268699486371,0.072814007967883,4.46635566476733,1.53909135895771
"727",0.0278947668807751,0.488885895495948,0.062456340690896,4.42881151014297,-1.86355946723037
"728",-0.033775484869239,0.503180422490405,0.0774028683145141,4.78394932196155,1.02876525803731
"729",0.0159865576063629,0.497384143358986,0.0740793051126866,4.39372261279572,-0.292854563070547
"730",-0.00530774844474234,0.486834875957602,0.0726368916936294,4.07225666918971,0.039096862974821
"731",-0.00263916280363604,0.476522053497812,0.0711477551182309,3.83593625140079,1.35884843450726
"732",0.0246280119021367,0.479715849915224,0.063339189832771,3.85647800156072,0.930774843275432
"733",0.0168695296224917,0.47549421722941,0.060098162032389,3.71514465407669,-0.411542907498939
"734",-0.00745887721304186,0.467141844561416,0.0589378963309511,3.57580037921467,-0.259278966012902
"735",-0.00388639267183795,0.458414706062201,0.0576154551378756,3.4717569956523,3.123775049528
"736",0.0555290624309034,0.515500332058398,-0.0204468981328866,8.79729651720242,-0.261291675349413
"737",-0.00473569702626036,0.503675273055878,-0.0208492568875345,7.30331628531669,-1.55377672717223
"738",-0.0270796386624708,0.507441713051366,-0.0136935017474126,6.45527220654817,-1.96469973837967
"739",-0.0330565456414404,0.517965141979858,-0.00100199839130497,6.1032817086569,0.0870700969244069
"740",-0.0031261604313127,0.505398638329668,-0.00168285750765177,5.32616230542925,0.626598666527371
"741",0.0113565862278782,0.496365124899177,-0.00293559250767615,4.76383796078116,-0.298349675134966
"742",-0.00540734283797219,0.48589329693671,-0.00353113133455027,4.34382956980696,-0.0192789667070987
"743",0.00121033178397433,0.47554787047622,-0.00419112031098563,4.03517861292094,0.211864486028523
"744",0.00269525084443073,0.466065955120843,-0.00485101502190546,3.80873674768607,-2.37526985076824
"745",-0.0430498153215439,0.496463737100034,0.0293677843804596,5.52945654466232,0
"746",0.000882256677643913,0.485375929221539,0.0283454683283161,4.90511379321492,1.23361658406422
"747",0.0223582874612676,0.485605183125666,0.0227662145070976,4.5726536321915,-0.771676600997206
"748",-0.0139860046428585,0.479631258284893,0.0230386864457907,4.22468065592032,-0.186484816276122
"749",4.85583137170934e-05,0.469704503772794,0.0220877096643369,3.94775371966279,-0.977351182698024
"750",-0.0185693915804401,0.467798582379551,0.0239037469616843,3.80859744514052,-0.856834972120934
"751",-0.0178459380911567,0.465219769414922,0.0252680119068825,3.69348140168901,0.0600180072032461
"752",0.00295829766983169,0.456561737590578,0.0242771216844133,3.5580592537084,-1.46061523893621
"753",-0.026472451654998,0.463206129166154,0.0316959167300631,3.74078167841618,-0.152322954052153
"754",-0.00225328640423399,0.454532262857182,0.0306522960081907,3.59270681524345,-1.57741670831246
"755",-0.0281247625567543,0.463125500381832,0.0396332500041872,3.84172918100901,0.432678124277379
"756",0.00591580818936149,0.455265392034892,0.0383833434141621,3.66771392142121,-0.226407424078673
"757",-0.0041034486211581,0.447474885717602,0.0372974785439043,3.5392693158386,1.9083185358061
"758",0.0323881346441907,0.462194120166814,0.020353989469701,4.10368213456478,1.39525475494795
"759",0.0252878465609236,0.466450543259118,0.0127867147939927,4.06598017341078,2.40310953570722
"760",0.0435543867473318,0.496815758458641,-0.0228655878974616,5.71463979289558,-0.43887523508344
"761",-0.00795425320345412,0.487263318598189,-0.0230477504788722,5.04379804105742,-0.156509862721736
"762",-0.00451092905111089,0.477186435298697,-0.0234584941290643,4.54894864044247,0.575920377549075
"763",0.0119426208151695,0.470497197131378,-0.0246294579055095,4.19658555080915,-0.351014400968465
"764",-0.0063618477420607,0.462145893186122,-0.0249345239133984,3.92814433535583,0.477467411350138
"765",0.0110016892434912,0.456099912311344,-0.0259644195340701,3.73867068630582,-1.16354282617401
"766",-0.0210882581485626,0.457472339127662,-0.0220375151821153,3.70842012965769,0.48074657221338
"767",0.00751725251498561,0.450468411263822,-0.0227140258171185,3.5711668984584,-1.41944226487425
"768",-0.0257262253140066,0.456817209351008,-0.0152343791138145,3.73015120182782,-0.65737288522252
"769",-0.013780896633742,0.45229399862773,-0.0147055726019739,3.60279175204822,-0.974049976642233
"770",-0.0152962141033522,0.449138369052947,-0.0136901420015362,3.52121696395363,0.0605265831047495
"771",-0.00161282790812044,0.441453329487013,-0.01423651247178,3.43160145825914,0.543096980080285
"772",0.00984318673795424,0.436350922864933,-0.015232538592033,3.37163622165204,-0.815755568589319
"773",-0.0147848997299961,0.434295765647098,-0.0141524998938165,3.35312431781842,1.873333020251
"774",0.0348278342255089,0.453736645253117,-0.0356232868186166,4.26377714278657,0.148757899202802
"775",0.00269611475354272,0.44577149514522,-0.0359337908636958,3.97645056582937,0.365992791942847
"776",0.00663331877725802,0.439210570686568,-0.036369796833841,3.76674292292943,0.207131306486073
"777",0.00375408482057376,0.432485630907423,-0.0366909509114928,3.61185732323028,0.187035542047182
"778",0.00338986559404685,0.426201201357813,-0.0370035918246299,3.49818268694989,-0.137781736195019
"779",-0.00249718081335425,0.420276324970255,-0.0372865990487538,3.41472661542563,-0.622377904281084
"780",-0.0115002730004059,0.417420812059998,-0.036810416183495,3.36504392465689,0.494267514746746
"781",0.00910922689042935,0.41383142479439,-0.0375195185902243,3.32214921372634,0.844466919401638
"782",0.0153052693838704,0.413518115718362,-0.0396115675305445,3.32198425493633,0
"783",0,0.408373699065369,-0.0398742542524041,3.28541608690255,1.40785858525422
"784",0.0255162806341526,0.41739088272048,-0.0489549984903159,3.56053901270963,-0.0578647908903079
"785",-0.00104875181261692,0.412013053639538,-0.0491132772106031,3.46045500355453,-1.12535141830977
"786",-0.0211714819035553,0.416453212318436,-0.0443129105976409,3.52710743380172,-0.205088210954684
"787",-0.00192551476282972,0.411145192458133,-0.044522070448928,3.43592548373927,0.0879464560521293
"788",-0.000386969996774182,0.406173429312772,-0.0447307992170866,3.36901846937528,0.691101207885605
"789",0.0125256418163808,0.404885676037423,-0.0459909434566105,3.33769043563079,0.0096997914620877
"790",0.000175800754160756,0.400364157770609,-0.0461835582446933,3.29694021707304,0.290557105141463
"791",0.00526610890659719,0.396756373649834,-0.0464537917341548,3.26760903073899,-0.251767345151581
"792",-0.00456307636341422,0.393282559677257,-0.0465852677383245,3.245874628177,-0.0678919574111665
"793",-0.00210373089179042,0.389686876462313,-0.0467667156566963,3.22958479416541,0.715393615645274
"794",0.0137247324923798,0.390276973201413,-0.0484357227033302,3.24568624045679,0.394174427591452
"795",0.00714408777882602,0.387819301389506,-0.0487877982040851,3.23119680008848,-0.0383877164023043
"796",-0.000695745833342053,0.384546737946577,-0.048949364764508,3.21880274833882,0.650595482734116
"797",0.0122650153224874,0.38468943931963,-0.0501848748377577,3.22796197095986,0.456708691085648
"798",0.00827746994751864,0.383003267885548,-0.0506349507559917,3.21980849492784,-0.533030007516946
"799",-0.00966073112788592,0.382103443055391,-0.0502245302419333,3.21794866408145,1.13874830845424
"800",0.0215225832454387,0.389202119757493,-0.0563632626373828,3.38941598669511,0.207371174322242
"801",0.00375843222810951,0.386055423025936,-0.0564637377305276,3.33499388203352,0.310252681526763
"802",0.00562307505331281,0.383549653550417,-0.0566403183956444,3.29572061346921,-0.564813701470149
"803",-0.0102367844779839,0.38283563107076,-0.0560713051669399,3.27537146683136,0.216889141554752
"804",0.00211838335145207,0.380021596573622,-0.0561603322017179,3.25123760454851,0.778798212656309
"805",0.0141150780054564,0.381495941163625,-0.0578910517855721,3.26580469974707,0.130767812395144
"806",0.00237005920476466,0.37876106887648,-0.0579584910513753,3.24421162943615,0.586348182764176
"807",0.0106270792659438,0.378502222476181,-0.0587244317988162,3.23874323299061,-0.427788246545571
"808",-0.00775331064154986,0.37722660437713,-0.0584786347065487,3.22764486340453,0.68728792877621
"809",0.0116607095808023,0.377655869037854,-0.0595170027538552,3.23238788876102,-0.101866008715996
"810",-0.00184623774909114,0.375193781932848,-0.0595558212622591,3.21969125109168,-0.0556070449917193
"811",-0.0020562104216621,0.372906792505345,-0.0595944242649689,3.21037451431414,-1.15619003572495
"812",-0.0193570927844045,0.378604818859529,-0.0552496782413359,3.32253874290883,0.691591541595603
"813",0.0111751043765533,0.378798355945734,-0.0562513262305472,3.30044872770082,-0.504202748824814
"814",-0.00913826073888096,0.378012071865597,-0.0558468385790951,3.27591718694134,0.159004850411015
"815",0.00194760309166341,0.375529133206057,-0.0559368042484659,3.2516317596645,0.540592238319036
"816",0.00979779035058585,0.375149979824756,-0.0565803842029651,3.24144760333722,-0.437841306855836
"817",-0.00793551410345684,0.374173729296301,-0.0563346316421525,3.22998070931568,0.391353462589662
"818",0.00845225918446423,0.37343904710503,-0.0567981516560979,3.22254289182514,-0.821743348507527
"819",-0.0148934233234655,0.375987909772264,-0.0548036342030365,3.2561146372338,-0.253485560318799
"820",-0.00556584235246966,0.374150887285524,-0.0548101630222502,3.23774640852997,0.665201309861203
"821",0.0133939394377855,0.375710100576774,-0.0563938116115618,3.25175045801996,-0.0934230262268382
"822",-0.00169321562539277,0.373378483854655,-0.0564677761157942,3.23389508921374,0.540642629339892
"823",0.0110282562941353,0.373726691622026,-0.0573667154704198,3.23352730363016,0.204309134962295
"824",0.00370293527945317,0.37171909708274,-0.0574604287075136,3.22064042410689,-0.43698642361138
"825",-0.00792002004673591,0.370948081575579,-0.0572155116446413,3.21455564130881,0.650136960732178
"826",0.0128649735418668,0.372465983918012,-0.0586349049195745,3.23131356618726,-0.622187083995517
"827",-0.0112766299175623,0.37309573103015,-0.057759173321672,3.23391548038023,-0.616709112142008
"828",-0.0113891048869325,0.373523656303877,-0.0569717684487375,3.23415228656314,-1.1406071718284
"829",-0.0193894098767598,0.379065462235842,-0.0527590449617098,3.33626744581271,0.331267162054723
"830",0.00426928116453747,0.376863979039191,-0.0529358797634703,3.2962729911469,0.574741300385531
"831",0.0104167140551456,0.376633879604901,-0.0537141864886207,3.27610936872106,-0.678735637340007
"832",-0.0123015260056398,0.377460585449033,-0.0526538261503377,3.27213799563674,-0.578666890082542
"833",-0.00913406656144096,0.376604954437182,-0.0523504412549183,3.25409966980777,0.370353208085818
"834",0.00583208433985894,0.374891158952735,-0.0526025394085617,3.23669072332205,-0.914117963134525
"835",-0.0165676373496339,0.378427950950185,-0.0499244475917495,3.28815658816621,0.724364585515387
"836",0.0140424322660285,0.380177719428192,-0.0518300237227679,3.29569870437356,0.605947697645077
"837",0.0109823043767841,0.379881249833596,-0.0526882858222492,3.27701521089022,0.169763315315831
"838",0.00307682066959921,0.377343921420921,-0.052821428743975,3.25247729354484,-1.2516757382597
"839",-0.0226855947997274,0.385769322776065,-0.0459084068356218,3.45755690745822,-0.229270257097524
"840",-0.00537421006522079,0.38315237907305,-0.046031230934859,3.3853744499867,-0.642842223352636
"841",-0.0117827881336988,0.383095339115736,-0.0452911780680229,3.3470149856788,0.719324062644834
"842",0.0122674732783993,0.383449705620155,-0.0466276408623309,3.32342343957124,0.695207790254775
"843",0.0126000702492337,0.383724047143357,-0.0479199094817297,3.30543626379446,-0.781253973679364
"844",-0.0141595866571712,0.385118229735946,-0.0463550620578539,3.30784792080179,-0.61402860100874
"845",-0.00984462667604006,0.383973876686108,-0.046032652624246,3.28181257403891,-0.183017919409174
"846",-0.00424588387590615,0.381315504224397,-0.0461856201299833,3.25616135163096,-0.260655647891152
"847",-0.0057485825150139,0.379180366353391,-0.0462687354702908,3.23796505862222,0.655171435025247
"848",0.0129945288955914,0.380152623698349,-0.0477920243670297,3.24809109989538,-0.80027424162117
"849",-0.014504313392955,0.38202226430385,-0.0460716840271629,3.26999909214085,-0.650708846796979
"850",-0.0122301503935382,0.382188204206135,-0.0452576354482711,3.26396803305195,0.388992029935367
"851",0.00779353295841062,0.38066936276327,-0.0457602843184075,3.24620421518661,0.0194099379491351
"852",0.000351789184644698,0.37790054167543,-0.0459554386754338,3.229813810956,0
"853",0,0.375331079711677,-0.0461484435864697,3.21778763806201,-0.515640584059776
"854",-0.00934556210903227,0.374797503982134,-0.045847465896583,3.21539614424348,0.525344140420792
"855",0.00849597030373305,0.374043023827747,-0.0464345845096446,3.21197695127158,1.28225425201289
"856",0.0232398052484713,0.383041584570594,-0.0540748387942168,3.44587133401389,-0.614972630939932
"857",-0.0111458738809005,0.382934288939215,-0.0532740568184152,3.39081009775385,-0.212273333278593
"858",-0.00271565182197047,0.380134518876546,-0.053377373408245,3.33594817726603,0.327869146169815
"859",0.00585195026481504,0.378141081588672,-0.0536103366026771,3.2966587957914,-0.279585624397454
"860",-0.00506725982859424,0.376121112956782,-0.0536367414974769,3.26742902710973,-0.22229748679681
"861",-0.00235664448861513,0.373789023258273,-0.0537383823268908,3.2454092353744,0.424834084942032
"862",0.0077767019647438,0.372812114689856,-0.0541357739290319,3.23240907031771,-0.608844596405357
"863",-0.0110348082876955,0.373256308034354,-0.0533892519333038,3.23302445311654,0
"864",0.000460352223246854,0.371032046739892,-0.0535007649188331,3.22014355249873,0.570297809766367
"865",0.0103361794369522,0.371218795930247,-0.054286276038112,3.22050977069122,0.0674471288275205
"866",0.00122242381809967,0.369155386590392,-0.0543884388850644,3.21096195145042,0.853599390028765
"867",0.0154707879138177,0.372273812493966,-0.0567665461725182,3.25360651353484,-0.44027636204598
"868",-0.00797964747895504,0.371556589389096,-0.056496984599046,3.23923528498228,-0.886411045264716
"869",-0.0167946996636517,0.375318184030594,-0.0537502109406048,3.29083100071028,0.0193535901513692
"870",0.00138971292468844,0.372996321123806,-0.0538605135198087,3.26256487576081,-0.699099847015436
"871",-0.0126706105816146,0.374195788685861,-0.0527219527671888,3.2640010409597,-0.82184201933745
"872",-0.0143396921581773,0.376111493284798,-0.0511400844772411,3.27650008803368,0.20609458200226
"873",0.00462596252933262,0.374177095065897,-0.0513461958138026,3.25252141281513,-0.807170442048103
"874",-0.014629301362092,0.376462358644357,-0.0495517895674535,3.27420968937818,-0.773890160616124
"875",-0.0137125298221985,0.377827291941759,-0.0482465374436649,3.27777147558918,0.308289240242453
"876",0.00633834313643726,0.37618214170125,-0.0485848813686233,3.25454218473642,-0.497711558981587
"877",-0.00902061325395304,0.375504764770035,-0.0482911241029804,3.24177844798567,-0.60054229131632
"878",-0.0102382369738389,0.375258579987873,-0.0478426858641353,3.23524593774061,-0.211044749454594
"879",-0.00314186761480067,0.373065361391479,-0.0479993836569062,3.22183780110125,-0.251825869672331
"880",-0.0059911700814281,0.371591595888457,-0.0480428579378478,3.21299383896689,-0.232241231258961
"881",-0.00376905995194905,0.369762340735124,-0.0481829278864423,3.20560073508075,-0.486421713036025
"882",-0.00854840003376077,0.369304823521386,-0.0479756537188048,3.20451479069276,0.658130254795281
"883",0.0115476035695085,0.370258015752376,-0.0491359551164195,3.21556060265749,-1.11630954230809
"884",-0.0202321936694887,0.377092335997801,-0.0440407506132341,3.35862574945558,-0.450036557860684
"885",-0.00842534411186211,0.375956927108829,-0.0439416311752539,3.31582436873693,0.122938239026543
"886",0.00324577411549292,0.373772708461579,-0.0441803531381523,3.28100848540869,-0.0614502272511981
"887",-0.00111373490206823,0.371530977003558,-0.0443918813418915,3.25535243881322,0.927962606546343
"888",0.0185022197883241,0.376689343610127,-0.0484902635728365,3.33782082225381,-0.0406091376139048
"889",-0.000736007268429031,0.374231811220948,-0.0486546842410161,3.29703698886653,-1.42150984941446
"890",-0.026332506283171,0.386600371944089,-0.0377834919532811,3.67411130155427,0.205782560528277
"891",0.00465726760493181,0.38395998491662,-0.0381443017598935,3.54433553146552,-0.246989937231698
"892",-0.0044764897683795,0.38139280082418,-0.0383678638143651,3.4489110992844,0.236710860283758
"893",0.00392346404109503,0.378910395906404,-0.0386820052330071,3.37875645398884,0.143811016053968
"894",0.00260645655916717,0.376404036497536,-0.0389645969343401,3.32710587411709,1.86103911889033
"895",0.0337298056254471,0.39797394665028,-0.062163296595372,4.36836721973529,-0.262308463558383
"896",-0.00475412547749638,0.394562152901941,-0.0620929958308181,4.05380279632551,0.171587223527378
"897",0.00270818416132421,0.390952781110493,-0.0621209144807331,3.8224216107354,-0.525784831090088
"898",-0.00952941825535173,0.389382500873904,-0.0616381831181216,3.65914548035847,1.02875339971696
"899",0.0159890301900484,0.391515166992648,-0.0640663034287214,3.58625705061934,-0.331675262599399
"900",-0.00601134174165961,0.388801827570962,-0.0639188366282298,3.4805433032003,0.882034384297293
"901",0.0151226416529542,0.39035797878478,-0.0659342241884144,3.44405321042084,0.606876458424728
"902",0.0109991374031575,0.389323819516177,-0.0666086392782557,3.3852967825681,0.41571870224385
"903",0.00753456006336345,0.387067689138626,-0.0667998740013917,3.3341394378005,0.630171443433292
"904",0.011421339875105,0.386532501294931,-0.0675907755326017,3.30719310647761,0.0490653069065324
"905",0.000889268392110447,0.383348460335613,-0.0675462805993813,3.27456350962311,-1.53233189535339
"906",-0.0277722571542509,0.396741375072462,-0.0549750687262965,3.73262769041238,0.268616785901281
"907",0.00527740629822642,0.393516798188227,-0.0551760980296831,3.5875612654252,-0.607904607638218
"908",-0.01101777176327,0.392433780252802,-0.0544973508817534,3.49198031958051,0.578093905375421
"909",0.00966641544884401,0.390874819378553,-0.055137813503066,3.4174563572394,0.16880993036141
"910",0.00305954135028108,0.387543015438267,-0.0552435481742228,3.35552087602185,-0.387693710915774
"911",-0.00702663011145869,0.385338407446894,-0.0551305048985531,3.31201270525842,1.97245053477786
"912",0.0372590751648687,0.411837691247817,-0.0854937621307357,4.84109737192564,0.097608597305535
"913",0.00176907566373528,0.406838548238479,-0.085253090276591,4.40003965870527,0.301982597616439
"914",0.00547318657436042,0.402802808902829,-0.0851003928346775,4.07704937179485,-0.0681099515505282
"915",-0.00123443693560174,0.398469583754293,-0.0848620707903592,3.83943416914591,0.155611780088195
"916",-0.000112932781227079,0.394412325272316,-0.0846276521539895,3.66508587079981,-0.751113124999616
"917",-0.0136133085284448,0.394572679546044,-0.0829851618654968,3.56337163231384,-0.00979192167244944
"918",-0.000571242017616864,0.39079938094055,-0.0827713440074517,3.46252984055974,-0.22547923870893
"919",-0.00363257665894587,0.387574729353278,-0.0825329389458611,3.38867283811976,0.635916636936073
"920",0.0106536090878364,0.386739364850802,-0.0830314559340689,3.34478922577638,-1.16730934575455
"921",-0.0211565232226529,0.393185305114983,-0.07721065462466,3.46715881020307,0.93298000595716
"922",0.016156507423349,0.395304853991417,-0.0796033493669588,3.44944352997904,0.175798463089803
"923",0.00318620276655282,0.391653685884648,-0.079440206900876,3.3789903651822,0.661352342466536
"924",0.0119864680623325,0.391103373524055,-0.0802249239907065,3.34292375162061,0.444918037349815
"925",0.00806377403179618,0.388882938402079,-0.0803151297260133,3.30372391171011,0.634922767865868
"926",0.0115074537283537,0.38825314164202,-0.0809685888500992,3.28510553970985,-0.48063151257073
"927",-0.00871105143998357,0.386619986069972,-0.0803704867026944,3.26334514595219,-1.15328118399722
"928",-0.0213156737300694,0.392901852145813,-0.0747261538292772,3.40164818887712,-0.361310875948791
"929",-0.00613339122541468,0.389946799966605,-0.0744962900740828,3.34470756024445,0.866902618971861
"930",0.0147988132286538,0.391214786424466,-0.076261879743506,3.34069751677111,0.840219342571765
"931",0.0152282855422109,0.392422740591859,-0.0780178923360335,3.33802345242751,0.823680549963582
"932",0.0149285335089027,0.39335040941667,-0.0796318560198498,3.33274193267691,0.181064517947842
"933",0.00328164568603348,0.389855346575572,-0.0794702299006934,3.29337245252201,-0.00952154249707626
"934",-0.000172570138059383,0.386422210891688,-0.0792950386151263,3.26442267746651,-0.391165885404374
"935",-0.00690552293003716,0.384245455974902,-0.0789320842941798,3.24498705526942,0.0191168037286429
"936",1.48310103745002e-05,0.381217415640991,-0.0787628137138225,3.22892073993879,1.0174575483236
"937",0.0184405824621043,0.385610790287363,-0.0822868327959775,3.31165043302722,-0.0189232662122049
"938",-0.000342968659098818,0.382493279926796,-0.0820805260914212,3.27783399043615,-0.123088591974013
"939",-0.00168545496710228,0.379651306790711,-0.0818738919035428,3.25302805789106,0.179847651297434
"940",0.00374833060268292,0.37725766811606,-0.0817042653569368,3.23498874582812,0.04727461913792
"941",0.000856813646931755,0.374747892984483,-0.0815048319413327,3.22158497891002,-0.0189071658721666
"942",-0.000342676853658254,0.372409211384207,-0.0813072681369016,3.21174989097569,-0.568883680802446
"943",-0.0100112983127817,0.372357332106007,-0.0805012683613389,3.21311637081743,-0.266590655842466
"944",-0.0051365940557314,0.370708954297016,-0.0802405616048895,3.20605271227794,0.142904802102828
"945",0.00264987939070326,0.368819102979268,-0.0800695843420189,3.20040228295889,0.0666190840722204
"946",0.00120741618695321,0.366935065853466,-0.0798887798281926,3.19620902376281,-0.879126541117056
"947",-0.0159334465627626,0.370551162209359,-0.077176887518009,3.25030909273186,0.23965884068357
"948",0.00438207680624537,0.368975477423056,-0.0770894965862023,3.23323748247846,0.420409562451627
"949",0.00761957805219477,0.368255927107928,-0.0772054961107144,3.2231201152658,0.161958783556505
"950",0.00293536994104244,0.366549900065036,-0.0770687635156345,3.21292988863964,-0.620675184247103
"951",-0.0112492279762912,0.367507416935477,-0.0760184635870424,3.21982742045631,-0.34542348680876
"952",-0.0069356416481285,0.366649683448774,-0.075691470300288,3.21226651263916,-0.317689797880801
"953",-0.00601842791497127,0.365629632867547,-0.0754300903498933,3.20597810560736,0.0481997406545746
"954",0.000478433057504335,0.363955161833698,-0.0752994177156942,3.20029871369497,-0.231570925559819
"955",-0.00419703284490597,0.362769174266027,-0.0751231081060106,3.19641202692797,-0.600718791258649
"956",-0.011152102107947,0.363892874759732,-0.074133980356335,3.20686478673535,0.310498988057726
"957",0.00583390460679989,0.363108460948285,-0.0741562363984356,3.20214001083822,-0.739015420952491
"958",-0.0133940475779996,0.365469325821534,-0.072481404829766,3.22740659536623,-0.205168358814509
"959",-0.00384669657209113,0.364074257970171,-0.0723536423897926,3.21617142195806,-0.323260309905777
"960",-0.00496366740750404,0.363012312394283,-0.0721827064119678,3.20829187158691,0.908342427511283
"961",0.0149733514017128,0.366326098641027,-0.0742529342784791,3.2484078863158,0.967593422315514
"962",0.0175368361298195,0.370908153993661,-0.0773515508280899,3.31009246900006,-0.482626419434394
"963",-0.00874720748854228,0.370585141616376,-0.0767427015196198,3.28252158319409,0.934181205056538
"964",0.0179473384144987,0.375488762887109,-0.0802431362614983,3.34941953896673,0.334944568844967
"965",0.00607059523239699,0.373792952267059,-0.0801736686442149,3.306464252812,0.761400842173043
"966",0.0137997649532814,0.375490299936063,-0.0815463209900657,3.30388964874505,0.0379182865477876
"967",0.00068723780275478,0.373099242020226,-0.0813483794547785,3.27213951400639,-0.722917635175351
"968",-0.0131022884313209,0.374520308217407,-0.0797810744385273,3.2740885110404,-0.171985519174974
"969",-0.00223662367906558,0.372280028083536,-0.0795976450509299,3.25028694942883,0.219706827644436
"970",0.00322721647350153,0.370343338686745,-0.0794423470235294,3.23290717769173,-0.430313836373198
"971",-0.00779908488299958,0.36962836388679,-0.0789692003119616,3.223359001051,0.220169523677477
"972",0.00487462714203207,0.368190248341567,-0.0788773362678749,3.21360193588598,-0.335233300875369
"973",-0.0060758282633228,0.367128078271313,-0.0785633989117297,3.20715761197896,-0.307485588667565
"974",-0.00635531655855588,0.366164042286214,-0.0782464506898134,3.20250476503564,-0.19265972629125
"975",-0.00255216103828336,0.364569396407402,-0.0780756599451556,3.19778135451166,0.691844788981446
"976",0.0116315431586588,0.36585289968572,-0.0789182439639409,3.21090590263149,-0.614736351425956
"977",-0.0111415915087575,0.366884819053742,-0.0778330030299701,3.2186552397096,-0.163926559055542
"978",-0.00296476826572761,0.365273922736306,-0.0776626553972185,3.20965165425356,-0.921040007576892
"979",-0.0161105144681266,0.369078977645575,-0.0749089863104879,3.26217519205968,-0.507764004724219
"980",-0.0107985390950256,0.369485880385722,-0.0740671899780097,3.25215869974378,0.24443913417763
"981",0.0056814987090646,0.368256791431076,-0.074076609685841,3.23522099875796,-0.528739114894892
"982",-0.00958296222306686,0.368372183091615,-0.0733972393578746,3.2294650199159,0.0392618772220524
"983",0.00144040537424729,0.366547188643237,-0.0732913784187792,3.21753766062953,0.156893540714631
"984",0.00284356657443509,0.364967173237047,-0.073198038867299,3.20883594159668,0.273972774112049
"985",0.00496553152680318,0.363844798318745,-0.0731663315493942,3.20291551240966,0.312195375521123
"986",0.00565828478649593,0.362948891863557,-0.0731694045566263,3.19891414790012,-0.331739986156971
"987",-0.00601251480298547,0.362253109320882,-0.0729185350857955,3.19637651171877,0.205028141141261
"988",0.00375165980907375,0.361131289642257,-0.072851895369297,3.19345469963385,0.21434146943441
"989",0.00388476310256507,0.360083489381923,-0.0727849201700978,3.1913030820602,1.04560929390185
"990",0.0189508097306947,0.366353596118325,-0.0769991447076757,3.30595052926234,-0.163863355380212
"991",-0.00296988874119084,0.364851983292607,-0.0768283773713432,3.27375829221124,-0.347893663596768
"992",-0.00667262391571216,0.364154400200268,-0.0764999059604294,3.25174378475353,-0.0774743405011685
"993",-0.000696772720369332,0.362586360147144,-0.0763572329771857,3.23387846973331,-0.553748925563855
"994",-0.0114379578601683,0.363889766551745,-0.0752697098513029,3.23616711586258,0.882601141839441
"995",0.0167554424880301,0.368428596845252,-0.078221608496733,3.29672245022281,-0.0869439266477777
"996",-0.00157578726657357,0.366619159299305,-0.0780560279110471,3.26689159707554,0.260605330639505
"997",0.00411278471918967,0.365229078394157,-0.077940715349738,3.24525278193775,-0.405680069561459
"998",-0.0073526180903628,0.364744719260828,-0.0775251352945942,3.23182557450667,0.270636159774307
"999",0.00319123129393103,0.363361058548284,-0.0773944318684153,3.21937280540598,0.144682928542506
"1000",0.00262225925695158,0.361982682507228,-0.0772527207857986,3.21016564414901,0.240674003056493
"1001",0.0043620186485033,0.360959017955568,-0.0771529961747316,3.20368528581859,-0.617285910708091
"1002",-0.0111878001768849,0.3623039755436,-0.0760894277808819,3.21330834888865,0.280179884749678
"1003",0.0045068715048913,0.361332600375979,-0.076017759395489,3.20612228306991,0.663495871245819
"1004",0.012025317761054,0.362983263761796,-0.0769674241758877,3.21891918628506,-0.220676510758532
"1005",-0.00399958052382337,0.361869693427616,-0.0767722026840263,3.21007916216469,-0.0576479647018034
"1006",0.000216368892067413,0.360461673347781,-0.0766266740245015,3.203307692374,-0.211660652428083
"1007",-0.00416729692495186,0.359522286484077,-0.0764362612956926,3.1986160100443,0.432464274993835
"1008",0.00696684696613119,0.359332825340806,-0.0765189086985174,3.19715733975272,0.0575208528945832
"1009",0.00104251821890831,0.35812433795129,-0.0763766421695746,3.19382717418387,-0.5670638483439
"1010",-0.010277566542106,0.359231127525417,-0.0755296752858691,3.20179357059392,-0.415319088316812
"1011",-0.00693304036444915,0.358976387921702,-0.0752001412783448,3.19913559299983,0.0967398740435783
"1012",0.00104068372209914,0.357804717515298,-0.0750728899111958,3.19527974026227,0.693778076667769
"1013",0.0125741578646415,0.360027999921516,-0.0762273438516014,3.21550587227327,-0.249976094020547
"1014",-0.0045306114077543,0.359231069680529,-0.076018673045378,3.2077593308638,-0.192715419058314
"1015",-0.00328577639379642,0.358229559700284,-0.0758602465925639,3.20170251814479,0.202341447847572
"1016",0.00376983132716816,0.357393714547763,-0.0757610117598914,3.19736052860004,0.690650227322929
"1017",0.0125174681640564,0.359590506000921,-0.0768778350383037,3.21631396281669,0.0286738353219053
"1018",0.0005196897164207,0.35834741170553,-0.0767311467079553,3.20788236830585,-0.172166470073592
"1019",-0.00312037587595913,0.357399916051128,-0.0765662503213513,3.20178459219536,0.296324835672098
"1020",0.00549891259431064,0.356967212820562,-0.0765341622914342,3.19810754151645,-0.411267377062687
"1021",-0.00745388345016802,0.357120624225102,-0.0761112325595411,3.19755854788987,-0.0671108792745047
"1022",-0.000856665468013947,0.356065414147202,-0.0759727059609111,3.19412115770586,-0.0575594797165582
"1023",-0.000545654759273622,0.355081462474648,-0.0758358479631717,3.19159885451789,0.469102387215497
"1024",0.00762963510848105,0.355398958676543,-0.0759925725999737,3.19295728232287,-0.124241426599364
"1025",-0.00225177382210189,0.354578263991433,-0.0758466646049272,3.19077549663142,0.276942353388924
"1026",0.00474498135537789,0.354181085074357,-0.0757832238265801,3.18963961430145,0.0190712311057661
"1027",0.000345650401276374,0.353328921407973,-0.0756485561244384,3.18831053104313,0.00953425180681075
"1028",0.000172800483860622,0.352537562867676,-0.0755153594035937,3.18733533596912,0.371128560349456
"1029",0.00672640036180607,0.352760332459048,-0.0755848017529943,3.18857278443772,0.246656040051467
"1030",0.00447043815620555,0.352410060327779,-0.0755066845005338,3.18786910643103,-0.246656040051467
"1031",-0.00447043815620555,0.352123383604217,-0.0753125937957232,3.18742192944579,0.32242797017801
"1032",0.00614443752466416,0.352239577325943,-0.0753430853056803,3.18812241400286,-0.094723886972805
"1033",-0.00171679265806331,0.35159722766266,-0.0752091916217433,3.18720800223326,-0.17072943538159
"1034",-0.00334294352069763,0.351162879516671,-0.07505667604506,3.18664197661385,-0.494862068122296
"1035",-0.00817831315901918,0.35192345467756,-0.0745737825162103,3.1902942493791,0
"1036",-0.00071134487080057,0.351239897311615,-0.0744522715530272,3.18879095017952,-0.766140502909379
"1037",-0.0138856674116147,0.35467559835135,-0.072555026406995,3.22335205733749,-0.404585851954371
"1038",-0.00757057998372872,0.35492087017132,-0.0721986289437901,3.21575607593122,-0.0289617224595182
"1039",2.20744528284598e-05,0.35401429963918,-0.0721033322699138,3.20747302245308,0.192919901639958
"1040",0.00249408426764675,0.353304491630568,-0.0720192808507881,3.20143212995847,0
"1041",0,0.352514356166595,-0.0719259517621505,3.19696307802571,-0.0385542173450326
"1042",-0.000698763526187772,0.351791678472337,-0.0718334221572478,3.19368421754938,0.202244013655912
"1043",0.00354568523527093,0.351379138278871,-0.0717720552922909,3.19143207338371,0.0192400192993686
"1044",0.000348709548665751,0.350729953873702,-0.0716814575625145,3.18962571841283,1.04302175177198
"1045",0.018903912654646,0.357690453937334,-0.0760938780569063,3.31145965756202,-0.371942634694768
"1046",-0.0067411547907449,0.357645894676117,-0.0757255454738573,3.28003177082094,0.133677094288009
"1047",0.00213039544716906,0.356649136277724,-0.0755989045854942,3.25465809519344,0.219225174774219
"1048",0.0039732762510377,0.355944933546929,-0.0755058790355827,3.23624053427009,0
"1049",0,0.35496385445288,-0.0753742464555686,3.22250313346355,0.104677175661787
"1050",0.00189718784127338,0.354129877249652,-0.0752485342982093,3.21243577089303,0.79576016733142
"1051",0.0144224995037,0.357665007807135,-0.0770781986831338,3.24563226967703,-0.58673396295904
"1052",-0.0106340712151484,0.359073909542618,-0.0760914321730373,3.24248047678303,0.284333430114406
"1053",0.00540831696624904,0.358530881416979,-0.076066524118228,3.22798835228738,0
"1054",0,0.357362827916647,-0.0759287320009266,3.21644823990487,0.0662283008265312
"1055",0.0012003335615613,0.356309586967076,-0.0757935759939498,3.2079828159798,-0.255694064211136
"1056",-0.00463424492149563,0.355761205864295,-0.0755930253483138,3.20220925669486,-0.332431326706076
"1057",-0.00687253453464582,0.355769458146298,-0.0752561486053079,3.19952659697843,0.0475579026417594
"1058",0.00113667760158503,0.354834657464779,-0.0751285698182547,3.19556730150893,0.474339187448921
"1059",0.00859700821481092,0.355491810899491,-0.0754146307198137,3.19776440224506,-0.104161744184004
"1060",-0.00188784606904388,0.354631867857568,-0.0752784208740553,3.19428834413891,-0.999770288946409
"1061",-0.0178240494890984,0.360449255413367,-0.0714552774472189,3.28632755121837,-0.25870756536347
"1062",-0.00463095282250526,0.359535316523514,-0.0713169548970359,3.25956849624962,-0.0575815754873435
"1063",-0.00174220775973721,0.358352645890722,-0.0712284105908536,3.23962656502937,0.564783964315374
"1064",0.00994335879485531,0.359304860856008,-0.0717848515505979,3.23414569007026,-0.564783964315374
"1065",-0.0102362455164757,0.360378899386331,-0.0709669631401711,3.23179890095831,0.0671752820232185
"1066",0.000748141269092172,0.359095421151431,-0.0708857160305971,3.21924485806846,-0.172827695443225
"1067",-0.00313236004274311,0.358095957786817,-0.0707847919208043,3.21012308589175,0.307043035310981
"1068",0.00428915257222332,0.357359225757547,-0.0707581005934973,3.20367037270775,-0.480169942071959
"1069",-0.00870268585376459,0.357908757840675,-0.0702395525723604,3.20413425139863,-0.656753374708526
"1070",-0.0125743657762829,0.360051169765706,-0.0689269717998121,3.22098808518928,-0.368896642010378
"1071",-0.00614886580070194,0.359515524041072,-0.068734483124493,3.21243815129211,0.368896642010378
"1072",0.00574274587459679,0.359001971643167,-0.0688062057220919,3.2061180432495,-0.631836852907269
"1073",-0.01145152405408,0.360628089679179,-0.0677541851113442,3.21683608456695,0.505788453031162
"1074",0.00939833256912882,0.361262631013394,-0.0682748272657787,3.21604254679112,0.609374618678026
"1075",0.0110444145060994,0.362401416627091,-0.06904315913947,3.22040976520821,-0.096478541009886
"1076",-0.0017485943214512,0.361033606137627,-0.0689778249069028,3.21090062967351,-0.53230224889147
"1077",-0.00808479481768524,0.361057995741917,-0.0685843156009581,3.20774347662879,0.0194061712233302
"1078",-0.000344298073862389,0.359707755140834,-0.0685287177090265,3.20159391920573,0.454964242505408
"1079",0.00824585324965462,0.35989678322454,-0.0688346603445201,3.20133918382916,-0.941251915443573
"1080",-0.017059417951097,0.364902613700918,-0.0655056305575347,3.27732899870165,-0.107301380826348
"1081",-0.00127288322891398,0.363293095814188,-0.065483297030515,3.25265184215872,0.71963745364062
"1082",0.0129681996137133,0.365355262860556,-0.0668492238506011,3.2601823497566,-0.592839094784097
"1083",-0.0107447217155525,0.36624690728937,-0.0659821640140668,3.2530038665273,-0.302631167663561
"1084",-0.00392391124768664,0.364815041072091,-0.0659227370387286,3.2349742070782,0.0488734675678348
"1085",0.000880028976066877,0.363211349238713,-0.0658969249447682,3.22157471861746,-0.185846387916622
"1086",-0.00336831315203993,0.36194710662916,-0.0658463194010177,3.21186046907607,-0.117554872471744
"1087",-0.000999518817664074,0.360550374498323,-0.0658202797659506,3.2046153920882,-0.0588292986865736
"1088",-0.00107265243853855,0.359259582095223,-0.0657943015878769,3.19929987077276,0.615988259170666
"1089",0.0107118026569855,0.360477902208711,-0.0665645781684865,3.20760449225117,-0.263530482903405
"1090",-0.0047762735745244,0.359692095286844,-0.0664525580802299,3.20204989758806,0.341480404028597
"1091",0.00615847794418067,0.359265939543574,-0.0665768284344556,3.19881293897789,-0.331707621220918
"1092",-0.00601192821509967,0.35883878070802,-0.0663955373202881,3.19633538960521,0.477700152869445
"1093",0.00755351068118375,0.358891909396062,-0.0666539957795986,3.19640370390436,0.40764882230545
"1094",0.00738830011698187,0.358811335479655,-0.066865345141575,3.19582359847946,-0.252158023241775
"1095",-0.00457015708294913,0.35809150662136,-0.0667615293230144,3.19329971802437,0.822015169736723
"1096",0.0160047642078955,0.362437119801733,-0.0694183100949033,3.25304916671267,0.250096321201437
"1097",0.00453279042666968,0.361367571374001,-0.0694020539327886,3.23512919289279,-0.0672721182450521
"1098",-0.00121925189502232,0.360029982253781,-0.0693360714887981,3.22169031560604,-0.31775097747397
"1099",-0.00443299137386985,0.359165393318371,-0.0692171744861242,3.21217407536167,0.0963948407010945
"1100",0.000622798934344617,0.357961708079094,-0.0691548528190707,3.20484501692815,0.566845923806957
"1101",0.0102736168388475,0.3590653986838,-0.0697922412237605,3.20974969995652,0.0574657615660855
"1102",0.00104151973382381,0.35787397056243,-0.0697237811303415,3.20306644206805,0.219980003586431
"1103",0.00398695690334531,0.357086756627208,-0.0696961086738272,3.19839218389662,0.162283458841318
"1104",0.00294125441393555,0.356197318320147,-0.0696436364834484,3.19479568970744,-0.38226346242775
"1105",-0.00692821131728088,0.356230308576932,-0.0693546053028476,3.19431806887822,-0.306866370456356
"1106",-0.00502211348430446,0.355736334547771,-0.0692140393697282,3.19228138725879,0.0672075297727857
"1107",0.00109130448181884,0.354799845696047,-0.0691526077212696,3.19025071559594,0.0479777392497285
"1108",0.000869557121511033,0.353916788571538,-0.0690911739246997,3.18875940367017,0.229973271153121
"1109",0.00416807667088062,0.35344752769215,-0.0690771287224334,3.18794662111118,0.133907241434415
"1110",0.00242695877780138,0.352764119365449,-0.0690246951278233,3.18709739337796,-0.248827767393726
"1111",-0.0045097989307225,0.352452278222581,-0.0689018131175003,3.18685571245687,-0.576592026033924
"1112",-0.0102786030464889,0.353926153250677,-0.0681406325286393,3.19660628951171,0.346354011817601
"1113",0.00610663046051432,0.353929822345715,-0.0682539112431213,3.19490940822409,0.727275932907983
"1114",0.0131812789984118,0.356713124977411,-0.0696714155868965,3.21985516770171,0.523038613341394
"1115",0.00947964531402644,0.357485111008836,-0.0701170855260071,3.21728799068777,0.0189681335925292
"1116",0.000343781843519232,0.356393131700997,-0.0700446570628015,3.20859703821072,-0.361011222409974
"1117",-0.00654303192065844,0.356288069132904,-0.0697900710557804,3.20394087560112,-1.86364663727061
"1118",-0.0340853180673355,0.379720363819796,-0.0441878489643131,4.44446389592394,0.753481153657754
"1119",0.0135191391225821,0.381252490149036,-0.0460733513526617,4.14192195171067,-0.908745619589576
"1120",-0.0164702680349941,0.384358771929937,-0.0435160792517932,3.95083050519943,0.0485460468779658
"1121",-0.000110542531063969,0.381322867592947,-0.0437358865062988,3.74682097717619,-0.26242907610951
"1122",-0.00475631148093081,0.378984615350789,-0.0438900380635953,3.5975499657293,0
"1123",-0.00321827724158933,0.376544521674705,-0.044087485319763,3.48768717642925,-0.116856571872107
"1124",-0.00211792939508572,0.374163006058325,-0.0442957720159362,3.40701276765326,0.146049390646059
"1125",0.00166138709628604,0.371925116590303,-0.0445099830495174,3.34781134405722,0.145836397438455
"1126",0.00264316493338817,0.369932548051453,-0.0447297671505098,3.3044062936243,-0.126379251740338
"1127",-0.0022905201470632,0.368055318985692,-0.0449283623966296,3.27254451824833,0.678625968435893
"1128",0.0125777361151201,0.36957117326454,-0.0463796895234349,3.27137851026343,0.202692989621909
"1129",0.00367364397244067,0.367855745142964,-0.046593264282776,3.24840760675359,-0.900776103755919
"1130",-0.0163258271055855,0.371704719023414,-0.0440436089177154,3.29481793611498,-0.282554872061208
"1131",-0.00428725197478593,0.369920910301378,-0.0442187379882336,3.26570148330188,0.680671628415151
"1132",0.0114690923074759,0.370752837872359,-0.0453789568760322,3.25955133782646,-0.63189827720684
"1133",-0.0114526373190641,0.371580480382696,-0.0446051570191442,3.25558374514145,-0.675182368273982
"1134",-0.0110692936119813,0.371967182737892,-0.0440290863720749,3.24867089780692,-0.137551603531005
"1135",-0.00225785674277829,0.369916586593673,-0.0442379359924917,3.2316390728806,-0.769841938673652
"1136",-0.0156169516464215,0.373063667470125,-0.0421224488374696,3.27022520568558,-0.695966221399339
"1137",-0.0117595151968573,0.373633951762718,-0.0414383844012536,3.26224536411227,-0.700843877880268
"1138",-0.0123773533591296,0.374507375131041,-0.0405889882457616,3.26021453129236,-0.634986762930573
"1139",-0.0124654352691717,0.375357360054824,-0.03973197667152,3.25911093757065,0.0909596303049593
"1140",0.00203858493573622,0.373080492229891,-0.0400003486023066,3.23930606173124,-0.913341035549175
"1141",-0.0165535561752121,0.376689903469067,-0.0374821074636016,3.2894101199791,-0.829200635836739
"1142",-0.0151190267509911,0.378859612609777,-0.0358177692510493,3.30188880563217,0.829200635836739
"1143",0.0154286062690464,0.381443627942684,-0.0384227840322315,3.32098896807622,-0.0509865916312392
"1144",-0.00092409009986377,0.378648548713947,-0.0386975158526765,3.28468752260728,-1.08707869827057
"1145",-0.0190446345940096,0.383694079975876,-0.0348732529865064,3.36666197896905,0.545016516982139
"1146",0.0109740475935751,0.383419426516792,-0.0360335185678649,3.33144350293129,-1.07228576645654
"1147",-0.0194342988873218,0.388615525955674,-0.0319186936333457,3.41241785765359,-0.145228241292991
"1148",-0.00279212065832856,0.385397035435564,-0.0322575967023252,3.35179802656573,-0.176632598263485
"1149",-0.00130842163229637,0.38231878632343,-0.0325999318083933,3.3072934160709,0.187013041517731
"1150",0.000930503508975008,0.379448993357492,-0.0329401678353163,3.27463761153907,0.290215792418579
"1151",0.00525992289380277,0.377349796639577,-0.0333615991063511,3.25129978959483,-0.935849608608793
"1152",-0.0169615055764368,0.380982727086774,-0.0307265674747665,3.30416693501862,2.0678983349367
"1153",0.0377592071372978,0.408884210148076,-0.0635899205596978,4.99085985934287,-1.25632380445995
"1154",-0.0227698371823175,0.415725490512247,-0.0567514971578477,4.72493902724949,-1.10452305552795
"1155",-0.021025536222987,0.419419704790933,-0.0522984520706858,4.43889645642861,0.512098104019555
"1156",0.0124588265526294,0.417338835998424,-0.0535016159541783,4.12328500372763,-1.02683215715614
"1157",-0.0186104895481653,0.419431840705495,-0.050176912792926,3.95921655369162,-0.327021758816354
"1158",-0.00348051435708256,0.414067266131787,-0.0503077002765748,3.75304000336952,-0.402329817454657
"1159",-0.00634002413045151,0.409716058430055,-0.0503242781365706,3.60277123689983,0.592343597838754
"1160",0.00834504588564144,0.406361054852761,-0.0507891980480537,3.49506347522791,1.64221043219044
"1161",0.0297637153951353,0.420307067132597,-0.0648191793479667,3.9655834283009,-0.739317159355517
"1162",-0.0133995163387475,0.418785422214662,-0.0634277718432541,3.78303055373968,-0.219722819237978
"1163",-0.00320700134359797,0.413444444503742,-0.0634155124094643,3.62375299645766,-0.640994156050616
"1164",-0.0114217842938076,0.411038996455864,-0.062651850243742,3.5184220571155,-2.04479967926034
"1165",-0.0394509419655546,0.43869414215969,-0.0308823001807992,5.09722256585242,-1.03829615450546
"1166",-0.016700846126528,0.437139805561334,-0.0292927938731647,4.6282752223186,0.228050269872533
"1167",0.00334315281995942,0.430566512795702,-0.0296920857653419,4.24399397544185,0.324886575566571
"1168",0.0058883023644939,0.424906563100678,-0.0301608271758407,3.96266361635119,0.129659661600891
"1169",0.00234997488170319,0.419043264578277,-0.0305329969550677,3.75551997519076,0.172618448300245
"1170",0.00312856761012376,0.413699247349799,-0.0309104427773934,3.60357665804364,-0.0215610177635592
"1171",-0.000390775739676712,0.408544339073618,-0.0312686833735636,3.49202959154336,-1.48810653524191
"1172",-0.0271350825184724,0.419346410932565,-0.0210294353572189,3.79564430016646,1.09921115475284
"1173",0.0201361567353763,0.422791883081107,-0.0259750396229746,3.75526700831261,-1.00076980143808
"1174",-0.0181381307548501,0.424226869003735,-0.0231946026909878,3.6812247898107,-0.658113596101749
"1175",-0.0129624214317636,0.421686980217732,-0.0226264444399248,3.56581804896025,0.647180452265353
"1176",0.0146428200368922,0.420638543376765,-0.0247421253111447,3.49705560971875,-0.86751765719444
"1177",-0.0157230450756237,0.420392116659579,-0.0230922922128099,3.45774414686882,0.725277904562288
"1178",0.0148458001569355,0.419598175349476,-0.025297430886846,3.42025826176365,0.491508826309982
"1179",0.00890819381836127,0.415593191480633,-0.0260460882627776,3.36128127602541,-0.0544929445123188
"1180",-0.000987639866191953,0.410325002286592,-0.026457029960477,3.31425078108999,0.163389829933325
"1181",0.00524133674917603,0.405995826841548,-0.0269409294420736,3.2802815687247,-1.53545460130324
"1182",-0.027828853635026,0.41791029702698,-0.015680302887937,3.69298990351294,0.551087033399303
"1183",0.00983350308059019,0.414710258380259,-0.0167725613526738,3.56540363104908,1.68932141190808
"1184",0.0306175632119656,0.429104073119943,-0.0319193048585586,4.05699854328869,-0.173066565642023
"1185",-0.00313668936892085,0.423119200062212,-0.0322417088900542,3.8248397282881,-0.73889285427092
"1186",-0.0107110806173649,0.419683014721207,-0.0319765057483011,3.66292713911007,0.0436157459754741
"1187",0.000198587581316213,0.414094264716485,-0.0323231122441835,3.53557695302449,0.835916499681535
"1188",0.0151503000485955,0.413766130095344,-0.0344728642339246,3.4785996841513,0.506821594938697
"1189",0.00918572517393104,0.410284157557851,-0.035160412282043,3.40470522536431,-1.44090028824718
"1190",-0.0261151343649387,0.420002847000079,-0.0259005496751624,3.68279787280822,0.901641000425245
"1191",0.016379609135308,0.420403780996886,-0.0287505437188796,3.60447973659282,0.172879567638894
"1192",0.00313330018368886,0.414930039138911,-0.0291441595761763,3.49273568723664,-0.617252487684081
"1193",-0.0111871944120239,0.412359812874189,-0.0287848853528575,3.42173048843274,-1.57655991501032
"1194",-0.0254732508155526,0.420824231361858,-0.0207219910634471,3.64350101474935,-0.886727157940016
"1195",-0.0182926362058296,0.421884273756406,-0.0183146652129661,3.5891318348918,-0.636624699984357
"1196",-0.0115710075234267,0.418808826577906,-0.0180933744816826,3.49208176008258,-0.258035707204016
"1197",-0.00496393872441667,0.413758814220942,-0.0185375314651729,3.41056813847029,0.325240010808646
"1198",0.0068659538741288,0.409620235204173,-0.0192069692909292,3.35203741987583,0.625071797448741
"1199",0.0113289129797907,0.40741533456926,-0.0204372784735971,3.31862515994873,0.144548865998297
"1200",0.00261982948343854,0.402834250956339,-0.0209181227844368,3.28297572914607,1.14893000477557
"1201",0.0208234127617001,0.407603990240744,-0.0262462360548894,3.39318229076216,0.97284474976425
"1202",0.0176320121271017,0.409192058507036,-0.0293910729383643,3.40103319255739,-0.490704872108295
"1203",-0.00889362280871434,0.406156934400348,-0.0293520634556497,3.34852863717002,-0.36138680299083
"1204",-0.00533628991668446,0.402110682233351,-0.0296532775883887,3.30540906201644,0.0767670158882364
"1205",0.000708952709392432,0.397803601281858,-0.0300256600793081,3.27325463559351,0.2080710382173
"1206",0.00377111668643441,0.394093530836639,-0.0304229837318686,3.24981134188987,0.480192999540725
"1207",0.0087031037514497,0.391931959843798,-0.0311472049371384,3.23671242997249,-0.819900739522197
"1208",-0.0148600275488748,0.393124668976015,-0.0295901824151373,3.26218507619197,-0.406974108437512
"1209",-0.00759531895379109,0.390590722031681,-0.0297419429210116,3.24375356154031,-1.13058176103454
"1210",-0.0203301747007127,0.395739881440877,-0.0254396189955187,3.35746655528139,0.411591882018812
"1211",0.00630157731613276,0.392822285858113,-0.0260231739782035,3.31295194956991,0.188543282160997
"1212",0.00341719214535706,0.389404467685684,-0.0264554323686581,3.2788804134539,0.0775322628416314
"1213",0.00140520858954788,0.386041028364102,-0.0268640438907506,3.25379194663284,-0.532860941121886
"1214",-0.00965766693832361,0.384868755546845,-0.0267422827585177,3.24238901358609,-0.479777768296101
"1215",-0.00998948169681644,0.383835515214241,-0.0265977338454675,3.23445535837798,-0.1119069051432
"1216",-0.0019043497048489,0.380899619923795,-0.0270004179176846,3.22120040311001,-0.347709396365485
"1217",-0.00669089431191697,0.379051714898679,-0.0272278211001458,3.2130750804362,0.872586362164625
"1218",0.0162209347836862,0.38205595709599,-0.0302179566293204,3.26447606592301,0.931270588520604
"1219",0.0168785145979227,0.385011878625102,-0.0332603533128437,3.30478705379323,1.19564853318607
"1220",0.0216701477208947,0.391596019875734,-0.0392487033936391,3.43974874004779,-0.524763421346988
"1221",-0.0095109060426051,0.390113389798168,-0.0389661266425673,3.37927605825994,0.688188854026438
"1222",0.011753390471576,0.389673010763331,-0.0402004586467743,3.34324179776494,0.456175440790552
"1223",0.0082678052238593,0.387626192845761,-0.0407543743309972,3.30430651079493,0.884675097746858
"1224",0.016034009594848,0.389697491422546,-0.0433055475802279,3.32277432979977,0.203873668984818
"1225",0.00369504281624394,0.386520136360233,-0.0435501385766011,3.28610086497322,-0.623657935397855
"1226",-0.0113032878912724,0.386065576123951,-0.0429219467411494,3.27237724701853,-0.280838378575723
"1227",-0.00446828857473203,0.383290470752809,-0.0431035127179183,3.24928114149313,0.797246196443023
"1228",0.0137533399315654,0.384385059398387,-0.044873924431137,3.26168993366801,0.385563292253455
"1229",0.00698801802284032,0.382308388120361,-0.0452567358546026,3.24283413356204,1.73788415431152
"1230",0.0314977230351956,0.400266039227668,-0.0635548220689002,4.01452609220413,-0.865166822997222
"1231",-0.0156804381364547,0.401672880358625,-0.0612059806031831,3.84527464045985,-0.456694543439258
"1232",-0.00928067198928344,0.399098106640219,-0.0608351144115345,3.67419437720221,0.393094795694444
"1233",0.00861539032216809,0.396629418183379,-0.0612370846683039,3.54828340015396,-0.393094795694444
"1234",-0.00712452033735557,0.393827913190855,-0.0610481229510314,3.4535808946225,-0.287831337780987
"1235",-0.0030427676944227,0.390286079659161,-0.0610614541356604,3.38202800368,-0.0213538330941662
"1236",-0.000116528867002638,0.386820723892112,-0.0610885062182569,3.32947212905293,-0.524598387395729
"1237",-0.0107202275846748,0.386039299950732,-0.0604061085893789,3.30138728583608,0.0107336446193318
"1238",0.000808842732945358,0.382902392410622,-0.060440943498104,3.27030422557493,0.876261216987646
"1239",0.0158815149161047,0.385303772021293,-0.0628109021058545,3.29885078109614,-0.149063059969218
"1240",-0.00270164554181646,0.382388060258573,-0.0628032564588111,3.26850621218514,0.106496282695649
"1241",0.00264294561868903,0.379647460980213,-0.06282260420573,3.24622016803311,0.414255199664131
"1242",0.00750803528102804,0.378130471022277,-0.0630762424274714,3.23237828997272,-0.0530138378529749
"1243",-0.000960832272728378,0.375569861248526,-0.0630803739427927,3.21967048228835,-0.0636537258920981
"1244",-0.000180825816211753,0.373169566022625,-0.0630852439425956,3.21034514937284,0.222610999864729
"1245",0.00410594577150586,0.371300013526128,-0.0631322394048816,3.20374607748544,0.0846740101394947
"1246",0.00153464689406166,0.36925319989722,-0.0631384491333745,3.19866481400527,0.15857078220927
"1247",0.00287396519906738,0.367480872881181,-0.0631569213419265,3.19498977881364,0.221577510861546
"1248",0.00401591041073155,0.365997977952805,-0.063199691225245,3.19245327321165,0.399706012329904
"1249",0.00724434320931903,0.365378957612993,-0.0634340720516886,3.19272076084842,0.272565427157767
"1250",0.00494002451906021,0.364205114798054,-0.0635048218165812,3.19104705951883,0.875552810237862
"1251",0.0158686756255538,0.367900263708573,-0.0659817696588504,3.24486053883248,0.424585114618053
"1252",0.00769525650598055,0.367216540069202,-0.0662071713337371,3.23147061529385,-0.248318803232736
"1253",-0.0045005743732985,0.365876005663242,-0.0661154873971102,3.2194116379084,0.568153999787683
"1254",0.0109393094365148,0.366749141445354,-0.0669251184979869,3.22324656676288,-0.837863706852543
"1255",-0.0151855915793989,0.369999331929339,-0.0646163663768769,3.26243539027702,-0.0415584421565682
"1256",-0.00085488358041774,0.368008561636108,-0.0646042448813792,3.24172324700794,-0.406102500117026
"1257",-0.00623086490276325,0.366972958985308,-0.0644433500402753,3.22783497699127,-0.135734815932421
"1258",-0.00410893802485884,0.365532233446292,-0.0643934772116405,3.21656062162875,-0.965886774286484
"1259",-0.015945837881224,0.369193207394457,-0.0618772177777798,3.26447814211574,0.0421896430685881
"1260",-0.000157728064647552,0.367254000232746,-0.0618953095172723,3.24322198259223,-0.242833883780354
"1261",-0.00440116471279099,0.365864475379011,-0.0618602279863756,3.22795525507101,-0.24342500245909
"1262",-0.00531960524860707,0.364747270796787,-0.0617884262621455,3.21709294276578,0.781089046105244
"1263",0.0154119711204566,0.368223761879423,-0.0641536683010501,3.26010379577294,-0.042065412335502
"1264",-0.00076240105177197,0.366377306168535,-0.0641460488100956,3.24001341429379,0.189155163587131
"1265",0.00359869062388636,0.364917864497009,-0.0641686706863756,3.22542213602814,-0.72704603490223
"1266",-0.0131771122858645,0.367002006734141,-0.0627019328142832,3.24199718055691,-0.753679062527023
"1267",-0.0149564005375474,0.36980908145827,-0.0607241579540746,3.26810743876902,-0.277422286335277
"1268",-0.00420973307546281,0.368153551601105,-0.0607172688359207,3.24609395347551,-0.600151838869778
"1269",-0.0117555390978308,0.369178489747002,-0.0597598918554898,3.24604041505991,0.621519360318608
"1270",0.011803631578388,0.370298657621304,-0.0608731301664859,3.2478677652962,-0.46041089950027
"1271",-0.00834456943454316,0.369830642554716,-0.0605167606176091,3.23568248960006,0.556508285572591
"1272",0.00939717686015201,0.369776153460342,-0.0610861347867724,3.2293131679178,0.074678618715722
"1273",0.00135348863336097,0.367824063194033,-0.06111393653134,3.21742200258092,0.616629638302545
"1274",0.0111759057785073,0.368617563474948,-0.0620017510908048,3.22227288743865,-1.06554018268276
"1275",-0.0193120407213272,0.374786087741962,-0.0574173528820512,3.33904117316319,-1.08784529088888
"1276",-0.020779235529626,0.381282229171376,-0.0523353635977918,3.44523964861525,-0.684599250799001
"1277",-0.0115804067525458,0.381126987144311,-0.0516305751419286,3.38872780502029,-0.109098854373554
"1278",-0.00362469415575414,0.378571122164772,-0.0517377837080608,3.3344991927932,-0.360873047329717
"1279",-0.00547269285040239,0.376572413704,-0.0517732280319738,3.29530716146574,-0.52724199465725
"1280",-0.00944227059153347,0.375948058013369,-0.0514132767265267,3.2722256158683,0.231010498201671
"1281",0.00419259797855864,0.373923186046194,-0.0515962720627491,3.24921131899193,0.120792854966235
"1282",0.00218927129343917,0.371736043487196,-0.05173302690106,3.23203716442914,-0.0768512965309776
"1283",-0.0013928666344204,0.369655990992202,-0.0518607626819784,3.21942260498631,0.350839083691223
"1284",0.00698817436890258,0.368724834010432,-0.0522015798712311,3.21226661916871,-1.17797365875894
"1285",-0.0213498051376411,0.376589018769303,-0.0461956400005369,3.39079288630241,0.364782364375055
"1286",0.00656337931984782,0.375137663727687,-0.0465873151224424,3.33785787458525,0.440383845050711
"1287",0.00798159552014384,0.374077552588969,-0.0470665136325772,3.30028918302627,0.109793599083804
"1288",0.00198991881386305,0.371856769438996,-0.0472511176295218,3.26950754696809,0.416119741925138
"1289",0.00754182857822734,0.370917824538704,-0.0476882749980173,3.2496387799873,-1.10984052214064
"1290",-0.0201149479917271,0.377540774432801,-0.0427676102835148,3.37756918653007,-1.2452907200575
"1291",-0.0228024743080591,0.385661537713849,-0.0362480214578163,3.53744668734718,0.268156585269147
"1292",0.00538733791554361,0.3832433504386,-0.0366605883239081,3.4444120710804,-0.156337273606806
"1293",-0.00283348468994792,0.3804693712692,-0.036940997683857,3.37530504319358,-0.571590236525287
"1294",-0.00951384314404044,0.379610672529873,-0.0367327858126538,3.33111841538934,-0.4054516197465
"1295",-0.00628564160397996,0.377709092210241,-0.0368917622851806,3.29326941079287,0.0676895332704652
"1296",-0.00023713025699339,0.375153800430615,-0.0371843384355492,3.26434707033294,0.60715275337764
"1297",0.0110041450222679,0.3753499755155,-0.0382781767138907,3.25552153642232,0.168001383525311
"1298",0.00304488710290719,0.373136521318377,-0.0385694048047227,3.23670550352716,-0.17921151749815
"1299",-0.00324806157468538,0.371142813290982,-0.038821640278247,3.22294587831597,-0.0336379439175583
"1300",-0.00052928216988814,0.369066893444998,-0.0390929523658383,3.21274845532091,-0.247024603494403
"1301",-0.00512328194128121,0.367690359944683,-0.0392787068775336,3.20586260087224,-0.292727072348309
"1302",-0.00520788781185349,0.366413696268144,-0.0394618906894069,3.20081533135517,0.382624819721879
"1303",0.00728469754941069,0.365828564872326,-0.0399772476076821,3.19913384961742,0.168340761375084
"1304",0.00305103804771552,0.364312873928678,-0.0402515035261828,3.19534119785183,-0.381980017310397
"1305",-0.00692307410731213,0.363757852277535,-0.0402930302629224,3.19461649650877,0.292233545053698
"1306",0.00581455576211566,0.362958854121187,-0.0406806137739891,3.19307990575641,0.414403908274102
"1307",0.00751073050245473,0.362631870510213,-0.0411889023446355,3.19354655629719,0.223289140445157
"1308",0.00404693229123473,0.361490910592915,-0.0414722250525773,3.19138848701806,-0.447077977268549
"1309",-0.00810292116894232,0.361524559031728,-0.0413660095616797,3.19365641413037,-0.280442160356249
"1310",-0.00544790166095906,0.360734970609672,-0.0415144764948131,3.19197550589052,-0.0337059718937355
"1311",-0.00077286620523863,0.359416895296301,-0.0417560733055877,3.19002463470253,1.0841123222344
"1312",0.0193043908941289,0.366089615945071,-0.0466314384220926,3.31667104631967,0.63161603962341
"1313",0.011447521994656,0.366983265342027,-0.0476720057965711,3.29496183225102,-0.96565487600556
"1314",-0.0175017015700099,0.371846502380389,-0.0443845687059172,3.35234260066648,-0.559223020962534
"1315",-0.00943424247279081,0.371475632668076,-0.0441317415906063,3.31362672559928,-1.07121732469925
"1316",-0.0204219158765222,0.378057621930127,-0.0392621535384539,3.42406308490969,-0.44310701371042
"1317",-0.00883250346950231,0.376993664363267,-0.0391674560831478,3.36457688997942,0.329676874506701
"1318",0.00734319710818094,0.375682325572436,-0.0396879051590688,3.31931693341213,-0.0681198936423294
"1319",-0.00123461712785055,0.373312952216268,-0.0399482248082455,3.28346192767666,0.521070503857048
"1320",0.0101234291835226,0.373255759198313,-0.0408416765811369,3.26618306813555,-0.942171678108013
"1321",-0.017076087894022,0.377332214110193,-0.0379667319284875,3.32013769481465,-0.97416391271517
"1322",-0.018508752687037,0.381819567008448,-0.0346439993440973,3.37558931193826,0.642867556689919
"1323",0.0124214512373932,0.382413704981435,-0.0361805347614617,3.34632789556297,0.456673929866447
"1324",0.00827683992896876,0.380890978442469,-0.0367867789680756,3.30669187603285,-0.445231627662762
"1325",-0.00806945759867791,0.379536224400467,-0.0367531845482419,3.27793289162004,0.627318852207734
"1326",0.0124923412025568,0.380231896227058,-0.0382436539215278,3.27413561595449,-0.444419852890487
"1327",-0.00805474484761182,0.378946381752182,-0.0381857582282699,3.25417213745328,-0.0456933980991198
"1328",-0.00131369784285729,0.376330145139113,-0.0384631740466207,3.23566167045471,1.96861205274528
"1329",0.0371520750159462,0.403148565194346,-0.0695760082440074,4.82419577663435,-0.190636446857136
"1330",-0.00345512903643376,0.399113684916718,-0.069471429732394,4.38784974053238,0.537334775455156
"1331",0.0108009840053798,0.397509494536103,-0.0701106641282306,4.07786315756558,0.0111638292050062
"1332",0.000202335235889654,0.393521516338167,-0.0700383029127429,3.84002895411083,-0.111694415722516
"1333",-0.00202436955436742,0.389909147980246,-0.0699620547306079,3.6655352601477,1.00078673612048
"1334",0.020365951458203,0.395288295505139,-0.0747248412216992,3.67288660176755,-0.132860958427859
"1335",-0.00240799575758213,0.391624360196953,-0.0745898477819537,3.54292973803926,-0.510941909070114
"1336",-0.00894734172148538,0.389741321172569,-0.0740692026237749,3.45239871535967,0.588465585359821
"1337",0.0116337482713719,0.389262608921261,-0.0748880676630812,3.39624660002181,-0.0110711320345569
"1338",-0.00020065517580411,0.385874798359079,-0.0747631827637684,3.33990479690523,-0.0442967892071586
"1339",-0.000252651920101592,0.382729789374594,-0.0746397006648856,3.29856496883586,-0.310628161906991
"1340",-0.00455730911267661,0.380250020963703,-0.0744623602473649,3.2685810024892,0.0666444543160449
"1341",-7.37992489442366e-06,0.377510716091375,-0.0743421921225272,3.24623238411113,-0.322527110482838
"1342",-0.00584553899759499,0.375693210457835,-0.0741040278192932,3.23080764402071,0.677216021453653
"1343",0.0120760128585921,0.376426813297628,-0.0750755992653328,3.23705168634402,-0.199357691455568
"1344",-0.00361319443233607,0.374275009259435,-0.0749149321050957,3.22327908445602,-0.578164830467348
"1345",-0.0110719811995888,0.374533848015773,-0.07398291006838,3.22543808925112,-0.033457871276267
"1346",0.000434127805878388,0.372216468229422,-0.0738681635078928,3.21457716661456,-0.4135701418141
"1347",-0.0088377788642866,0.371715575367315,-0.0733322001563559,3.21185747454798,0.100755676029982
"1348",0.00216158652661827,0.369707717021009,-0.0732320997840351,3.20463747415577,0.145356988750904
"1349",0.00263447604464741,0.367873596961058,-0.0731362220410204,3.19935437239747,0.401427836120413
"1350",0.0072755498514501,0.367136048594875,-0.0732651100322189,3.1978341630642,1.15070975414193
"1351",0.0208556692573213,0.374442384633056,-0.0787020153889601,3.35688216335965,-0.187193800189564
"1352",-0.00339273389290581,0.372424256945792,-0.0785028482293728,3.31119309431174,-0.585863611295955
"1353",-0.0104162082325863,0.372522070081936,-0.0776614190780679,3.28734435793366,-0.477858329998085
"1354",-0.00817225071911365,0.371691726750675,-0.0771960108305529,3.26347702054578,0.111333790168497
"1355",0.000598591082623758,0.369583221432586,-0.0770460655088352,3.24248769427492,0.499473817112446
"1356",0.00905255273529569,0.369347101583604,-0.0773533728736567,3.23289938719165,-0.0332207522018735
"1357",-0.000602098850650957,0.367408830690521,-0.0772011665805369,3.22005192550653,0.629314801186935
"1358",0.0116958895251195,0.368501294686627,-0.0780491603708109,3.22715381435798,0.461184522256294
"1359",0.00835859071164757,0.368017556701548,-0.078224492889871,3.21968907417408,-0.946622368736104
"1360",-0.0171567530064642,0.37250858755937,-0.0748448510408721,3.28907464513706,-0.033184005613951
"1361",0.000340017968196724,0.370338156027535,-0.0747206487942192,3.26126938823253,0.474588385948549
"1362",0.00808250312341071,0.369697391444369,-0.0749215311538011,3.24455271040476,0.55997950337825
"1363",0.0101491686077212,0.369840665476041,-0.0754132379635757,3.23730285907463,0.349765358212642
"1364",0.00633920986790527,0.368656778175199,-0.0754262937342363,3.22452924594245,0.620005249284551
"1365",0.0112370859552884,0.369376271768891,-0.0761472363360571,3.22728550660992,0.422010040361814
"1366",0.00764858539990201,0.368597499510766,-0.0762632564441698,3.21860732994522,-0.140472225811036
"1367",-0.00254594372804228,0.36685367644938,-0.0761113240211862,3.20961049238964,0.172860890061782
"1368",0.0035878224749994,0.365363067566697,-0.0760029665855361,3.20311773831188,-0.194489526460576
"1369",-0.00352496293985052,0.363973560572282,-0.0758368436803049,3.19834767579532,0.0216286363987933
"1370",0.000181769597805681,0.362412857119713,-0.0757015847646415,3.19469991720915,-0.173160216427784
"1371",-0.00313838671250075,0.361172845176227,-0.0755481086119911,3.19211154576965,0.647810514241898
"1372",0.0112374983937842,0.362515486368689,-0.0763357489405155,3.20494283504556,-0.226256628331735
"1373",-0.00410071557208797,0.361451433607051,-0.076144371525375,3.19984929411058,0.98745033319067
"1374",0.017576098534745,0.366670836122003,-0.0795119456899747,3.28405022015934,0.298603186572448
"1375",0.00541193752457673,0.365463244165592,-0.0794187652638682,3.25817729955508,0.244615915647398
"1376",0.00443346257686254,0.36419162120024,-0.0792952515068728,3.23891305006942,-0.180745357802265
"1377",-0.00327586117050963,0.362852460782125,-0.079098155288056,3.22457768355481,0.2869137508303
"1378",0.00390773869187626,0.361704938776817,-0.0789666387847688,3.21416919416591,-0.670750451962324
"1379",-0.0121568010786146,0.363474068249659,-0.0776324755429848,3.22660637164218,0.106769175207894
"1380",0.0016859169444223,0.362025190166506,-0.0774818607340427,3.21544610874164,-0.470639439696019
"1381",-0.00852995332525922,0.362156408043645,-0.0769294592081573,3.21211311066396,0.0535934414457151
"1382",-0.000103887504512082,0.360725934041683,-0.0767821876903558,3.20480006005884,-0.0428724551047047
"1383",-0.000777028039168592,0.359411613502924,-0.0766362361214941,3.19943456717371,0.427899668727966
"1384",0.00670728553546751,0.359136571569187,-0.076687455139084,3.19737426934832,-0.825343663624072
"1385",-0.0149586760781437,0.3627415372105,-0.0743349170284242,3.24161791785802,-0.291026882853604
"1386",-0.00574923210946987,0.361904342611307,-0.0741118816181592,3.22726174593666,0.11866876628594
"1387",0.00259608156980513,0.360646496415169,-0.0740080945484452,3.2159633261219,-0.194258640842465
"1388",-0.00352077832764031,0.359594827624777,-0.0738638604651464,3.20777308075568,0.118758448505556
"1389",0.00338511382074469,0.358601564199618,-0.073776629236478,3.20174562491988,0.21556378254606
"1390",0.00390691652387197,0.357741438656185,-0.0737006895512944,3.19739512344325,-0.140063590209151
"1391",-0.00253853754335582,0.356774510726018,-0.0735773836794563,3.19404402585099,0.010781089978637
"1392",0.000650354852586243,0.35574358152671,-0.0734671571060624,3.19154240582472,-0.0215633424016107
"1393",-0.000390817871832254,0.354780391821822,-0.073357879283626,3.18970669126749,0.805459973990948
"1394",0.0142817718210422,0.35820817074302,-0.0751627870296234,3.22770184918297,-0.235596596445214
"1395",-0.00426999482356516,0.357497706480957,-0.074974888543354,3.21662748431975,0.491979601962236
"1396",0.00877549053684877,0.358064284115335,-0.0752988621679105,3.2138216519168,-0.0960666135684435
"1397",-0.00174112847487624,0.357006261532987,-0.0751650670887366,3.20606575148289,-0.0320427239056675
"1398",-0.00189396736848339,0.356021766645235,-0.0750329826137707,3.20037412984948,0.0106820488271195
"1399",0.00154072403330416,0.355087567152443,-0.0749090941496117,3.1961925568456,0.170757778951565
"1400",0.0030948445062797,0.354367636632552,-0.0748029089386453,3.19320198718046,-0.234867194546194
"1401",-0.00425677501317695,0.353894549192483,-0.0746263047531208,3.19125165306539,0.0854700906731773
"1402",0.00152690690109941,0.353116186413492,-0.0745070517306134,3.18949961128665,-0.342319546948078
"1403",-0.00620426065371182,0.353162268853923,-0.0742265686569626,3.18964475771738,-0.947466174704928
"1404",-0.0175875273747181,0.358850854295889,-0.0705857272709183,3.27713520972264,0.086505195705848
"1405",0.00209232853870475,0.357782587692515,-0.0705171818471238,3.25254005878165,-0.313938011561093
"1406",-0.00568986863355614,0.357363387245029,-0.0703186852255844,3.23546146614742,0.0867020754432665
"1407",0.00134508952134679,0.356324012181343,-0.0702460087886862,3.22193559752586,0.05415064842344
"1408",0.000981436030696456,0.355334802294668,-0.0701727317722842,3.21200792226403,0.259515716583916
"1409",0.00470350923216673,0.354862818487566,-0.0701669897371386,3.20517642189813,-0.270343500688479
"1410",-0.0048997539265926,0.354486283641347,-0.0700128101023257,3.20029292836837,0.787363178884198
"1411",0.0139503733346329,0.357785521863672,-0.0717581889000243,3.23285162213081,0.0322251466347526
"1412",0.000584054317401906,0.356673508053483,-0.0716677517200101,3.22001658983475,-0.700547134035912
"1413",-0.012696841470256,0.359060029181401,-0.0702434863529208,3.23494780475898,0.194489526460576
"1414",0.00473268386150016,0.358375189827493,-0.0702483849967755,3.22211355092549,0.129449856264577
"1415",0.00234617233228806,0.357326421867547,-0.07018197006037,3.21216185372817,0.698289349742651
"1416",0.0126559209841776,0.359615279695944,-0.071410635717604,3.22838552050482,-0.0856806307102026
"1417",-0.0015528910652045,0.358435860803715,-0.071320355611929,3.21674892340978,0.24613421383229
"1418",0.00375258852903692,0.35757724959598,-0.0712695996279677,3.20839042210298,0.181536704241621
"1419",0.00329020367481861,0.356697899265354,-0.0712061859404767,3.20216875305081,0.117289558682557
"1420",0.00212577692542865,0.355752664888573,-0.07112752640746,3.19752057716134,0.446571715036475
"1421",0.00809374558176093,0.356159800555137,-0.0713853116210104,3.19804488967002,-0.254939589960029
"1422",-0.00462057069531686,0.355644463396633,-0.0712283173197979,3.19496144740647,-0.0106366005524938
"1423",-0.000156082845845167,0.354685121382437,-0.0711436774660189,3.19221532835224,-0.693817161215904
"1424",-0.0122349547698218,0.356964397703788,-0.0698593896694093,3.21134060349859,0.757619800555952
"1425",0.0130036394296726,0.359614394158823,-0.0712927125994339,3.23275465496602,-0.0850792351650038
"1426",-0.00154199126485229,0.358434692632842,-0.0712037560470737,3.21995460387388,-0.117102264938727
"1427",-0.00286513798523451,0.357443900315613,-0.0711046394084693,3.2106135310018,0.361510228907236
"1428",0.00810732598748392,0.357764423232474,-0.0713735578911461,3.20782049053962,-0.585450605085591
"1429",-0.0106108114076677,0.359102968592144,-0.0704811693815038,3.21408063891688,0.436751692927758
"1430",0.00852821715287579,0.359504155126625,-0.0708317586930937,3.21157116314552,0.063755182267948
"1431",0.00115551031877023,0.358286713077067,-0.0707521202740862,3.2044033381862,0.106168393028035
"1432",0.00192421493135348,0.357212849294582,-0.0706771666749542,3.19915529297745,0.0848536325838936
"1433",0.00153790240334894,0.356187790745375,-0.0706007856714031,3.19529724004099,0.68677960257456
"1434",0.012447316269297,0.358456174162712,-0.0717716788843052,3.21473772618829,-0.559634003754894
"1435",-0.0101429067107942,0.359570493323996,-0.0709613836807146,3.21741094500104,-1.04311749450321
"1436",-0.0189335272685434,0.365773527752362,-0.0666436799598753,3.32223953643039,0.192410535042993
"1437",0.0040065663246781,0.364482097851139,-0.0666609549303676,3.28592123080237,0.0960666135684435
"1438",0.00174112847487624,0.362942297277023,-0.0666294167485662,3.25896240242188,0.298285083206509
"1439",0.00540617216231593,0.362066786348557,-0.0666936864154317,3.23992739664835,0.127564596866933
"1440",0.00231200355400145,0.360746572149454,-0.0666657662442758,3.2252300778928,-0.191407969965457
"1441",-0.00346911225914792,0.359679144885935,-0.0666035716363359,3.21456311628638,-0.0319369779687967
"1442",-0.000320740192173934,0.358429230692537,-0.0665697278628465,3.20659771271542,0.0319369779687967
"1443",0.00034655646820035,0.357270957139724,-0.0665362951582097,3.20075324791553,-0.255781872374203
"1444",-0.00463583637233754,0.35665029610484,-0.0664382931024703,3.19689713177656,-0.0320187846270428
"1445",-0.000243734027252884,0.355618621385538,-0.0664062734210722,3.19363560334949,-0.160247884300223
"1446",-0.00298378685076465,0.354849061516426,-0.0663573280908304,3.19131652780927,0.394814576775752
"1447",0.00688091057245273,0.354965869042008,-0.0665448361458039,3.19172307425801,-0.181207745582269
"1448",-0.00328424156927976,0.354301659056645,-0.0664856929946849,3.18996654919846,0.202504732139189
"1449",0.00338599127972532,0.353690806774137,-0.0664800304437939,3.18868377928948,0.689694494763442
"1450",0.0125001462963244,0.35615000327211,-0.0677153425314522,3.21034186801681,-0.413245621201229
"1451",-0.00748973750051839,0.356415170790287,-0.0673697761466528,3.20682057800854,-0.244511895593417
"1452",-0.00371208642162013,0.355670885023744,-0.0672977386378181,3.20106973567661,0.117015065742759
"1453",0.00225703597591275,0.35482395437222,-0.0672644826342325,3.19672458511924,-0.234167217168188
"1454",-0.00424408849806681,0.35431278095476,-0.0671718092682332,3.19382709893838,-0.577109649192184
"1455",-0.00955182111106421,0.355351234928594,-0.0665728871277052,3.19900928850588,-0.365081474969711
"1456",-0.00650835400539482,0.355263131583472,-0.0663730691633003,3.19670074354374,0.161229679683739
"1457",0.00238238330764161,0.354463687044853,-0.0663519974105428,3.19352829247963,0.246715062123108
"1458",0.00447150788278134,0.354005029726008,-0.0663779462938347,3.19152735872862,-0.321923231126056
"1459",-0.00583459418019769,0.353905427070232,-0.0662104040712426,3.19085647090495,0.546654450968963
"1460",0.0100897968841628,0.355273609700631,-0.0668783989506959,3.1994517317751,-0.901971110120754
"1461",-0.0163474856145324,0.360128976897453,-0.0638859097203676,3.26578322458851,0.0862533746196811
"1462",0.00109052207101182,0.358885850882249,-0.0638836428911881,3.24418295161331,-0.161786154040278
"1463",-0.00293224117283523,0.35787650099368,-0.0638631116099376,3.22840078224452,0.0539578063056129
"1464",-0.000750323253019113,0.356765877615551,-0.0638591658620081,3.21675107218596,0.376891632266775
"1465",0.00683085130730396,0.356717596258746,-0.0640639749676087,3.21025129424374,0.161091158715508
"1466",0.00291964495334842,0.355846085388133,-0.0640722553429677,3.20349102608191,0.021459227550169
"1467",0.000388930875655653,0.354874438702817,-0.0640662560558517,3.19847376885644,-0.0107290381520214
"1468",-0.000194455005132546,0.353971549679521,-0.0640602925487956,3.19479243406807,-0.193319789559457
"1469",-0.00384981849469509,0.353446479425837,-0.064016960941955,3.19229881883767,-0.161385800803406
"1470",-0.00283558119971256,0.352808063622411,-0.0639975925915642,3.19031731646539,0.161385800803406
"1471",0.00301228487221797,0.352252611839421,-0.0640114026392977,3.18889185677763,0.139657325164648
"1472",0.00253117432307506,0.351668443935036,-0.0640161146695158,3.18779788812418,-0.193423657983093
"1473",-0.00350564494905556,0.351263790057036,-0.0639809433329017,3.18711201156777,0.0967585948735902
"1474",0.00195488292303469,0.350707531341948,-0.0639813955241496,3.18647192223576,0.321854156179809
"1475",0.00583334225352573,0.35081726122964,-0.0641064004220572,3.18707768660506,0.213995373767774
"1476",0.00387849040284321,0.350508506535355,-0.0641358114905785,3.18662631033459,-0.192575217318733
"1477",-0.00349026765880781,0.350189124909014,-0.064098948273579,3.18625497259868,-0.0535589965135572
"1478",-0.000994998329966136,0.349642701319788,-0.0640920901236952,3.18582783538886,-0.623389809011085
"1479",-0.0114929266841688,0.351906496882938,-0.0630732007210899,3.20236109610496,0.773282770694753
"1480",0.0138165735722203,0.355383854550868,-0.0649092221474418,3.23475788430815,0.0106980476165128
"1481",0.000193893327127864,0.354443321867093,-0.0648940031705445,3.22141526507419,0.331073085018992
"1482",0.0060004277675615,0.354332521659282,-0.0650205674659062,3.21284829114907,-1.05038479135456
"1483",-0.0190373617000809,0.361232678937149,-0.0603933447897572,3.33248108661929,-0.843978175653595
"1484",-0.0168356123517107,0.365629142411665,-0.0575656952127447,3.36043984072328,-0.50109037311248
"1485",-0.00822778977581418,0.365276947824754,-0.0573194773816791,3.31713316971676,-0.624420060279066
"1486",-0.012609737104074,0.366909517394561,-0.0561733158682124,3.30332018206485,-0.672586470653048
"1487",-0.0111689638126091,0.367670462131975,-0.0554376499832825,3.28436334900128,-0.13284625002561
"1488",-0.0024696136755643,0.365949923061685,-0.0555192415106267,3.25783562131719,0.739476908680099
"1489",0.0129307847998273,0.367811245424974,-0.0569745726026393,3.26349283111208,-1.48446284159797
"1490",-0.0269046698680647,0.381572637276183,-0.0446301578719388,3.7188360701778,0.345385001579675
"1491",0.00659073197423032,0.379798810632022,-0.0450462099105602,3.57864728688221,-0.725571079555776
"1492",-0.0131503799315378,0.380821902774144,-0.0438659083546606,3.49927340878591,-0.595540835387741
"1493",-0.013108864220247,0.381549887528211,-0.0428248118655949,3.43797536239296,-0.372608120364862
"1494",-0.0038596821838399,0.378994326752228,-0.0430242710353313,3.37066297166973,0.485246113801181
"1495",0.00657989186185237,0.377282409446388,-0.0434241137041251,3.3227504518236,-1.08659812738577
"1496",-0.0196936986749372,0.383072658587642,-0.0389944571990511,3.41458120418418,-0.250683814050839
"1497",-0.0045902678305797,0.380508646062236,-0.0392195966056613,3.35361745765782,-0.53766645569969
"1498",-0.00930564147941682,0.379552102090264,-0.0390235369506641,3.31456168934372,0.320659917452804
"1499",0.00397962365466388,0.377227666966719,-0.039334995404157,3.28021408943738,-0.091512246148473
"1500",-0.0016585843057273,0.374770327345727,-0.0395976312322144,3.25477544730285,0.752483313497102
"1501",0.0127034471895843,0.375861774797042,-0.041107421692208,3.25833840363574,-1.47608378312922
"1502",-0.0267528063147378,0.388861968783481,-0.0295401560731481,3.68447045386625,1.00929862407906
"1503",0.0173597988431778,0.392244534435987,-0.0331604911268332,3.63104214649444,0.625677486203235
"1504",0.0113398905910355,0.391212209897112,-0.0342499869164316,3.52359038013217,0.260490548792144
"1505",0.00472117726534626,0.388111698871613,-0.034623728843198,3.43366377019366,-0.658195748868706
"1506",-0.0119292573957686,0.387861283956671,-0.0339472684997043,3.38379297061641,-1.14509438564722
"1507",-0.0227859082547909,0.395361103043113,-0.0276772399033759,3.53566499177301,0.99697153055836
"1508",0.0182053131651571,0.398871025192537,-0.0316683529876502,3.53351897017045,-0.640587868884135
"1509",-0.0116101290317662,0.397804354585646,-0.0310819976395973,3.45580177427203,1.31108302241951
"1510",0.0239470650532387,0.406156431630089,-0.0392241438552523,3.6392578725248,-0.818837737935801
"1511",-0.0148407615181263,0.406485055316351,-0.0375832922978888,3.55741133599404,-0.160000034133354
"1512",-0.00567721994176682,0.402467331558969,-0.0377836957913155,3.45877163689801,0.456465473622641
"1513",0.0109855205237198,0.400725070705058,-0.0388063548250779,3.39686816035607,-0.0455528990908588
"1514",-0.000825608885065472,0.39652671773084,-0.039077310890278,3.34036164905157,-0.0113914678029431
"1515",0.00181050539117466,0.392680417930427,-0.0393492537062077,3.29890856258226,-0.193853758181553
"1516",-0.00356347226282912,0.389315725854091,-0.0395886422469986,3.26861356095429,0.387332450529468
"1517",0.00623165583825082,0.386760189983309,-0.0399939690312318,3.24748798346995,0.0795590199378221
"1518",0.00144194189741368,0.383587230232335,-0.0402538181212586,3.23075822920876,0.611622701743617
"1519",0.0110851591653935,0.383196972686849,-0.0412983264840091,3.23055667436652,-0.657077247980778
"1520",-0.0119089854857594,0.383350671571404,-0.040505115804376,3.23573090635301,0.408349024780665
"1521",0.00678196853518783,0.381424205420214,-0.0409580483500882,3.22406760113967,-0.408349024780665
"1522",-0.00740099071179405,0.379798926631095,-0.0409554196685365,3.21618810112585,-1.35028942542692
"1523",-0.0257805557572138,0.391024249490055,-0.0312171919262981,3.5640660019023,0.677423797314844
"1524",0.0139856740240512,0.391930025805171,-0.0332829546914996,3.49693955261735,-1.68478483143213
"1525",-0.0305353414165693,0.408425018836626,-0.0171329708869217,4.1087183111119,-0.396455743161331
"1526",-0.00739411063643093,0.404638610830037,-0.0174726821963261,3.86422779076269,0.884035069916936
"1527",0.0181053570293876,0.407181568287301,-0.0212450559727491,3.76357334867019,-0.162262437085406
"1528",-0.00294087341187405,0.402720268326045,-0.0216908956382049,3.60950614977018,0.751144688484226
"1529",0.0161367742647928,0.403907492362623,-0.0244513286457279,3.5467042738006,0.379201833304782
"1530",0.00687272180383288,0.400373849177018,-0.0250343742400221,3.45166564469816,0.0229357799170549
"1531",0.000415692174666149,0.396180457269394,-0.0254572287070405,3.38056753060257,0.297687419286935
"1532",0.00539533999461352,0.392903496942348,-0.0259623293570011,3.3290382800735,-0.435381072711535
"1533",-0.00789092438009313,0.39060053085413,-0.0260881289907514,3.29372601616655,0.1376936534246
"1534",0.00257790009394991,0.387269165140499,-0.0265108274792787,3.26472477218448,-1.18808710512023
"1535",-0.02153310304713,0.393886118915508,-0.0211395031022914,3.41517517550583,0
"1536",-0.000741849319556004,0.390162873898746,-0.0216051082554811,3.35379329599257,0.601575159880421
"1537",0.0109030557208076,0.389230590369258,-0.0228052799123087,3.31983768681383,-0.601575159880421
"1538",-0.0109030557208076,0.388451635685465,-0.0224720867472277,3.29574716437379,-1.01464512670886
"1539",-0.0166500376518764,0.39085245460877,-0.0203742890817888,3.32384614170718,0.187375625732328
"1540",0.00295555486769708,0.387570789877011,-0.0208679231586591,3.2868697491565,-0.0117006962047694
"1541",-0.00021206550935082,0.384303273613154,-0.0213365254487802,3.25965143473295,-0.42213946365505
"1542",-0.00717331596895675,0.382359410290185,-0.021585652339929,3.24180561145133,-0.223516356805642
"1543",-0.00297444150341453,0.379638769596984,-0.0220328931361141,3.22663960050487,-0.55506490311521
"1544",-0.0111169680490381,0.379536034711758,-0.0216866258527262,3.22780520198941,-0.451039340314927
"1545",-0.00835278613236862,0.378255659377029,-0.0218252852989168,3.2199545877302,-0.273989092720459
"1546",-0.00457498566275343,0.376074998112724,-0.0222318226790808,3.21087152695388,-0.682269688293669
"1547",-0.0128342652183791,0.377081695523814,-0.0214397747892961,3.22609466803957,-0.385078694859411
"1548",-0.00675395248070436,0.375472287240224,-0.0217361442796275,3.21656978095388,0
"1549",-3.3171835604119e-05,0.373078653595616,-0.022195219598615,3.20807006367091,0.276925106236087
"1550",0.00501904012190726,0.371391721757459,-0.0227261582566976,3.20237539277831,-0.530441267850457
"1551",-0.00961381234746952,0.371288071467992,-0.0226147829518314,3.20529468409574,-0.339024419648365
"1552",-0.00614667934753687,0.369952512438037,-0.0229337272507326,3.20089356523453,-0.413223728491047
"1553",-0.00756609894242232,0.369135139158915,-0.0231245401873022,3.19924840906729,0.0852151734566209
"1554",0.000736702626701483,0.367215941700554,-0.0235687745879845,3.19536131947394,-1.15042267430797
"1555",-0.0208504661710991,0.374639835496244,-0.0183525146370775,3.35943289139639,0.503408270429018
"1556",0.00884380533708124,0.37410755210713,-0.0193226340995806,3.31901409884186,-0.25752666142615
"1557",-0.00466745924097163,0.372306162866301,-0.0197400857857457,3.28369785812678,-0.110571913716581
"1558",-0.00336951395523526,0.370369965563749,-0.0201994682452708,3.25742390118982,-0.381797372461887
"1559",-0.00486730244483549,0.368834564123423,-0.020607173737101,3.23850815565861,0.0246761259734524
"1560",-0.0013475794299539,0.366954530579234,-0.0210774158150553,3.22416915729766,0.12328937574515
"1561",0.00223451868225435,0.365284991903507,-0.0215509127307119,3.21366894373961,0.0246396453137648
"1562",0.000446573335658197,0.363631633744761,-0.0220120645771647,3.20594164945847,0.172307734939431
"1563",0.00312293618563671,0.362299898418915,-0.0224872052276415,3.20035642716316,0.625193577914446
"1564",0.0113311201507177,0.363551514427718,-0.0238486567042288,3.21079701409648,-0.158992267333324
"1565",-0.00288160427079027,0.362221913669943,-0.0242659287360886,3.20391601525505,0.146771063529541
"1566",0.00286103960029328,0.36096641929949,-0.024712927222684,3.19885080187742,-1.13078884368065
"1567",-0.0204946191155373,0.368564046959912,-0.0195973742131305,3.35755009101111,-0.0865640318693045
"1568",-0.00242179212076542,0.366759034912412,-0.0200746075817919,3.31152734542785,0.0247402277362835
"1569",0.00127184406757309,0.365032220554648,-0.0205533568668835,3.27774615574686,-0.0742390531498688
"1570",-0.00134552186847921,0.363433328534254,-0.0210238152217712,3.25296028183909,0.555454122056678
"1571",0.0116653371495385,0.364804917538321,-0.0225009558167978,3.2515649707671,0.979919649199593
"1572",0.017760238869007,0.369705972066823,-0.0263502385377886,3.31840299188913,-0.574538589169085
"1573",-0.010413040080827,0.370170273957931,-0.0259960847873868,3.29433012636173,0.110273857894067
"1574",0.00256730727685131,0.368320912020515,-0.0264212400900044,3.26517536917796,-0.183857378506355
"1575",-0.00333226398998068,0.366686259027726,-0.026804934301218,3.24384768559788,0.818625134889753
"1576",0.0134602384843466,0.368800238886942,-0.0287507281399386,3.25760947658367,0.121610132949274
"1577",0.00220408378568077,0.366970476889318,-0.0291374009810257,3.238195112273,-0.194647263402353
"1578",-0.00352782179237656,0.365461320609233,-0.0294868597269099,3.22408019689426,-0.500519875411673
"1579",-0.00807363599446025,0.365150639908928,-0.0295385049278214,3.21724143730792,-1.05808073735003
"1580",-0.0203467823857683,0.372146933106278,-0.0247355057303504,3.35691286769833,-0.74488240129906
"1581",-0.0131868737568732,0.373473944156653,-0.0238761988416482,3.33419980427686,-1.46867637077092
"1582",-0.0266596044180719,0.386010646321697,-0.0131151484160996,3.70936879784535,0.214741445497388
"1583",0.00357585572523539,0.383203484275463,-0.0137075708938635,3.56986910062647,0.151305034539417
"1584",0.0027422794896483,0.380402254643551,-0.0142660585220361,3.46733880984058,-0.606598599578584
"1585",-0.0109941014397666,0.380235272302985,-0.0140116984842719,3.40427911836032,-1.63581922409508
"1586",-0.0280369941496773,0.393911555663415,-0.00180675079246965,3.83921978253722,0.103026409628199
"1587",0.000550590024487302,0.390207595550792,-0.00248543252091481,3.66492953026873,0.436681916634038
"1588",0.0079145011078522,0.388071309773615,-0.00343675130048919,3.54009193354704,-0.14107087943902
"1589",-0.00255679383339681,0.384920533947302,-0.00408557627416252,3.4454906964771,-0.514669175176888
"1590",-0.00746974465512619,0.383010509372298,-0.00450120109089215,3.37847153312153,0.591641597194056
"1591",0.00965956395580828,0.382103596480921,-0.00569895430210041,3.33431636823545,-0.012824623294283
"1592",-0.000232435764807391,0.379233601181533,-0.00633417195152935,3.29446457680357,0.0769230807161347
"1593",0.00151342344380191,0.376616490933674,-0.00696452480191289,3.26522838392893,-0.410941890751901
"1594",-0.00744798427809521,0.375323596010432,-0.00733543757900228,3.24638780652182,-0.671403425938832
"1595",-0.0133925697816276,0.376663542772555,-0.00654850336608935,3.25600000455348,0.207066205731254
"1596",0.00429314019071727,0.374619362209752,-0.00723036482622915,3.23735572096875,0.438597194325441
"1597",0.00794921394306025,0.373599666169953,-0.00814352559085066,3.22657087456384,0.0514734279798812
"1598",0.000932913608861737,0.371354510508085,-0.0087522250578514,3.21540851998881,0.59004788942944
"1599",0.0106941334108158,0.371673384840727,-0.0100992568129517,3.21841350342881,-0.0895656127944511
"1600",-0.00162330317488556,0.369624337277837,-0.0106825039000194,3.20943223831176,-0.256344667419853
"1601",-0.00504595977211314,0.368186631934228,-0.0111851694267551,3.20338367593504,0.652384789029545
"1602",0.012569996064158,0.369715584765942,-0.0130190735941637,3.22091584343238,-0.524130314606464
"1603",-0.00949943150288088,0.369742437070684,-0.0130066063480888,3.21903949672718,0.383779414374449
"1604",0.00733166991315881,0.368955831893818,-0.0138219885906606,3.21263718050422,0.687113022722613
"1605",0.0124533592356545,0.370248711236606,-0.0155243064966386,3.22529165160647,-1.09653017598893
"1606",-0.0198737088990355,0.37678995968679,-0.0110575035973292,3.35589703719758,0.153727931888642
"1607",0.00432340157220691,0.374765482935122,-0.0116954440921797,3.31070162135587,-0.577702357692228
"1608",-0.0104703807870197,0.374779838679693,-0.0115558818683322,3.28761062425699,0.616097443592967
"1609",0.00963775678127021,0.37448187471099,-0.0127000100726263,3.26808383730568,0.0255885364753433
"1610",0.000463771208671651,0.3721614893519,-0.0132583693535379,3.24586760377861,-0.448747467583147
"1611",-0.00813317930980211,0.371411237448433,-0.0134812139949777,3.23333525299074,-0.825811144693478
"1612",-0.0135574564068054,0.373120329673238,-0.0125547343954988,3.24821972238107,-0.20752277227099
"1613",-0.00503685056117582,0.37138289657159,-0.013047811366244,3.23174226871582,-1.01788690408162
"1614",-0.0183652953993681,0.376358369541281,-0.00986624361483156,3.31524841683636,-0.381103030416485
"1615",-0.00693589808277577,0.374823999373804,-0.0102829454801233,3.28206804381974,1.47686145043839
"1616",0.0273849618915856,0.388508289896787,-0.0234400473666625,3.74045332664984,-0.92538946458729
"1617",-0.0167719240565868,0.391487726671559,-0.0209339887139399,3.66244142919566,0.0523628759182493
"1618",0.00187899429202955,0.388036302852563,-0.0214077605685812,3.53523815709793,-0.301461660901731
"1619",-0.00546374502423291,0.385373854760626,-0.0217751837464749,3.44260816118927,1.98849881706928
"1620",0.0329686516818534,0.405425500249753,-0.0431767256658328,4.33031693614338,-1.58239358873761
"1621",-0.0286795842329733,0.41902087332182,-0.0299302688101412,4.55624231372174,1.62099120903024
"1622",0.0283438522608499,0.431123556705307,-0.0425835872825223,4.66062310672255,1.36699669414811
"1623",0.0247756924162547,0.437172485495063,-0.0498044094152796,4.48907551679825,-0.0634638594633474
"1624",-0.00115023033218978,0.430369452221594,-0.0499531692343862,4.1417528676789,-0.394377459188316
"1625",-0.00211968457881779,0.42409768450745,-0.0500977180335885,3.88691935268885,-0.216933665116603
"1626",-0.00628982445263147,0.419014097455932,-0.0501226466096852,3.70093600041306,-0.975617494536477
"1627",-0.0183494551495707,0.420514106410521,-0.047172052100746,3.63828161107585,-1.29838230104586
"1628",-0.0226982446271401,0.42545761932704,-0.0416667729244464,3.68558842907472,-0.589817556284228
"1629",-0.0103722610706656,0.421549507063115,-0.0414134269261703,3.55866473295149,-0.0920628722878791
"1630",-0.00246343740053021,0.415932140241906,-0.0416503652360068,3.4590941481752,-0.118491225765421
"1631",-0.00202187229550269,0.410694271203502,-0.0418866722648095,3.38602855386292,0.525556327286497
"1632",0.0100744612247834,0.407918015868836,-0.0426685867680335,3.33976859200478,-0.525556327286497
"1633",-0.0095252768115736,0.405173315341668,-0.0424111127081404,3.30480572187455,0.551761778170212
"1634",0.00957204006200392,0.402642334206199,-0.0431402083099825,3.27933655859588,0.652914306916458
"1635",0.0118335355978422,0.401162858267018,-0.0442238888904839,3.26766817700397,0.13007285912997
"1636",0.00235746374757348,0.397007869606759,-0.0444412833446766,3.24557818219697,-0.117057957048738
"1637",-0.00212157933602176,0.393155398587045,-0.0446453068320989,3.22937100590428,-1.23086534987716
"1638",-0.0229497856796185,0.400601360280857,-0.0380925944996178,3.42923062255203,0.473187002783337
"1639",0.00821343593752756,0.397967046387284,-0.038723151248615,3.36821091800126,0.718628558117296
"1640",0.0130245524321083,0.397457564830739,-0.0401737302752248,3.33994868956733,1.57585281180793
"1641",0.0285610380228273,0.410467622797839,-0.0529969638315781,3.78264015467078,-0.346620797648625
"1642",-0.00628221729019686,0.406521658140976,-0.0529469463527807,3.62492166457971,-0.670970259186993
"1643",-0.013190411234864,0.405503750232285,-0.0518677712973592,3.52870914581433,-0.181417699102987
"1644",-0.0026376194410993,0.401059325176753,-0.0519884194385502,3.43712075218483,0.581960905326395
"1645",0.00866275255222983,0.398421697005717,-0.0524757037997458,3.3741470777086,0.296143910505353
"1646",0.00536736516557546,0.394942770254657,-0.0526750138655764,3.32424117166058,0.512953163720753
"1647",0.00929685482246907,0.392933133815155,-0.0532288599009565,3.29252699552538,0.510335376550494
"1648",0.0092494095799025,0.391022926549358,-0.053763228870367,3.26903433442718,2.09049295233663
"1649",0.0378884679144871,0.417642995668545,-0.0842855696240694,4.81948854593564,-0.187114131808927
"1650",-0.00339128996893553,0.412550807839989,-0.084022668765774,4.38437190728042,-1.31969488959785
"1651",-0.0239814983676632,0.419594305784611,-0.0766406826915306,4.29342077831649,-0.660068403135203
"1652",-0.0105810801687935,0.416189379319426,-0.0759640522968074,4.00534182156761,-0.191216834348718
"1653",-0.0060912389435625,0.411587299049566,-0.0757214244331255,3.78764841946644,1.34349295802675
"1654",0.0251714303961371,0.420119740921924,-0.0840671448548914,3.91357084866917,0.326797676461613
"1655",0.00592293949869816,0.41512915283387,-0.0839245922599735,3.72008346309289,-0.78105713268212
"1656",-0.0141560190757546,0.414175873508208,-0.0821971912909238,3.60604485537455,0.328283123107595
"1657",0.00678084329225551,0.410031277824838,-0.0821732290966439,3.49553907285559,-0.530840478096792
"1658",-0.00962104770532734,0.407148567964467,-0.0814801161492594,3.41912819300619,1.05887791320103
"1659",0.0191591913349128,0.410380785200031,-0.0851372400490936,3.45681563093106,1.71560647420197
"1660",0.0310939583790668,0.425486162819558,-0.10022000500207,4.01473415252673,-0.407584087992391
"1661",-0.00738712686072164,0.42081331868011,-0.0995659475178173,3.7963311580955,-0.57093365959136
"1662",-0.00850982593626392,0.416625576260471,-0.0988717203456207,3.63676153002373,-0.561694043718552
"1663",-0.0106664639551019,0.413595476125373,-0.0978848242413297,3.52473584866788,-0.94322525366724
"1664",-0.0189561951035345,0.415900802186279,-0.0940663494259207,3.52024777860199,-0.51941587609024
"1665",-0.00797810531340346,0.411817000215972,-0.093500927962237,3.4332215922741,0.266379303832523
"1666",0.00484254313719901,0.407320838116436,-0.0932366393999876,3.3674678217214,-0.814046723794359
"1667",-0.0147539283215002,0.407288952532934,-0.0911676316429416,3.35353029792455,-0.0766577270195579
"1668",-0.000949148996508247,0.40260336996145,-0.0908637724412476,3.30856259256661,-1.13111745815231
"1669",-0.0203067540504659,0.406966738205187,-0.0860328773322786,3.39976831006757,-0.103466124077622
"1670",-0.00330136525450857,0.402476876369698,-0.0857721260875186,3.34254186900446,-1.04059211611167
"1671",-0.017595768901569,0.40464316070533,-0.0826013730000165,3.36984578460289,-0.0915691083670567
"1672",-0.0030992305688501,0.400302870082963,-0.0823802207006721,3.32057699309051,-0.445960865026546
"1673",-0.00667161228041796,0.397039820722877,-0.0820146724043157,3.28580338728007,2.14586555000295
"1674",0.037315315177095,0.422771557491673,-0.110870111850169,4.73895692828982,0.17997176730703
"1675",0.00326184047810553,0.417097714719458,-0.110358685144637,4.32512460059612,-1.24064656707113
"1676",-0.0224857001297959,0.422458786087151,-0.103949860546894,4.19785263609085,-0.783293822118697
"1677",-0.0119266225618674,0.419476574018894,-0.102734440289583,3.93978813202088,0.93921900963515
"1678",0.0138720194974646,0.418103594344914,-0.103729785540087,3.76531329055476,-0.142922131780038
"1679",-0.00259034626171094,0.412796889838353,-0.103276326904291,3.61074529484581,0.893152012021065
"1680",0.0174014029132573,0.414151719794487,-0.105614896840875,3.56190419473682,-0.0644537566625358
"1681",-0.00116817140595803,0.409006458180868,-0.105150793247029,3.46145648049221,-0.309957629016439
"1682",-0.00763315874243458,0.405414111127982,-0.104459845452139,3.3901354481295,0.451701097113782
"1683",0.00983379414631546,0.402960707210154,-0.104542439951628,3.34256813448545,-0.180435672101042
"1684",-0.00327024837150868,0.398830280456994,-0.104069601241919,3.30062260270249,-0.0516129043715563
"1685",-0.000401148739661337,0.394749231124496,-0.103624149631075,3.26974235578253,0.643254501565613
"1686",0.0123979873487622,0.394220611773316,-0.10425017165407,3.26513826778463,-0.346843433330049
"1687",-0.00628625237908,0.391368503131017,-0.103648242019087,3.24508002374483,-0.54193681023712
"1688",-0.00926413067086507,0.389598237598282,-0.102773868995864,3.23442567687682,0.0905270026259175
"1689",0.00208929811461068,0.386290481391136,-0.102349227038599,3.22119182956936,-0.414508365516875
"1690",-0.00751262370419302,0.384321662833307,-0.101674267517292,3.21404878782958,0.42743410714931
"1691",0.00828774111521,0.382790802396186,-0.101602806146086,3.21027028639127,-1.06549864576705
"1692",-0.0193112878988427,0.387890193926147,-0.0968719132172908,3.31974505842069,0.313030123875951
"1693",0.0047931935523399,0.385158388802151,-0.096583590598371,3.28432557236051,0.389914712871864
"1694",0.00706688394788386,0.383095882439839,-0.0964175338513037,3.25968547016849,-0.846745109909858
"1695",-0.0153465597158361,0.385222885576888,-0.0938907118569327,3.28612002911169,-0.157109223204122
"1696",-0.000798593426535688,0.382129460139603,-0.0935570244684839,3.2591013956104,-1.6114468369942
"1697",-0.0301517564215645,0.398492601606216,-0.0771707832572559,3.9103694343226,-0.146578745679099
"1698",-0.00363067170067919,0.394634991513032,-0.0770047003859004,3.71720106434672,-0.628722557991035
"1699",-0.0100546649543231,0.392968422376467,-0.0762995400122685,3.5829932907951,-0.309119256967283
"1700",-0.00734397943777038,0.390395374958211,-0.075952570005605,3.47895058657767,0.242000655883934
"1701",0.00635970319082883,0.387814985845919,-0.0759715157268557,3.40197255694759,-0.0134291277983312
"1702",-0.000243391912485475,0.384531034495816,-0.0758347414975065,3.34410610783831,-0.525147641937301
"1703",-0.0090171646171336,0.383202514902377,-0.0752740699734928,3.30694856044128,0.592275254043823
"1704",0.0108646231520548,0.382825597057523,-0.0759284191250961,3.28634926110285,-0.971012349536082
"1705",-0.0175988013778505,0.386607875663908,-0.0724953356980533,3.34056134379275,0.351731964353258
"1706",0.00615871674880535,0.384297319389132,-0.0725534524645721,3.30044603734073,-0.446640791218539
"1707",-0.00809499753083106,0.382691679116085,-0.0721327848114576,3.27326125323217,0
"1708",-0.00200478845102323,0.379848753213572,-0.0720344542414025,3.24967610396437,0.635523739981209
"1709",0.0115183458543875,0.379966357036569,-0.0728540343447478,3.24703690282778,-0.59483749815053
"1710",-0.0107809411353523,0.379805658005812,-0.0719663190494534,3.24242641447428,-0.257959548380887
"1711",-0.00378778711694604,0.377371736053674,-0.0718461271950078,3.22717906536631,-0.99734415062967
"1712",-0.0179118811482349,0.381584418656573,-0.0683591089480605,3.30041002708135,-0.192413473327963
"1713",-0.00483965403065822,0.379180262828753,-0.0682518846482488,3.26992540572549,0.944759543059193
"1714",0.0182272953741317,0.383623451122781,-0.0718458200131415,3.34018484986352,-0.587714395834127
"1715",-0.0106518407558151,0.38319470362633,-0.0709819671717151,3.31051221741344,-0.0411325158332476
"1716",0.000268962809266796,0.380246781374716,-0.0709000915456049,3.27699871357216,0.17811883862463
"1717",0.00347709783051672,0.377762966286621,-0.0708437962959628,3.25252815436552,-0.24671065145177
"1718",-0.00447142794298566,0.375638979957118,-0.0707077402232203,3.23480581020144,1.25461893880844
"1719",0.0242488824736904,0.385771604536571,-0.0792967470952009,3.51644142517055,-0.31218213341549
"1720",-0.0056580447842066,0.383420286623595,-0.0789923645448536,3.42919904480356,-0.13603593445991
"1721",-0.00294101720574885,0.380622184304088,-0.0788090829668321,3.36413550557342,0.988832980991328
"1722",0.0194100376499643,0.385879975192975,-0.0829918713271129,3.43401456225497,-0.0809061532806243
"1723",-0.00146635758289985,0.382803298296835,-0.0827745246333503,3.36762507115844,-1.46761704719198
"1724",-0.0253031628241509,0.39341236697149,-0.0731150205147301,3.64981388228401,1.00790828735667
"1725",0.0190078601612613,0.397747484166693,-0.0771519190513292,3.6361698660789,-0.257819533544473
"1726",-0.00467276730759091,0.394275498964566,-0.076932438140534,3.51642007679986,0.149344946636687
"1727",0.00240564856961832,0.390652833079594,-0.0767937780087129,3.42810934418338,0
"1728",0,0.387160906744129,-0.0766479969367596,3.3632835034355,-0.421453958072754
"1729",-0.00763850686510317,0.385157438984827,-0.0762474651577746,3.31841665658796,0.122540692030998
"1730",0.00348023567394572,0.382340382939241,-0.0761351547475795,3.28293573261234,-0.149792361364387
"1731",-0.00271486353065491,0.379613200121941,-0.0759840448546399,3.25681330775064,-0.218281123504588
"1732",-0.00417936925876206,0.377281168432282,-0.0758054207303193,3.23783791360143,-2.26529023542104
"1733",-0.04037876439976,0.4091628695304,-0.0365266065508086,5.42562318667759,-0.391937791762953
"1734",-0.00772071767659596,0.405366499195953,-0.036642466090638,4.83061708933461,-0.112264957061847
"1735",-0.00190932025726617,0.400876457241582,-0.036934808051911,4.39235601866401,0.629857215619611
"1736",0.00977421884396048,0.398682879694808,-0.0377421220645936,4.07762536616247,0.0836820132515237
"1737",0.00151666776515852,0.394648024372597,-0.0380266803711036,3.8398568850141,-0.839988139291925
"1738",-0.0152240951726428,0.395794168466262,-0.0363239894637588,3.70666531945099,-1.33033380030938
"1739",-0.0237547720465154,0.403606896784083,-0.0294204366974795,3.79810776978087,0.270328115110902
"1740",0.00401408404574832,0.399596269795738,-0.029842540645305,3.63504793355591,-0.298826262924173
"1741",-0.00541598060024717,0.396095460776647,-0.0301218543423654,3.51579625962594,-1.58003861633158
"1742",-0.0284892426672649,0.409283467445213,-0.0177685716143449,3.91956567298536,0.260266196656633
"1743",0.00610864804558954,0.405373438161056,-0.0184251090059133,3.72524704725106,1.31977241967495
"1744",0.0239197912250253,0.412823972261043,-0.0261664823780124,3.81360176306484,0.0284981478132718
"1745",0.000516505524612545,0.407728286052897,-0.0265768864563816,3.64613179644612,0.73811548738193
"1746",0.0133777370211162,0.406786556545625,-0.0282543176902349,3.54607597984593,0.282446169975592
"1747",0.00511910486793487,0.402631211795463,-0.0287037235298139,3.45024546224252,0.646614566707071
"1748",0.0117193579802971,0.40113603035818,-0.0299386539007614,3.39291547103552,0.0700329183326354
"1749",0.00126928912926393,0.396909367037963,-0.0303082609664698,3.33746153814459,0.781036048458228
"1750",0.0141556369415123,0.397195476694373,-0.0322373236619367,3.32685356856323,-0.333983054674802
"1751",-0.00605316857771983,0.394073519056147,-0.0324419828660343,3.29018235231171,0.208870089164354
"1752",0.00317351241461703,0.390562429687837,-0.0328032684701714,3.26217088114151,-0.810060295556791
"1753",-0.0146816775836043,0.391678626790731,-0.0313230094797384,3.2782827825762,-0.576613650213043
"1754",-0.0117382449191504,0.390900200983363,-0.0308232931913224,3.26676330587208,-1.22039261204306
"1755",-0.020883378503551,0.396440809603873,-0.0261751471921211,3.38682742771737,0.299380079620404
"1756",0.00422649506451761,0.392979319833787,-0.026639664273229,3.33333351719334,-0.0142358886993932
"1757",-0.000258013791253535,0.389321426308048,-0.027044848665805,3.29374341431694,-0.499537183782361
"1758",-0.00987521390453881,0.387989467567995,-0.0268970619644589,3.27213419005035,-0.0429338110351729
"1759",0.000690809309041106,0.384706194229574,-0.0272998169712361,3.2488399247145,0.485507165307947
"1760",0.00742642100598029,0.382808688043663,-0.027934414109552,3.2341727375057,0.128123015604859
"1761",0.00232212443501704,0.379985529613393,-0.028331519641406,3.22100448639376,0.269944044011011
"1762",0.00489251410237299,0.377763575841368,-0.0287856440027217,3.21177932991283,0.509483128670879
"1763",0.00923396328700499,0.376975592339262,-0.0296237431504549,3.21037802239702,1.15088989621749
"1764",0.0208589341844966,0.383541859820523,-0.0352996332305838,3.35675383887128,0.584390142327468
"1765",0.0105915913910966,0.382773915697202,-0.0362312266900184,3.3197151838161,0.718830853066788
"1766",0.0130282188619304,0.383342031101759,-0.0377685756629883,3.30576300220099,1.02775827582404
"1767",0.018627274688433,0.387543354297317,-0.0416831031323537,3.36599441518006,0.367422336188428
"1768",0.00665922809267594,0.385122816357951,-0.0420681390693599,3.3189709331729,-1.61580949356623
"1769",-0.029285220064712,0.40034698954707,-0.0275619257107748,3.8820678273682,0.770080813317842
"1770",0.0142523216483997,0.400782819860656,-0.02972421693627,3.73176527374435,0.396473278936765
"1771",0.00718575257149596,0.397574552016429,-0.0302770890983366,3.58778888820634,-0.918380795156909
"1772",-0.0166448976791292,0.399542543369724,-0.0280330637419337,3.53995884445428,-0.151588260268842
"1773",0.000378996471339253,0.39541730685872,-0.0284231345330669,3.44535126988158,0.124043844724908
"1774",0.000251435585918411,0.39158194404152,-0.0288087551813343,3.37593446635794,-0.677219090208225
"1775",-0.0122740398343619,0.391216222394811,-0.0281433372146934,3.34261018628814,-0.0416117628585622
"1776",0.000694213028355772,0.387701298828696,-0.0285324597045217,3.30055054575167,0.0970671919797439
"1777",0.00135240201426382,0.38446087079811,-0.02891825168828,3.26969202176139,0.470133609290646
"1778",0.00852078556458214,0.382945878584484,-0.0296549223139564,3.25123548094879,-0.789423114942162
"1779",-0.0143076456335377,0.384441651789042,-0.0282583806076347,3.26894062779907,-1.06235273657304
"1780",-0.0196461943680381,0.38936022017909,-0.024410084088169,3.36003861330929,-0.634385718148506
"1781",-0.0112847888022546,0.388491653666449,-0.024095344161622,3.32451571398783,0.95707978982198
"1782",0.0161400408057081,0.390814647003733,-0.0270271018402431,3.34344519162472,0.0980049080894607
"1783",0.00177625847121816,0.387357605815603,-0.0274299034776354,3.30116643759542,0.572107888508749
"1784",0.0103689856276053,0.386367280579438,-0.0284612294597158,3.27918007747898,-0.544124118912398
"1785",-0.00986180278573414,0.385324636187916,-0.0282608087517466,3.26212643393714,-0.0559753722983614
"1786",-0.00274447055496995,0.382357552386616,-0.0286384199287301,3.24153112981891,-1.35289549403196
"1787",-0.0234487532277685,0.391063014932992,-0.0215134459316534,3.46996288418536,-0.0283808714832468
"1788",-0.00166241143726928,0.387573809587607,-0.0219738937822379,3.39399462467804,-0.21311367020217
"1789",-0.00271455933908159,0.384457220007971,-0.0224192478286821,3.3382934934262,0.425774131718548
"1790",0.00628029319259084,0.382262042255892,-0.0230182135315256,3.29867263140472,0.930370398552399
"1791",0.0168621993940426,0.385318742687883,-0.0262175924768462,3.33227849810296,0.0561088526432829
"1792",0.00101692687397857,0.382223362750193,-0.0266276432658388,3.29296950777106,-0.477931750332067
"1793",-0.00866212046662535,0.380937279149884,-0.0266494368559361,3.26874383043567,0.197072135853499
"1794",0.00357026897711039,0.378442406416677,-0.0270850517517115,3.24650985008862,-0.0140637086231354
"1795",-0.000254893168776661,0.375835908587527,-0.0274853448192889,3.23003807224171,1.17451014582828
"1796",0.0215493527298424,0.383256326257133,-0.0339031603842367,3.39946188904299,0.651197313325141
"1797",0.0118024164991046,0.383057943027553,-0.0350964975113276,3.35598011012342,-0.637297806735249
"1798",-0.0115504993573273,0.383046986319975,-0.0344571794301976,3.32586732818266,0.844237247350432
"1799",0.0164199441970951,0.385962709379541,-0.0374642712876073,3.35017760888205,-0.0689322423379934
"1800",-0.00124934028080672,0.382860715951147,-0.0377484198528922,3.30610702771372,-0.331537808861154
"1801",-0.00650242959494554,0.38082180804901,-0.0378724494687721,3.27519516973555,-0.457666702741177
"1802",-0.00623216181110462,0.378832898698451,-0.0380194782033738,3.25223022328838,0.471502745654978
"1803",0.00683394020994366,0.377218209996002,-0.0384988940496762,3.23616305230499,1.31942540822823
"1804",0.0239135019275417,0.386685905427191,-0.0468261867827371,3.48984138536243,-0.20501613140097
"1805",-0.00371574900927343,0.383845564092526,-0.0469684641407186,3.40881376172167,0.43686076303896
"1806",0.00866821242164886,0.382462422019682,-0.0475387462269656,3.35382071856328,0.0136211945998221
"1807",0.000246872965524947,0.379563122383711,-0.0477143575536151,3.30877552896943,-1.01301345407177
"1808",-0.0183600369035645,0.384017073926382,-0.0442180808992087,3.3695101014142,-0.71803677736022
"1809",-0.0113529462837863,0.383577557017182,-0.0436508986037687,3.33216802844185,0.179993125783751
"1810",0.00251335204517644,0.380754027277644,-0.0438809469431958,3.29293238356199,0.730483573508156
"1811",0.0132394148499702,0.381665434356023,-0.0454513015381415,3.28893030648412,-1.29925808319291
"1812",-0.0235479857239747,0.390809700144994,-0.0377395032226676,3.52228848828067,0.789860685133315
"1813",0.0146583691718302,0.392126565901163,-0.0399696981820163,3.47266267211453,-0.734227860332665
"1814",-0.0133072769736164,0.392430211001376,-0.0388174449087138,3.42219364099182,0.568459069782468
"1815",0.00839279503832462,0.390388680798607,-0.0394516426393756,3.36322949219596,-1.46231976986356
"1816",-0.0265033448781863,0.401965801410595,-0.0289573524009906,3.70917223947852,0.615386557437819
"1817",0.00846512406252924,0.399350454924607,-0.0297262985704546,3.57421631702327,0.250661599006891
"1818",0.00454303562265122,0.395637446640338,-0.030144035105865,3.47076348523344,0.651558415103537
"1819",0.0118089611722782,0.394697683947822,-0.0314086291672264,3.40893129358223,-0.0691132794115312
"1820",-0.00125262142908536,0.390958675271168,-0.0317596804996921,3.34921547385568,0.647786704624553
"1821",0.00995844107912911,0.389554786912997,-0.032672267594517,3.31310992544024,-0.481995011495384
"1822",-0.00873576373820034,0.387826199755327,-0.0326072351279654,3.28385212643706,0.0689988297573663
"1823",0.00049483764338309,0.384547749200031,-0.0329470415151103,3.25743744686551,0.659977646474236
"1824",0.0119615528264605,0.384523553352656,-0.0342751774338867,3.25445184104887,-0.137136609533789
"1825",-0.00248548842243885,0.381629656979794,-0.0345850329812654,3.23590820139624,-0.0961076479550571
"1826",-0.000519692096452566,0.378795201075546,-0.0349028888244936,3.22225933142583,0.246947580566131
"1827",0.00453725505618358,0.376598894475606,-0.0352731785324062,3.21259846779219,-1.47700938938989
"1828",-0.0267695821680453,0.389396121071253,-0.0239756961663553,3.64059152525506,-0.418060809555426
"1829",-0.00695214663649817,0.386880925701868,-0.0242559393187055,3.52055884592599,-1.25063106894603
"1830",-0.022442471839382,0.394210899920643,-0.0182876332511365,3.62796626167637,-0.866298111051184
"1831",-0.0173048019244677,0.396509890431667,-0.0160833360983043,3.5722520122101,-0.830712310794973
"1832",-0.0131711286747536,0.396095900969066,-0.0154249061667123,3.4896949047888,0.616533603947483
"1833",0.00959116523826122,0.394256909541331,-0.0164812661006957,3.41554017672988,-0.143041077171541
"1834",-0.00259250204924627,0.390666319397601,-0.01698622105828,3.35410585308809,-0.430354989260362
"1835",-0.00825247316947116,0.388599550277456,-0.0171839668070921,3.31251326013061,0.416039621688857
"1836",0.00850384753370128,0.386842248880682,-0.0180636965829948,3.28287786549603,-1.67464574771807
"1837",-0.0303515788511162,0.40333771452717,-0.00221411126354577,3.94417624608187,-0.0582496011810096
"1838",-0.00072581515664344,0.398928774625671,-0.00288764970432755,3.74193853109203,0.609935088690144
"1839",0.0118696057082867,0.397828999616356,-0.00447648634193375,3.60843231076018,0
"1840",0,0.39381888771539,-0.00512516806504439,3.49559231523529,1.30890038386604
"1841",0.0237227445048007,0.402018360205811,-0.0132518530409637,3.65537724874965,0.0714234727884455
"1842",0.00129449178676327,0.397720040482352,-0.0138044864998092,3.53003774811813,-0.687780329797444
"1843",-0.0124654536283506,0.397020624979026,-0.0132745868070676,3.45634136312389,0.716335441356408
"1844",0.0145122140234559,0.397668976133296,-0.0155998181961453,3.41955578969821,0.299337405466493
"1845",0.00542524463904375,0.394233925145025,-0.0162023169947808,3.35754092921411,0.836231929900849
"1846",0.0151560169622691,0.395285543726163,-0.0186333279189651,3.35079791437443,0
"1847",0,0.391460044010977,-0.0191264783858805,3.30655760375307,0.408480038361975
"1848",0.00740336522535856,0.389070656116921,-0.0198437875693463,3.27642583079589,-1.0598558900269
"1849",-0.0192090175852447,0.393618525211194,-0.0161913586753551,3.36184930245267,1.81605610466348
"1850",0.0319986553076324,0.412074906321306,-0.0357015600132959,4.15405191207591,0.459322959410036
"1851",0.0083248514138937,0.40830382269124,-0.0362505633634347,3.89844820330346,-1.8217992644626
"1852",-0.0330186154902245,0.426839563489314,-0.0171685460517762,4.57091939148971,0.226020720601527
"1853",0.00733350692594081,0.422062510430514,-0.0179257651246742,4.20438123575294,-0.24016399196376
"1854",-0.00435277511630127,0.416724568634243,-0.0183810891594567,3.93312936381394,0.367076509879705
"1855",0.0059683920776452,0.41212117833338,-0.0189909307477694,3.73474788246415,0.183034194006765
"1856",0.00331734444697741,0.407294333760911,-0.0194974739395695,3.58834833006724,-0.0281373102587912
"1857",-0.00050996564028048,0.4026054012091,-0.0199810438002113,3.48085612111417,0.435241122321045
"1858",0.00869002154696781,0.399851764996383,-0.0208164895899252,3.40618270862993,-0.364912685636504
"1859",-0.00661374273750798,0.396665526756056,-0.0211155280309891,3.3487571528645,1.02120213193848
"1860",0.0185201130546272,0.400098206410562,-0.0251735239164285,3.3962025520872,-0.390462077452786
"1861",-0.00707680448138224,0.397086787969814,-0.0253718452179321,3.34211274801104,-0.0978542050544207
"1862",-0.00268737024644458,0.393268108212549,-0.0257816979387423,3.30021732367796,1.07116555949278
"1863",0.0210768281683128,0.399040155578378,-0.0314934396073207,3.42242702521974,-0.332640639361809
"1864",-0.00602883840264919,0.395811997209388,-0.0317004887616097,3.36037432562973,-0.0833333381558721
"1865",-0.00025758840146118,0.391947281433184,-0.0320500948603153,3.31358412338515,0.526608755778002
"1866",0.0102376123605407,0.390583740189074,-0.0330025950095834,3.28776241742151,-1.46191256572427
"1867",-0.0264959646375838,0.402176187075634,-0.0225556545743662,3.65494594016054,0.168161474605211
"1868",0.00427170343190768,0.398328920132182,-0.0230640215446793,3.53009535466625,0.460991247342818
"1869",0.00835508776257055,0.395733037991439,-0.0238211237300382,3.44162902719084,1.64493307408037
"1870",0.0298130610433824,0.410509610169191,-0.0387827796716067,3.96037169138937,0.7784266005462
"1871",0.0141083428411524,0.409480580203382,-0.0403704496983238,3.7777110128523,1.23032715324802
"1872",0.0222986692292151,0.414918702933758,-0.0462886275833764,3.78706089819717,0.348759575504548
"1873",0.0063209808823342,0.410412891313308,-0.0465853644042503,3.62750360836476,-0.389079447027191
"1874",-0.00705174544042294,0.406579291164363,-0.0465774927099256,3.51144560351886,0.629817827303297
"1875",0.0126171996764532,0.405375876503151,-0.047870163648061,3.44339082955013,-0.428380842517068
"1876",-0.0077640509568555,0.4021720152963,-0.0477680095772181,3.37744622379663,1.47815461832526
"1877",0.0269556918939773,0.413398777909225,-0.0587496276573061,3.72203298351788,-0.676440008854207
"1878",-0.0122599196246517,0.411703909779623,-0.0577219638356152,3.59730516014435,-0.761475859011929
"1879",-0.0153144589577495,0.41151382246138,-0.0559825435371067,3.52378880950249,1.26592402815418
"1880",0.0252134423912109,0.420276539678805,-0.0647596640054234,3.72967365709505,1.30239294065153
"1881",0.0236048024408666,0.425991280992751,-0.0710538766966024,3.77764018522816,-0.629345200341525
"1882",-0.0114063648976304,0.422909393840556,-0.0701451863698321,3.63258484290711,-0.316164141640751
"1883",-0.00419096008285607,0.417420222187912,-0.0700405811170562,3.51348117688963,0.56575376217764
"1884",0.00897071340957034,0.413725465604114,-0.0703494026941642,3.43049021136851,-1.18781916567625
"1885",-0.0215282468647569,0.418530309231332,-0.0649605677061475,3.51865742858635,-0.0265568983103759
"1886",0.00114273543389002,0.413071453233035,-0.0649466281513472,3.42972531493206,-0.292592308753975
"1887",-0.00490289542246213,0.408471206324648,-0.0648687021955777,3.36487833185682,0.504850281785635
"1888",0.00716972314306678,0.404806262682736,-0.0650569128490362,3.31886524486895,1.08080661960539
"1889",0.0195887323527747,0.408310816976716,-0.0690039969549703,3.38706110104562,0.562129723898658
"1890",0.0101881395887548,0.405589540413758,-0.0694487283206035,3.3398265277691,-0.169613192205642
"1891",-0.00307409981151774,0.401241988552368,-0.069365074999114,3.29858897356371,0.156576232406197
"1892",0.00278696286684768,0.397155166551143,-0.0693134281389502,3.26829838796004,-0.837920587309682
"1893",-0.0151866224909706,0.398110611716606,-0.0672913479208456,3.28662069862329,-0.818486417491165
"1894",-0.0149018347677728,0.398610728731853,-0.0655238328096068,3.2937732583511,0.726411435649155
"1895",0.0139624474988256,0.398833783358432,-0.067089209238377,3.29539409831598,-1.27137191240562
"1896",-0.0230425717803633,0.406245098296983,-0.0600952440458433,3.48584440857653,0.690665516111116
"1897",0.0131316154699305,0.405513787115689,-0.061464014741903,3.42990448587532,0.554383679638176
"1898",0.0100477488980809,0.402985128604883,-0.0619931851140517,3.37129036964425,1.13868123852256
"1899",0.0206376622903071,0.407464150757811,-0.0666460641451977,3.44966556143204,-0.404251707852615
"1900",-0.00732673020745216,0.404012171979573,-0.0663684783426262,3.38161619894343,0.560298553562127
"1901",0.00866268322838463,0.40119242221946,-0.0667043711787396,3.33352544660295,0.350217622372151
"1902",0.00634740678436809,0.397749730205933,-0.0667987840946592,3.2949680498003,0.348995377812883
"1903",0.00632525460551682,0.394561286876626,-0.0668951048804719,3.26671026273227,0.809616964935161
"1904",0.0146736425801787,0.395276380201723,-0.0685833993982914,3.27914322112824,-0.24348060980898
"1905",-0.00441288609092703,0.391913646965846,-0.068470706719024,3.25434659085872,-0.721095063819618
"1906",-0.0128330678511454,0.391775513072705,-0.0672449503071267,3.25624634943955,-0.388450572620125
"1907",-0.00659501658029966,0.38905978256517,-0.0670585383786566,3.23845029640277,0.0907735263004084
"1908",0.000608431792784346,0.385694282447164,-0.0670199276814401,3.22412472798656,0.426825972962541
"1909",0.007735870223138,0.383825006449075,-0.0672481780115977,3.21645691317117,-2.08666934719817
"1910",-0.0378191682115418,0.411348172608733,-0.0353354876176008,4.88214644918546,0.499540936260412
"1911",0.00909915086455765,0.408387012037859,-0.036137159368804,4.4365925524971,-0.302055518907235
"1912",-0.00547450821286847,0.404285798566806,-0.0363428028894934,4.1039607618152,0.825206071206369
"1913",0.0127596013075245,0.403310021958352,-0.0377875039890903,3.8790483921953,-2.40275585465202
"1914",-0.0435479765686718,0.439499989395173,0.00732339537919712,6.37691133096783,-0.361421985018529
"1915",-0.00910480838925545,0.43393909285531,0.00681852854321059,5.52985574288943,0.134012349190687
"1916",0.00389752182484655,0.427665377724629,0.00601325464386078,4.90557485432388,-1.32113002687024
"1917",-0.0239443967404862,0.433711944755333,0.0121112005533327,4.66337679300565,-0.721828125624296
"1918",-0.00942991393861355,0.4288192534476,0.0116334556249433,4.2737752096655,0.640372785796045
"1919",0.0103399622489858,0.424906454800505,0.0102347877719876,3.99166083289148,0.176402786771301
"1920",0.00319715563697069,0.419128451067511,0.00941084484089091,3.77683350338283,-0.680182189767009
"1921",-0.0123277435803778,0.416825957442391,0.00957985487063223,3.63506751887927,-0.79485138226979
"1922",-0.0139270882952013,0.41541836295737,0.0101017787222988,3.53924689699762,0.288521186615109
"1923",0.0039294510105662,0.410505280441085,0.00925508960039472,3.44503925296998,0.492679250305522
"1924",0.00892940679205325,0.407239268958756,0.00808935976425923,3.38004592230102,-1.30541187324578
"1925",-0.0236595181147967,0.414567216986737,0.0145099490806296,3.55866795858207,-0.0276663440691216
"1926",0.000293464868465729,0.409356328335677,0.0136524837823831,3.45907878220272,-0.0830449874716088
"1927",-0.00212355051416509,0.404607344333693,0.0128097384714188,3.38602134537344,0.0276893259418376
"1928",-0.00100193976239002,0.40012556691446,0.011971628552148,3.33240279861556,-0.569169302201972
"1929",-0.0103157261641501,0.398194459888998,0.0117400479677747,3.30140371226586,0.222500439450124
"1930",0.00298736090261269,0.394370365577642,0.0108955695883206,3.27039153904284,0.374350523828265
"1931",0.00678479580377686,0.391569044563003,0.00990741285300424,3.24912833216605,-0.596850963278389
"1932",-0.0108174335372084,0.390546103864933,0.00984122530877454,3.243058832919,0
"1933",0.000982790168835774,0.38709129407179,0.00903431552783475,3.22750744442631,0.693676477447913
"1934",0.0125723164622214,0.387195557289955,0.00709871462549184,3.23579049856086,0.35881904355598
"1935",0.00650330047928738,0.384787855184295,0.00618073384999997,3.22340178766746,-0.414136428454348
"1936",-0.00750588265039324,0.382951283778975,0.00567219854887403,3.21579323805299,1.90455849348456
"1937",0.0346126095174688,0.405592848628548,-0.0196207991092014,4.38850507269481,0.0135712831856538
"1938",0.000245968362133594,0.401023198304552,-0.0201030831523257,4.0679570196358,1.22734024308072
"1939",0.0222445339354746,0.407258017392833,-0.0265822034631591,4.01347506902767,0.133958492905645
"1940",0.00242788766862644,0.40265166289846,-0.0269924654775634,3.79279736161893,-0.523455996939376
"1941",-0.00948721004895774,0.400215941461363,-0.0269242261649943,3.63691366663612,-0.797139936775537
"1942",-0.0119946318130843,0.398992886551236,-0.0264219156136885,3.53097981680984,0.216802252941678
"1943",0.00236153861496435,0.395038476515102,-0.0268389434331684,3.43879591403848,-0.393300839253163
"1944",-0.00712825470764119,0.392318506985142,-0.027036162566237,3.37313757202519,0.663644339941633
"1945",0.0122094070400818,0.391930790483244,-0.0284962379981804,3.34083739932998,-0.609303895729851
"1946",-0.011043132710746,0.391034078221609,-0.0280738843969662,3.3117002222198,0.487739755683414
"1947",0.00760454843787112,0.388804787393802,-0.0287327321703029,3.28075293776721,0.794242581321519
"1948",0.0143949945036093,0.389752073859323,-0.0307712909265879,3.28763143677109,-0.107324936516096
"1949",-0.00194517633224705,0.38642835533645,-0.031124992871381,3.26022882781313,0.682231259603111
"1950",0.014111621258195,0.387481196102568,-0.0331140772653627,3.27196746331126,1.45582242977553
"1951",0.0263855859251223,0.398680940261193,-0.0436971805448263,3.61755185950007,-1.96370911360042
"1952",-0.0355906149603965,0.422164953262729,-0.0180860266780665,4.76720771802644,-1.83913229714235
"1953",-0.032017364877212,0.437241023339344,-0.00298732667159886,4.99149097922609,0.829090715916675
"1954",0.0151783509270079,0.435639041189018,-0.0055279027597192,4.54870685339038,0.849118923459685
"1955",0.015389583136899,0.433731704324629,-0.00782898496372687,4.21816909848695,0
"1956",0,0.427125049896713,-0.00844083154989004,3.94297597826528,0.628806674212989
"1957",0.0113966045538228,0.423745826311794,-0.00978072258025178,3.75204232040758,0.545322891584454
"1958",0.00988352955590631,0.419843453491122,-0.0108263460597733,3.60676506276551,-1.02660724305988
"1959",-0.0186064131648844,0.421714829703698,-0.00802859947703031,3.57829710719656,0.774266316278238
"1960",0.0152005734175548,0.421089617701925,-0.010536233199471,3.51241319745988,-0.479872954990535
"1961",-0.00869730320681857,0.417101221069358,-0.0107520198005677,3.42948257903823,1.11614233377341
"1962",0.0191425731258054,0.419586161135504,-0.0150298130504583,3.45903511415865,-0.490099663036253
"1963",-0.00888265389132001,0.41580553530155,-0.0151617278957659,3.39087113175756,1.20109673324538
"1964",0.019519236296347,0.418697981459711,-0.0196321913440425,3.43902936341381,-0.183847720857921
"1965",-0.00333208895303429,0.413464989230036,-0.0200887697300462,3.37142094207458,0.301857306440689
"1966",0.00316899263642889,0.408543689549488,-0.0205834954056086,3.3217649606311,-0.696958571108702
"1967",-0.0126318017143578,0.407168124271613,-0.0199710621138652,3.30370754848931,0.171402243822205
"1968",0.000926604300772484,0.402509721385432,-0.0204503508694613,3.27200714795692,-1.16603944710395
"1969",-0.0211335073525329,0.407635406390342,-0.0157898081686084,3.39547006334499,-0.333756400866964
"1970",-0.0071683431487528,0.403890138918392,-0.0161478860940743,3.34085039117586,0.253756396600302
"1971",0.00592979931272063,0.400218383773968,-0.0167884718633583,3.30024068678942,-0.414356002853289
"1972",-0.00750986225604549,0.397263493417531,-0.0170600141710819,3.27195904506419,0.0535618652333758
"1973",0.00243744761882663,0.393433601601954,-0.0175798930411531,3.24874398261924,0.427465251496967
"1974",0.00774745662155811,0.390997414720121,-0.0183412942796299,3.23437970215099,-0.146735169394974
"1975",-0.00265945443697102,0.387646571259541,-0.0188252250684955,3.22118553251226,0.146735169394974
"1976",0.00346947527379752,0.384634183282063,-0.0193412687184738,3.21157783291202,1.2583780861389
"1977",0.0228070693506408,0.39253493035694,-0.0266608664181726,3.41927597263733,-0.792920765975169
"1978",-0.0143710376860161,0.393536704116315,-0.0252451221010625,3.39363583865899,0.963894701226159
"1979",0.0181224265742503,0.396994108903882,-0.029152331182679,3.42558264694858,-0.276334145181872
"1980",-0.00500832943813466,0.393646698250232,-0.0294457328981221,3.36204100044289,0.512585731639692
"1981",0.00703680256177655,0.391014241073623,-0.0300232601207398,3.31678553852111,-0.104931803961777
"1982",-0.00190180277009364,0.387583361526649,-0.0303865577140147,3.28161479302718,0.405998855115991
"1983",0.00519410193423974,0.384892509190844,-0.0308326827404895,3.25638670072005,0.274097933142226
"1984",0.00496779993143653,0.38232036887299,-0.0312589989693718,3.23773743647158,0.403252578969165
"1985",0.00730862181698811,0.380534917009883,-0.0318339343949804,3.22580814446652,-0.0519413074916208
"1986",-0.000941393540759415,0.377799309052042,-0.0321813453294924,3.21484964151069,-0.677703623382436
"1987",-0.0127015534709276,0.378645248943435,-0.0313078692233806,3.2283534635851,0.339425913343999
"1988",0.0064161544596841,0.376957602290051,-0.0318363934340704,3.21833293804264,0.286309409531432
"1989",0.00518912291214499,0.375001438059404,-0.0322626643617849,3.20991736074242,-0.521173818119547
"1990",-0.00944584743211975,0.374569447822904,-0.0320822178245149,3.21018570805057,0.404146303300512
"1991",0.00848891348227425,0.373829542584798,-0.0328202056118776,3.20814815806882,-0.757480440447944
"1992",-0.0137287108916988,0.37563685932758,-0.0315355239138186,3.23346405866834,-0.131181968176036
"1993",-0.00292646883942622,0.373383021233217,-0.0318753894601002,3.22050922091745,-0.0262570567348075
"1994",0.000788638211367588,0.371155362583378,-0.0322234380605893,3.2109609861368,-0.039398516498873
"1995",-0.00228528073421576,0.369185858032292,-0.032559849183172,3.20397882269255,0.0656555732336805
"1996",0.00243968915024876,0.367377210680197,-0.0329094507672052,3.19886469689484,-0.711371726020132
"1997",-0.0128930283101222,0.369114261230359,-0.0318983472883003,3.21973568640208,0.0792916653146403
"1998",0.00133929781717529,0.3672328090675,-0.0322481863157259,3.21039832880595,-0.795760167331405
"1999",-0.0144224995036996,0.369855897721213,-0.030714409464746,3.24191149468659,0.106467936594296
"2000",0.00123574754675895,0.367915864129319,-0.0310769175544492,3.22666846396466,0.451228370121326
"2001",0.00817814363083065,0.367477630565173,-0.0317702111171786,3.21936259463951,0.264480450387683
"2002",0.00479349095500284,0.366119236314496,-0.0321814028923825,3.21052884985786,0.131978374706671
"2003",0.00239199965246973,0.364514587401005,-0.0325333887456219,3.20366265823661,1.40137189559007
"2004",0.0253987147112748,0.376531150585099,-0.0431371242809494,3.5681184639555,-0.208306285451565
"2005",-0.00377538034935537,0.374440778433249,-0.043315515823101,3.46628244247637,-0.378664681750157
"2006",-0.00676873098262041,0.373072534971143,-0.0433556119437958,3.39299999525179,-1.35662271575166
"2007",-0.0234342660518992,0.382363179550886,-0.0358739156334385,3.58957338981752,0.330972699032761
"2008",0.00400817055914365,0.379887123789355,-0.036228725089738,3.48206866296019,-1.27695270661117
"2009",-0.0231437190920335,0.388590951168479,-0.0291231651402639,3.64201660066175,0
"2010",-0.000734690711810783,0.385250246427202,-0.0295010692744801,3.52023420435982,0.587294800705118
"2011",0.0106442359387002,0.384555009283651,-0.0305763062723728,3.44120447572073,-0.3199149622649
"2012",-0.00579819595640817,0.382264449795897,-0.0308133149403325,3.37392673123374,0.585731174072118
"2013",0.0126280520573968,0.382813572107636,-0.0323830155563159,3.34489780287905,0.318049565744799
"2014",0.00576438717646435,0.380537751541204,-0.0328243550755598,3.30298960072113,0.869456142460368
"2015",0.0157581785290605,0.382967876356244,-0.0354257587077927,3.32073519096648,0.261986002612563
"2016",0.00474828113767896,0.380453687914234,-0.0357864040188969,3.2848208548644,-0.301343169404616
"2017",-0.0054615974631605,0.378351432420555,-0.0359903096577269,3.25892544960863,0.209726122226672
"2018",0.0045205344941249,0.376201371974443,-0.0363514845979602,3.23952569814862,0.392054867051028
"2019",0.00710567248474962,0.374799789824835,-0.0368580742564427,3.22695633923641,0.325542314977589
"2020",0.00590018710278343,0.373160183761159,-0.0372671114338276,3.21662925828899,-0.730692186303222
"2021",-0.0132431957855546,0.374708793841652,-0.0361092506739004,3.23521179628366,0.366013480505828
"2022",0.00642671808327615,0.373311658483663,-0.0365894227555241,3.2234196112275,0.130395115620124
"2023",0.00236330438179987,0.371181087214022,-0.0368922119675601,3.21311772936962,-0.69303971407802
"2024",-0.012560775649093,0.372462466051757,-0.0359580373464015,3.22729398281705,0.0262398322156299
"2025",0.0020277980339192,0.370394148231397,-0.036267866396645,3.21596091772496,-0.499738020564122
"2026",-0.00905734120587653,0.370119491189688,-0.0361049900572814,3.21354570404544,-0.105526985125909
"2027",-0.00236501380518934,0.368215511365142,-0.0363996505841194,3.20587154588643,0.395153306592777
"2028",0.00823668810118794,0.367798701567791,-0.037049612856999,3.20433770048998,-0.897932878559932
"2029",-0.0162742959839468,0.371673468562989,-0.0345885274035577,3.26298573371429,0.291390934656799
"2030",0.00590326057651751,0.370368235682504,-0.0350520231349088,3.24339615834718,0.105750175089758
"2031",0.00191663507468955,0.368413028121036,-0.0353684546865434,3.22776273429462,0.684663635694999
"2032",0.0124089661073724,0.36977328949011,-0.0368518556616443,3.23680327912839,0.10491804241119
"2033",0.00190155335329112,0.36785129951296,-0.0371477758532643,3.22292290332654,0.470773721568507
"2034",0.0085323870739172,0.367538441056675,-0.037818675693551,3.21730974408263,0.740888551826724
"2035",0.0134279965367601,0.369450431697475,-0.0395553127461097,3.23590932921107,-1.23788146599431
"2036",-0.0224355849436563,0.378386812650886,-0.0326210908746758,3.45249281381665,-0.262570716693739
"2037",-0.00399073915586479,0.376054271833047,-0.0329331763785998,3.3813113581509,0.0525693270090333
"2038",0.00098443873823969,0.373642023585299,-0.0332699512559262,3.32894735058997,0.471884477683365
"2039",0.00855251861627498,0.372923522767706,-0.0339794781388672,3.29503978016955,0.0392233776356332
"2040",0.000710891506897648,0.370720644007227,-0.0343041538893499,3.26564612914433,-0.774231280381332
"2041",-0.0140323061086296,0.372849061813333,-0.032924324937134,3.27771495201441,0.118491225765421
"2042",0.00225099637099231,0.370777974788949,-0.0332700585504477,3.2529679238021,0.131492458130911
"2043",0.00238319281359998,0.36883998097325,-0.0336103112291381,3.23480257534339,0.550387970441196
"2044",0.00997532995041781,0.369015492932691,-0.0345450043056741,3.22994537368287,0.117547195667744
"2045",0.00213044638419718,0.36716929179824,-0.0348679436722425,3.21789677441482,0.286757235081397
"2046",0.005197239382455,0.365939809077444,-0.0352682515301079,3.20966773073208,-0.130242268996972
"2047",-0.00236053416228267,0.364363223838514,-0.0355694058652996,3.20303801486706,0.714242371468876
"2048",0.012385920020911,0.366045068150227,-0.0370860625868725,3.21949251587631,0.438993603649768
"2049",0.00795639853650686,0.365599536029908,-0.0376657119036438,3.2133831588048,-1.64970942761189
"2050",-0.0298996285284938,0.383039329970105,-0.0209514459435972,3.92982953330772,-0.288562634652018
"2051",-0.00425241980137189,0.380389755616745,-0.0213892816854275,3.7315653564144,-0.804488348087595
"2052",-0.0153098138267482,0.382555180141684,-0.0197646018093844,3.63014101551018,-0.0132424021911048
"2053",-0.00161589904724247,0.379686944204475,-0.0202439317441841,3.51152329930098,0.105890148875115
"2054",0.00429514042409291,0.377384367144883,-0.0207672955627433,3.42477519914576,-1.05061143236538
"2055",-0.0190414693822699,0.382595226815139,-0.0170597669897225,3.47229445984979,-0.980729295523369
"2056",-0.0169049343467267,0.385494796522467,-0.0149112865852709,3.45673178968044,-0.922290546822646
"2057",-0.0172386451762502,0.388448824034553,-0.0126349535481688,3.44999139270656,0.407941822193653
"2058",0.00639153997400929,0.386068277521281,-0.0133664559774661,3.38092926347567,0.446822217910192
"2059",0.00809828574061806,0.384257652991752,-0.0142112850805632,3.33190190255689,-0.2299317980621
"2060",-0.00416732500516623,0.381622540055551,-0.0147063196735275,3.29297166063951,0.310958136053507
"2061",0.00646803708854116,0.379690796375563,-0.0154073035516052,3.26562406919029,0.484784143612599
"2062",0.00878631446721094,0.378583705935388,-0.0163217610843999,3.24871672129743,0.509179714595009
"2063",0.0092284641560629,0.377707044536651,-0.0172840446938998,3.23726447591226,0.0267272485888759
"2064",0.000484409430546159,0.375153709911717,-0.0177920488069466,3.22325444106198,-1.31810919814716
"2065",-0.0238896467007783,0.384880636601501,-0.0100636338365269,3.48829992096614,0.3918659159524
"2066",0.00708844169293219,0.383004526377201,-0.0108978633887254,3.41001374381727,0.631849920907057
"2067",0.0114517609008439,0.382781708725086,-0.0123247193050039,3.36331898051685,0.133922612757542
"2068",0.00242723737040914,0.379963503927091,-0.0128935856267758,3.31576439291774,-0.14732474371642
"2069",-0.00267013998735106,0.377400842145718,-0.0134379752231797,3.28089701882298,0.267701940089055
"2070",0.00379615315059155,0.375180606749206,-0.0140221736961479,3.25545125058691,-0.267701940089055
"2071",-0.00485187781014668,0.373320782386087,-0.014494153668179,3.23709343312561,-0.107281758982053
"2072",-0.0017551073176051,0.371141494480186,-0.0150299731935458,3.2231355178082,0.628638464270803
"2073",0.0119158792829202,0.372084632098739,-0.016607902180052,3.23046046964862,-0.0133342223012423
"2074",-0.000241671828293207,0.369940329701784,-0.0171232567508421,3.21826215015696,-1.24791958278314
"2075",-0.0221276933516022,0.378313969167856,-0.0109649096828684,3.4172452847864,-0.636642854695907
"2076",-0.0110932914801799,0.37813619337872,-0.0108144067778853,3.36616039804448,-0.722812557137115
"2077",-0.014058367671545,0.379617126846533,-0.0098077938096214,3.34846374473575,-0.824633590020529
"2078",-0.0154432330036414,0.381809894051901,-0.00832218827892653,3.34871293937799,0.193023636381917
"2079",0.00468976358820493,0.379480766471388,-0.00900071432451656,3.30552483471466,-0.303490369515397
"2080",-0.00550051370175034,0.377457819501317,-0.0094964101579618,3.27414216853466,-0.290557105141453
"2081",-0.00543294366709604,0.375522870337667,-0.00999930860435255,3.2509873487107,-0.472223099747154
"2082",-0.00783295802753066,0.374392555836335,-0.0103087174166645,3.23633802893576,0.0834956909069817
"2083",0.000361563411364766,0.3720822320178,-0.0108934097352737,3.22257472291657,-0.0556560470746148
"2084",-0.00100872014491927,0.369955500895226,-0.0114709625710139,3.21247699601063,-0.111405108305346
"2085",-0.00223659353025886,0.368065018002979,-0.0120360874934891,3.20508807189237,0.569643777266199
"2086",0.0108141610909305,0.368702797613868,-0.013395351011583,3.21181887766809,-0.0277123460274253
"2087",-0.000502263512594799,0.366809029373725,-0.0139458460478496,3.20458437949226,-0.416609406899554
"2088",-0.00749896266531832,0.366230187716102,-0.0142284385296526,3.20205443045399,0.555094403412149
"2089",0.0106292115578402,0.366959679461837,-0.0155499567635982,3.20931442077811,0.799452913991305
"2090",0.0144894275041905,0.369511205421009,-0.0178985224483148,3.23960217616981,0.724987786649567
"2091",0.0131398082266502,0.371061049064606,-0.0197170179949665,3.24889278339041,-0.532970171760133
"2092",-0.00965964665393464,0.371061463759681,-0.0196038507652196,3.24006687695942,0.750805519982928
"2093",0.0131646563720537,0.372756014904505,-0.0215415461560023,3.25263082075158,0.203790573892054
"2094",0.0036935367859306,0.37081154742187,-0.0220278680767205,3.23465103280351,0.985894946211846
"2095",0.0178685362200577,0.375467358949928,-0.025945489038045,3.30809618739725,0.562853268309726
"2096",0.0102012532369845,0.37514047752851,-0.0269387090647028,3.28324667807714,0.253587056147414
"2097",0.00459605713075055,0.37318284305878,-0.0273923921955514,3.25731267100504,-0.320427510477356
"2098",-0.00580748547182153,0.371689697980338,-0.0276650812414377,3.23899159998924,1.18313111574626
"2099",0.0207007696227407,0.378738948755434,-0.0335664088851421,3.38565396075985,-0.809398699955544
"2100",-0.0146696867066763,0.380903304674498,-0.0318710800218766,3.3745614405848,0.73007558633037
"2101",0.0130637387201585,0.381880180816569,-0.03361479547323,3.34984173254074,-0.0661506936869671
"2102",-0.00119892699589265,0.37906649047432,-0.0339416354800693,3.30585947865041,0.356695007953528
"2103",0.00393778962077434,0.376744767057892,-0.0343034780345996,3.27378801247374,-0.0131882624655355
"2104",-0.000239026426142682,0.37426095401576,-0.0346244719319699,3.25005294399299,-0.131978374706671
"2105",-0.00407856536908377,0.37230638508595,-0.034901028940045,3.23287142654871,-0.476569607301441
"2106",-0.00769078785921464,0.371370504368729,-0.0349459335195831,3.22291575009481,0.198846754722654
"2107",0.00305172741174066,0.36948912539436,-0.0352797834127368,3.21281562585941,0.0661944817974658
"2108",0.00119972061943384,0.367555887745683,-0.0355909943485826,3.20531701073035,0.383066316123232
"2109",0.00694276238115665,0.366749380077785,-0.0361040072301141,3.20183107269133,0.0131830466211791
"2110",0.000238931893247206,0.36498686587105,-0.0364052395728154,3.19725579539091,0.944640978839556
"2111",0.0171208419418335,0.369557329034523,-0.0398543832464767,3.2704396804116,0.325924283039503
"2112",0.005907109960209,0.368254921694378,-0.0402225439209388,3.24844962060711,-0.299811213299794
"2113",-0.00543383201690101,0.367033539457757,-0.0403730507576787,3.2322870112612,-0.457966125902465
"2114",-0.00725920343438141,0.36633631597732,-0.0403985807325252,3.22192077965418,0.275031278074572
"2115",0.00395963160100604,0.364957951569535,-0.0406954263463485,3.2122442522482,-0.288146892232005
"2116",-0.00522242577703437,0.363918452943787,-0.0408529596064435,3.20559693075828,0.679741179355248
"2117",0.0126165450601205,0.365782903003497,-0.0423983100022158,3.22343557781454,-0.470097496702426
"2118",-0.00852013105357862,0.365711320902436,-0.0422109638005536,3.21830927854354,0.313643749013021
"2119",0.00471798124399933,0.364526492277465,-0.0425175770874609,3.20984697992715,0.598414690667876
"2120",0.0108457748119098,0.365377014388185,-0.0435327259204588,3.2151218511406,-0.207738324513479
"2121",-0.00376508652379844,0.364045949651322,-0.0437133371584617,3.2072268562658,-0.299381935294407
"2122",-0.00399827555604741,0.362805888696736,-0.0438926818188991,3.20142868293488,0.234375107288454
"2123",0.00393293536621377,0.361668201825969,-0.0441490930139877,3.19719283447453,-0.182244257678299
"2124",-0.00330302749977023,0.360514165828,-0.0443374663399659,3.19397030443427,0.364156989756792
"2125",0.00711023976611212,0.360291404144398,-0.0447842080248249,3.19390380209098,0.155662244429539
"2126",0.00282125034048712,0.359149336069261,-0.0450025847787716,3.19148738654075,-0.53284939903635
"2127",-0.00965745774750237,0.359932870501464,-0.044616935968698,3.1978483392677,-0.0130318629232462
"2128",0.000490016498412411,0.358672561805937,-0.0448248342412267,3.19433371390965,-0.195682014042531
"2129",-0.00406341550321095,0.357845326686508,-0.0449866966001452,3.19200869001164,0.234772509035058
"2130",0.00389550813306278,0.357060365420555,-0.0452308202008858,3.19027903841859,-1.3641344798377
"2131",-0.0247238171325121,0.369020300402566,-0.0355326240351782,3.54092314793731,0.30329027006597
"2132",0.00494229187715973,0.367708702373705,-0.0359369457727221,3.44679514211247,-0.210887121784403
"2133",-0.00382215588834008,0.366200636407484,-0.0362028162006513,3.37719958941325,0.118678724287574
"2134",0.000577214717641907,0.364486400381096,-0.036503131086062,3.32592951959811,-0.807149602037283
"2135",-0.014628923654011,0.367426832813791,-0.0348243936072264,3.32938000871327,-0.279385533956583
"2136",-0.00671232459213636,0.366495489517812,-0.0349729566135922,3.29236287754833,0.478469812333621
"2137",0.00929335778746004,0.366628681169037,-0.035807818976341,3.27063109715568,0.383776028500421
"2138",0.00695562533513197,0.365850388995964,-0.0363074592430824,3.24961200745589,-0.145396892972793
"2139",-0.00263519927589725,0.364314139676736,-0.0365932724826955,3.23236581259551,1.96469973837965
"2140",0.0357493909544449,0.389870688946832,-0.0657946231962014,4.68936093391282,-0.415909099663209
"2141",-0.00753801086022279,0.387854689198296,-0.0654574481136694,4.29221400527583,0.312093881411113
"2142",0.00538457840577906,0.385210840331248,-0.0655327550262121,3.99803893264255,0.362882720661345
"2143",0.00657695128947039,0.383001806911528,-0.0656683374508135,3.78287030347154,-0.505804852441383
"2144",-0.00916729755118133,0.381890019194736,-0.0651766087166533,3.62960586028454,-0.169171749631075
"2145",-0.000713552403174562,0.379038303752544,-0.0651583560762198,3.51112810691387,-0.666451339650448
"2146",-0.0125392058017296,0.379710124309906,-0.0639733487794754,3.44455381170488,-0.0524590175964845
"2147",-0.00161378832605108,0.377050476933291,-0.0639668327667701,3.37535238775479,-0.065612494972439
"2148",-0.000347953447608076,0.374544659491123,-0.0639619474997929,3.32457402170346,0.209808626662561
"2149",0.00310439088565037,0.372422926686179,-0.0639753308950682,3.28739556729796,0.470466105612688
"2150",0.00852681178735189,0.371769516162358,-0.0643409062845122,3.26444644425096,-0.378813071373518
"2151",-0.0068656758131049,0.370687487132281,-0.0641204407807493,3.24528629799752,-0.157170955733732
"2152",-0.00263028941850015,0.368772825644192,-0.064104226755105,3.22917439119699,-0.315084939683619
"2153",-0.00567104386175725,0.367533482597554,-0.0639878240055652,3.21819196222789,-0.527357847093696
"2154",-0.0103460999000358,0.367936490858714,-0.0633143443722268,3.21894210176845,0.0660720209038235
"2155",0.00195767212199943,0.366185304948358,-0.0633227755655821,3.2098292947538,-0.317544590723862
"2156",-0.00575523491892768,0.365173602766617,-0.0632035640119887,3.20412047645081,-0.6114600999854
"2157",-0.0111964665531042,0.366130937244656,-0.062350147941184,3.21242065242464,0.0133324445234451
"2158",0.000774094776432624,0.364433109956865,-0.0623636260546132,3.20502652089738,-0.0266666668246873
"2159",-0.000483311435823863,0.362843123620624,-0.0623762953000473,3.19960045397741,0.292942952501368
"2160",0.00530454795013591,0.361960907415076,-0.0624839995640342,3.19633825078683,0.636185048276439
"2161",0.0115303315241299,0.363313850025852,-0.0634466260702496,3.20872388566153,0.105638462220597
"2162",0.00191461037068176,0.361861213752091,-0.0634506147588291,3.20232089239289,0.171424845830215
"2163",0.00310693454561722,0.360651967014824,-0.0634698785687909,3.19769601208041,-0.396040121609692
"2164",-0.00717790195067928,0.360438796793895,-0.0632282630998244,3.19672312340656,-0.823487187772132
"2165",-0.0154859325705684,0.364127235551233,-0.0609129294925589,3.24434941277714,0.386023773867467
"2166",0.00748464092291483,0.363831402725375,-0.0612369013748084,3.23171061841988,0.212342481909883
"2167",0.00384853309537952,0.362571706489937,-0.0612943431854363,3.21934992887398,0.370517824967576
"2168",0.00671533128458449,0.362046604120791,-0.061505112859984,3.2118724550445,-0.463362184710758
"2169",-0.00839805905519894,0.362161533419631,-0.0611339351228618,3.20939843951993,-0.826120621076987
"2170",-0.0159732576796565,0.366032566625313,-0.0586425058504253,3.25955270036509,-0.0669209688362482
"2171",-0.000905621259073593,0.364329676605963,-0.0586959859717383,3.23960815370458,0.267415589230041
"2172",0.00412970722783494,0.363106055870066,-0.0587939338756159,3.22523852861816,0.492841490401552
"2173",0.00893234726055193,0.363268656955306,-0.0592859773683679,3.21997641130821,0.132784510281642
"2174",0.00240661019771605,0.361864398366887,-0.0593396927567198,3.21059247369959,-1.52429746356562
"2175",-0.0276266396764872,0.37667272145576,-0.0459000735495543,3.73548413668076,-0.175308520388595
"2176",-0.00319985500634797,0.374346397221124,-0.0460819002902079,3.58885879874781,0.161834155347662
"2177",0.00257114402622836,0.372180458747697,-0.0462845105013774,3.48127109652391,-0.459212044139573
"2178",-0.00832284116570728,0.371508523637136,-0.0461161268843774,3.40649790924429,-0.570188892076007
"2179",-0.00827773387165946,0.370800443390738,-0.0459789167986365,3.35118094741786,0.326220215902157
"2180",0.0050968753250928,0.369327738985469,-0.0462603074311947,3.30749345811462,0.135611629136734
"2181",0.00245784940515364,0.367496956876248,-0.0464581342779086,3.27481098193769,0.0948188354141899
"2182",0.00171851352058568,0.365739446848376,-0.0466485341294814,3.25081042875055,0.364889924421113
"2183",0.00661333020917199,0.364967426512443,-0.047012574071406,3.23486049101357,0.188679301257677
"2184",0.0034196573797768,0.363564190000122,-0.0472165457068768,3.22159628802384,0.0672992824377938
"2185",0.00121974422370679,0.362060214835697,-0.0473966771954933,3.2117597896718,-0.175072430414847
"2186",-0.00317304402058375,0.360852890134412,-0.0475531020114135,3.20463526458911,0.564517628198841
"2187",0.00995588882608524,0.361640521572726,-0.0483703528619094,3.20848507946394,0.227592306554475
"2188",0.00412492364293069,0.36057687921328,-0.0485759302161396,3.20235793931943,0.0133716654608484
"2189",0.000242350454810348,0.359261209148358,-0.0487401497645132,3.19764237510357,0.3337118494393
"2190",0.00604825320555735,0.358813855514625,-0.0490446238682849,3.19541048514899,-0.66854106468569
"2191",-0.0121167577487159,0.360791480058913,-0.0480254382644184,3.21316248550104,-0.0939534328558089
"2192",-0.00156522236428986,0.359498044381546,-0.0481941445737431,3.20557301239589,-0.0940417883508016
"2193",-0.00127679173877263,0.358292835746,-0.0483613045508402,3.2000036105526,0.348853164739166
"2194",0.00533607406889998,0.357750166411635,-0.0486273267739907,3.196678262609,-0.483352176272439
"2195",-0.00876036123519388,0.358300053768065,-0.0483410434894123,3.19918701321179,-0.756555891771493
"2196",-0.0141791458014448,0.361312225617496,-0.0467272777614833,3.23107032221088,0.971667563857237
"2197",0.0179477353786077,0.366962677057632,-0.0507610620583396,3.31865384367991,0.549120779802298
"2198",0.00995236316078584,0.367147606709317,-0.0514574324096624,3.2905498615659,0.293411786919867
"2199",0.00531784766938337,0.365915078442521,-0.0516744501473984,3.26296555572607,0.531280303974097
"2200",0.00962901918814033,0.36613746525721,-0.0523468995334929,3.24943834927964,-0.0397482615369038
"2201",-0.000720404596539923,0.364435910411285,-0.0524692404275258,3.23218736682622,-0.21225797303166
"2202",-0.00360857534065126,0.363114315760286,-0.0525614102338172,3.21967867569843,0.14597574087078
"2203",0.00309805477417646,0.361826468427077,-0.0527018907564852,3.21044138997569,-0.0397904375566249
"2204",-0.000721169002259721,0.360432606445182,-0.0528204810162775,3.20357379562439,0.661115722782407
"2205",0.0122794720877591,0.362327493499107,-0.0541274952847662,3.21941330280924,-0.118678724287574
"2206",-0.00215095441114787,0.361003917564639,-0.0542222279254823,3.21018516547611,0.552632985408835
"2207",0.00961814093411577,0.3616321799625,-0.0548997552012019,3.21131330119967,-0.289093499633253
"2208",-0.0052395822587674,0.360860421240766,-0.0548933923442796,3.20499357370702,-0.237154261348105
"2209",-0.0053331385052052,0.360104842165854,-0.0548963346911975,3.20026302237385,-0.370028174285597
"2210",-0.0055835045756776,0.359460413725969,-0.0548851971010931,3.19693553749456,-0.145743649514551
"2211",-0.0037260397102199,0.358503232613562,-0.0549494783987656,3.1938225060044,0.357355949086507
"2212",0.00711323284254228,0.358429182664113,-0.0552826889137773,3.19383709401082,0.211165447346506
"2213",0.00382720031057443,0.357557992162544,-0.0554058878931067,3.19156332702504,-0.0263713081697037
"2214",-0.000477958302769717,0.356466459469056,-0.0554949651555358,3.18972210055021,0.761958494663117
"2215",0.0140098629479733,0.359610177656232,-0.0573767801207929,3.22447536380481,0.561176024088056
"2216",0.010170854562927,0.360446985407551,-0.0580709742585507,3.22275515489974,0.0910569168606601
"2217",0.00165033183633115,0.359185639635185,-0.0581328968489996,3.2126126962433,-0.39082905402329
"2218",-0.00708345563033787,0.359041817795088,-0.0579604377573513,3.20752411250833,-0.74680989085012
"2219",-0.0141507057119731,0.362001490004827,-0.0562457679500227,3.23705977879996,-0.0131518379883122
"2220",-0.000342781071593194,0.360582326135866,-0.0563257242494472,3.22310423977623,-0.223846297959229
"2221",-0.0040600196426792,0.359613755670309,-0.0563621709738848,3.21311134288586,0.263296623936071
"2222",0.0047783495542066,0.35886581046636,-0.0565142392936781,3.20604156139044,0.0131466509096179
"2223",0.000238272250865647,0.357673811853968,-0.0565912488600551,3.2003451678799,0.406691278816035
"2224",0.00737094542763222,0.3577170342107,-0.056926365182553,3.19890009906039,0.522330777528152
"2225",0.0094668163712315,0.358452781130368,-0.0575253889323639,3.20214949247612,0.674976602072458
"2226",0.0122333965785759,0.360371865414052,-0.0587243127477411,3.21705868622086,1.32367157857709
"2227",0.0239904602778879,0.371037172905135,-0.0673778867698539,3.50037979852378,-0.40936477789254
"2228",-0.00741940040274532,0.370270885175461,-0.0670384971497437,3.4195943675525,1.46340971341432
"2229",0.0266657943060035,0.383467295957464,-0.0788381206985743,3.80403248197067,0.466318823467896
"2230",0.00845164570449108,0.381840065067687,-0.0789651116486496,3.64236740170559,0.0628496029738634
"2231",0.00113909743778463,0.379006205672174,-0.078796039432351,3.52049236051509,-0.541801867176139
"2232",-0.0098197138801962,0.378407852505141,-0.0780623974166721,3.43882214156097,0.113643550332904
"2233",0.000105945278275121,0.375803398168963,-0.077902693129636,3.37114383577898,0.163924127243398
"2234",0.00297099018130134,0.37357236906401,-0.0777604720489847,3.3215514273018,0.865589046164339
"2235",0.015688090584602,0.376493474503846,-0.0799231607364021,3.33595484590114,-0.488325017215291
"2236",-0.0088504898932678,0.375793317607386,-0.0792857932259893,3.30150218852594,0.250720953702291
"2237",0.00409816565969525,0.373760433961286,-0.0791590886910201,3.27066438573172,0.200125144965729
"2238",0.0036271038969258,0.371757837070643,-0.0790145172061319,3.24789651681521,-0.438295110261208
"2239",-0.0079437389174868,0.370991590255903,-0.0785302369779695,3.23459290053766,-0.012550988406812
"2240",0.00131936014586671,0.368967280252273,-0.0783673009116839,3.22129816872737,-0.226187580725329
"2241",-0.00466294908043604,0.367509346065003,-0.0781405811489221,3.21196049108327,-0.289763982273242
"2242",-0.00568453195674323,0.366355851865709,-0.0778707810618947,3.20555306312355,-0.164151814118693
"2243",-0.0022272166430445,0.364717110881116,-0.0777071789532037,3.20000476031704,0
"2244",-0.000506208163211898,0.363105937196976,-0.0775512998297475,3.19591581266845,-0.303759251410368
"2245",-0.00550538696527357,0.362246587876394,-0.0772920515558146,3.19373777128518,-0.17761994012559
"2246",-0.00312943158982345,0.361003959290094,-0.0771231231528606,3.19139374660688,0.240979252895865
"2247",0.00436747555424279,0.360071401725301,-0.0770290441600539,3.18994681106197,-0.546206502453683
"2248",-0.00989954427723333,0.360900873333223,-0.076243460391687,3.19762052901604,-0.370063588279615
"2249",-0.00643282462733629,0.360389487404532,-0.0759474403766115,3.19556107069803,1.29558525029821
"2250",0.023683060886043,0.371084665136633,-0.0844447691841937,3.48609926085402,-0.480709338086907
"2251",-0.00871246196354899,0.370778444055016,-0.0837466397321976,3.41185746865377,0.569009564574718
"2252",0.0109528260931582,0.371339058615108,-0.0843662685773424,3.36452724985065,0.10081916417938
"2253",0.00182726455160072,0.36930044701051,-0.0841399429813846,3.31663732095644,-0.353312670371703
"2254",-0.00640350198750846,0.368230682064305,-0.0837488113375468,3.28298792454847,-0.088523559369269
"2255",0.000523135004711383,0.366369393391191,-0.0835267851763493,3.25680335639876,-0.0253068456367661
"2256",-0.00153352292279735,0.364684527596047,-0.0833047407508427,3.23759575977557,0.404143010293936
"2257",0.0073446769057073,0.364222417561694,-0.083339553985628,3.22613629527666,0.364849118316943
"2258",0.00661259063204649,0.363531722948629,-0.0832933438512132,3.21666771020955,-0.201131431726551
"2259",-0.0036453420180386,0.362301991431129,-0.0830424154822881,3.20832257247689,-0.5299028296607
"2260",-0.00931266871824567,0.362671970112088,-0.0823256577244997,3.20863449046507,0.5299028296607
"2261",0.00932296821483879,0.363112488709096,-0.0826616261000364,3.20957837211219,0.263902132425475
"2262",0.00478300941688955,0.362063744633927,-0.0825135874600667,3.20334858726908,-0.30165935394256
"2263",-0.00546732804823976,0.361293317567689,-0.0821960028915099,3.19923151948542,0.652448989528215
"2264",0.0128233964360079,0.363462394370659,-0.0833677580957388,3.2207260854288,0.050012504168237
"2265",0.000906435564579826,0.361947013566565,-0.083149949825245,3.21111986463412,0.585780948415979
"2266",0.0106167986092319,0.362911790059173,-0.0836922978310367,3.21552064377205,0.149012817837843
"2267",0.00270073494444734,0.361559885559386,-0.0834807327219985,3.20733598128872,-0.372949213982732
"2268",-0.00675939821367191,0.361154363720137,-0.0830603472719543,3.20324743539857,-0.124626137765529
"2269",-0.00134761334427568,0.359828114801915,-0.0828445486465625,3.1982970781188,-0.424894415791585
"2270",-0.00834672132748645,0.360033082829826,-0.0822622654457954,3.199063974947,0.262647890340612
"2271",0.0047112196334891,0.35925697694855,-0.0821301500937222,3.19573780396745,-0.0499750135338539
"2272",-0.000905756077621341,0.358057002291994,-0.0819251178455234,3.19278585454315,-0.513689032860212
"2273",-0.00977159616561101,0.358938764247254,-0.081122584014902,3.19901022225194,0.613614097382673
"2274",0.0118195622651094,0.360789489792492,-0.0820417472689625,3.21428406874663,0.27428018691055
"2275",0.00497110313130894,0.359937145786603,-0.0819071360757403,3.20686023395055,-1.24022886295075
"2276",-0.0224781295856593,0.369455594801657,-0.0743295128952161,3.43880699895217,0.377453895544191
"2277",0.00800217984970867,0.368995041905419,-0.0745777719499339,3.37548542549163,-0.339644329273617
"2278",-0.0061557745304222,0.367910727624439,-0.0743017010124271,3.32604671638584,-0.619353556671784
"2279",-0.0121233697590249,0.369120117027634,-0.0731071799186625,3.30666668344387,-0.48296992711771
"2280",-0.00653183396385977,0.368029773844079,-0.0728465102288969,3.27556112580771,0.101871904900777
"2281",8.85153054819187e-05,0.36617527143824,-0.0727440988648646,3.25135392860368,-0.293161895004493
"2282",-0.00531331858364445,0.365052370511354,-0.0725489198795456,3.23429928453456,-0.0893940420938544
"2283",-0.00142271973069157,0.363449614549658,-0.0724483062205595,3.22108153484868,0.102158098528313
"2284",0.00211493334606696,0.362022604739077,-0.0723564678321855,3.21139936969326,0.369450703688129
"2285",0.0066959905877828,0.361540628331597,-0.0724471543464787,3.20605711102765,-0.881288033512562
"2286",-0.0159726218372753,0.365641084762947,-0.069692049681959,3.26132807025182,-0.308364628263463
"2287",-0.005612000762752,0.364558536590412,-0.069529790744124,3.24162376037045,-0.231899099028321
"2288",-0.00411534795086814,0.363295461403513,-0.0694231093015104,3.22668493623624,0.321937049673365
"2289",0.00469689891094378,0.362264782105914,-0.0694270431433827,3.2159584136167,0.12848517763977
"2290",0.00232868832446927,0.36093303398477,-0.0693693687753652,3.20764441791278,0.435618882336908
"2291",0.00789523448424853,0.360897289834843,-0.0696146228358039,3.20498926340541,0.852910777963023
"2292",0.0154583073856584,0.364526167475833,-0.0718435567442246,3.24975090543035,-0.482847189683408
"2293",-0.00875120876799506,0.364651923146321,-0.0712883718072168,3.2383637855622,-0.0764526031122648
"2294",-0.000960617957055995,0.36305449308412,-0.0712027478341647,3.22406140140266,0.0127461602364876
"2295",0.00041956117084225,0.361563041474684,-0.0711184419814138,3.21356694142559,0.432405608242703
"2296",0.00783699653023741,0.36147387077224,-0.071340893720273,3.20928131539696,-0.777123472741079
"2297",-0.0140847247198965,0.364379937923709,-0.0694191046689495,3.23996640422963,-0.166400038395384
"2298",-0.00327650099153788,0.362981902590814,-0.0693369681323232,3.22531146890007,-0.385060160028525
"2299",-0.00670763279685958,0.362427878131267,-0.0690869222022763,3.21624547595233,-0.930239266231353
"2300",-0.0180699760449945,0.367801339613824,-0.0653538788032095,3.30168494946378,-0.55971509611405
"2301",-0.0088740178404292,0.367509638335934,-0.0649459854185363,3.27520689931697,0.234680681372262
"2302",0.00356678125822029,0.365986180017583,-0.0649625762834235,3.25126383376108,0.117134131958491
"2303",0.00212295994370132,0.364368345180678,-0.0649522287044558,3.23354213423226,-0.404040953700496
"2304",-0.0073229104615297,0.363925648842475,-0.0646852231535992,3.22315074054386,0.247831601446696
"2305",0.00472551149253276,0.362867075871228,-0.0647448362068185,3.21339838786963,0.480863880640869
"2306",0.00871526292041931,0.362962554931794,-0.0651388056340822,3.21074642676873,-0.80708587021473
"2307",-0.0146277685670679,0.366104433407715,-0.063072808728774,3.24689298690629,0.534446947681849
"2308",0.0105323715421431,0.366857803923966,-0.0638651903919492,3.24236588121806,-0.612898834550774
"2309",-0.0111082880244813,0.367791490782832,-0.0629618544825788,3.24138479147664,0.430725719758046
"2310",0.00668872073688038,0.366958879719472,-0.0631712243748361,3.22825676611203,0.0130233769800481
"2311",0.000236038012132635,0.365181218516227,-0.0631750998740955,3.21664518390324,-0.221628406994928
"2312",-0.00401683286134994,0.363874370684683,-0.0631381070125262,3.20835828112323,-0.523424382678878
"2313",-0.00788147624214839,0.363611135227351,-0.062841769757785,3.20538076930358,0.118009585582768
"2314",0.00108032085563519,0.362107062340171,-0.0628504201693389,3.1998623339985,-0.565084623472834
"2315",-0.0102416947167841,0.362910418627687,-0.0621707546096181,3.20585553719594,0
"2316",-0.000106976336079344,0.361425475864235,-0.0621856205029749,3.20020867544024,-0.290352586193021
"2317",-0.00526240216862073,0.360633977004001,-0.0621074918078129,3.19676176857715,-0.211696294990427
"2318",-0.00486167749920018,0.359794782516109,-0.0620537746999838,3.19400767153506,0.383370156895874
"2319",0.00781654552551035,0.359858612813674,-0.0623870399987452,3.1950982085968,0.526386266098056
"2320",0.00954031877093423,0.360465396968241,-0.0629324318598024,3.19947356834894,0.065603886102833
"2321",0.00118901655750361,0.359179066281142,-0.0629396014518935,3.19552699241081,-0.131250839159536
"2322",-0.00237881366817677,0.358085963762635,-0.0629371180535492,3.19266085547716,-0.157728739324858
"2323",-0.0031262526262052,0.357151241290373,-0.0629246128125935,3.19061102081269,-0.0921234519320913
"2324",-0.00204154957978221,0.356166239614229,-0.0629261199360224,3.18903773452156,-0.316497692656653
"2325",-0.00552227482941905,0.355806365173792,-0.0628250989535907,3.1887166715208,-0.0528471408784981
"2326",-0.000853451944914307,0.354847222250025,-0.0628324968429581,3.18763363594165,0.566648416120991
"2327",0.0103103493899823,0.356203902447711,-0.0635617984931281,3.19756379278915,-0.14465121859466
"2328",-0.00262168454018911,0.355371061102769,-0.0635469428904281,3.19418300666132,0.105221632751629
"2329",0.00222760923949941,0.354541027530682,-0.0635543925310165,3.19166936362819,-0.580093914127172
"2330",-0.010513725783304,0.356020821282399,-0.0627824210676364,3.20152552059724,-0.676619496793068
"2331",-0.0131993792712609,0.358618735578526,-0.0613545806464429,3.22387199058814,-0.0799041193132621
"2332",-0.000723504193183765,0.357449090807239,-0.0613783393322699,3.21342798251094,0.279385533956583
"2333",0.00433917054395326,0.356760324976582,-0.0614553641686687,3.20609842521995,0.424235025764469
"2334",0.00768891143302471,0.356946921273357,-0.0617646940744406,3.20351753426983,1.02659495962075
"2335",0.0186061905376381,0.363116762836392,-0.065875882704644,3.30692327258381,0.379011105211613
"2336",0.00686926501378231,0.362520539891773,-0.0660265369202227,3.27600552826038,-0.274312757733769
"2337",-0.00497169345073054,0.361613787422263,-0.0659150224057948,3.25228968434916,0.235171260724165
"2338",0.00472386896877442,0.360713388015608,-0.0659598415062659,3.23476679559452,0.0391414970096038
"2339",0.000709407487796476,0.359395490133705,-0.065933235928581,3.2214219418,0.0130437618394152
"2340",0.000236407470967313,0.358165745669677,-0.0659067745739816,3.21163025372967,0.455463081595975
"2341",0.00825489429849256,0.358465804423056,-0.0662436589595707,3.20873681807169,0.181605965076542
"2342",0.00329145897057013,0.357511345120317,-0.0662338032859608,3.20241284521473,0.0129592431983461
"2343",0.000234875640010053,0.356417491928658,-0.0662040362402938,3.19768266149542,0.142440943475086
"2344",0.00258162511886623,0.35554282527156,-0.0661857418266117,3.19425323572171,0.516263407880696
"2345",0.00935685027928355,0.356426707700119,-0.066683933925178,3.19875582957032,0.385455957138178
"2346",0.0069860726620265,0.356394870536066,-0.0668554595884957,3.19701817043587,0.0512820524059127
"2347",0.000929445083753428,0.355394785445948,-0.0668191966135447,3.19372480125388,0.0384442882930575
"2348",0.000696771152401497,0.354463186692611,-0.0667832006000734,3.19130816193483,0.319795603531642
"2349",0.0057960326773929,0.354297672738477,-0.0668744059387122,3.19059253450393,0.0765990079582501
"2350",0.00138829411123523,0.35347052758361,-0.066838986266257,3.18901228140013,0.356688276257114
"2351",0.00646468207191792,0.353546693898311,-0.0669786350072923,3.18948514569261,0
"2352",0,0.352739284970217,-0.0669406807910258,3.18819718828875,-0.29290055960805
"2353",-0.00530858209420928,0.352586919652296,-0.0668041973082154,3.18801038910205,-0.229826454584134
"2354",-0.00373435078302516,0.35212901389147,-0.0667362901463243,3.1872825173289,0.255330152758584
"2355",0.00419722020686327,0.351809154181428,-0.066752442034836,3.18689801942421,0.610145530836856
"2356",0.0110583866558558,0.353681916269172,-0.0675965431087913,3.20026095703674,0.278410708815832
"2357",0.00504596544859322,0.353361768583,-0.0676267491059022,3.19662726719741,0.654996673495553
"2358",0.0118712767819156,0.355506727445976,-0.0686599667901786,3.2117566468033,-0.0502323255570647
"2359",-0.000910419646720934,0.35458407419784,-0.068602610558301,3.20454001961675,0.112987269568254
"2360",0.00163255824155316,0.353758931927032,-0.068549759541933,3.19925042452346,0.375704887771225
"2361",0.00680934253795265,0.353909503239612,-0.0686997709342845,3.19736781437039,-0.0875383035953969
"2362",-0.00158655986060877,0.353137493704981,-0.0686396189766641,3.19398906669843,0.299812841693253
"2363",0.00610387108289554,0.353156025491572,-0.0687357089487155,3.19284922650102,-0.237277663618798
"2364",-0.00430046278548641,0.352788737027449,-0.0686217849282694,3.19102613327504,0.797015427034753
"2365",0.0139465125986556,0.356202024603533,-0.0703898227463043,3.22625125684038,-0.385261148864888
"2366",-0.00698254192206203,0.3563111009258,-0.0700675203303981,3.21773947856813,1.00353936425022
"2367",0.0175171153207381,0.361897308213634,-0.0735738909566285,3.29960254644997,-0.209785971922896
"2368",-0.00380219845143496,0.360845016498129,-0.0734189829826661,3.26925515610496,-0.148349637789111
"2369",-0.00427884340993661,0.359884771192113,-0.0732625797880298,3.24701361245418,-0.347007412276965
"2370",-0.00433098406872862,0.359001788820381,-0.073106203890208,3.23070789595985,-0.198831928311397
"2371",-0.00545141949564325,0.358410950092297,-0.0729010178049934,3.21921179063326,-1.45347753627189
"2372",-0.0253929919331113,0.370803423165568,-0.0623474456343011,3.58854497057477,-0.56958574343908
"2373",-0.0105623058808144,0.37090901618009,-0.0617277169726801,3.48999825731934,0.354790032577967
"2374",0.00663138082935912,0.369831353158558,-0.0619422719462893,3.41056454728773,-1.05538521715502
"2375",-0.0191279903110446,0.375693326127523,-0.0575661301778037,3.46962732129571,-0.551177451264331
"2376",-0.00860625904701949,0.374728572630915,-0.0572925245860219,3.39766357568476,0.436065844257857
"2377",0.00784001886808683,0.373742853074096,-0.0576697923679172,3.34440261216929,0.599682817874062
"2378",0.0108687585760547,0.373911368733409,-0.0584825911182646,3.31312416652639,-0.0127218370504223
"2379",-0.000230572848552058,0.371634355825679,-0.0585379270135995,3.27891517689928,0.823571332222905
"2380",0.0152133690188868,0.374423347858727,-0.0607480100421244,3.29993966115332,0.252048022533499
"2381",0.00456816341045125,0.372495701088509,-0.0608263373650592,3.26952890663771,-0.403582336162298
"2382",-0.00731459839529594,0.371476325788696,-0.0606092532372232,3.24949154510524,0
"2383",0.00114778400961715,0.369406315838849,-0.060642557798902,3.23222814332426,-0.379843454928511
"2384",-0.00688435066882222,0.368461301447499,-0.0604710171839209,3.22153823038582,-1.00721193169064
"2385",-0.0182850424008423,0.373560347031171,-0.056794093374204,3.30688390868812,0.523996342413113
"2386",0.0102477472998521,0.373675491806298,-0.0575865812726825,3.2849991995232,-0.0127477850896063
"2387",-0.000231043135452078,0.371415349405592,-0.0576517640675548,3.25827897351835,0.140136337348462
"2388",0.00225042467213344,0.369422700039363,-0.0577232904485792,3.23869570250247,-0.83094118249275
"2389",-0.0150601265105978,0.3722967811151,-0.0556619448819439,3.26956855972219,-0.360082693594235
"2390",-0.00804062911720639,0.371410739871798,-0.0554624322674498,3.25007711979176,-0.0773295566309284
"2391",-0.000863155097884584,0.369321653115802,-0.055550768552319,3.23265571322119,0.10309279263585
"2392",0.000996680018038666,0.367394496261644,-0.0556390009051471,3.2198737485959,0.0128791293886543
"2393",0.000233423643003977,0.365586025656366,-0.0557256296915307,3.21049429374918,0.80805929331795
"2394",0.0146454110613764,0.368448024381259,-0.0577787017230573,3.24445477945191,-0.038331310761297
"2395",-0.000694723527422718,0.366581886564034,-0.0578412694008444,3.22853093531366,-0.422617008598292
"2396",-0.00785106448314661,0.366132665123565,-0.0576030303191424,3.22018346426247,0.754334587588457
"2397",0.0143851638815169,0.368884856924038,-0.0595856858988258,3.25019167904882,0.27982719862116
"2398",0.00507163816300275,0.36745784319651,-0.059697815443836,3.23320718731379,-0.165257776121491
"2399",-0.00299516147193896,0.365845671976375,-0.0597215471228045,3.22035737154584,0.2160514280072
"2400",0.0050741818377579,0.364705368352614,-0.0598477820387308,3.21146310357991,-0.995160037282619
"2401",-0.0180364583866297,0.37005164067776,-0.056140026482897,3.30078217465611,-1.06994253048784
"2402",-0.0193220861366594,0.375692740926151,-0.052002368955156,3.38279662659517,0.0259168071944482
"2403",0.00108867997059193,0.373326845098893,-0.0521307356341765,3.33003970018939,-0.45451672299292
"2404",-0.00823774232602244,0.372532546530061,-0.0519138753758462,3.29528938148626,1.06163607151525
"2405",0.0199149483681019,0.378878665409444,-0.0569637607501305,3.40455281489774,-0.931563212385278
"2406",-0.0168838181651485,0.382537536414152,-0.053988844953699,3.4191831947734,0.0649730384756853
"2407",-5.71996807816377e-05,0.379633943538634,-0.0540936049413513,3.3567341011601,0.660324792025874
"2408",0.0119678445544857,0.379973471229556,-0.0552128972867414,3.32782814316549,-0.907447243340664
"2409",-0.0164467360317922,0.3831357610454,-0.0525668593881514,3.35314352703787,-0.234680681372262
"2410",-0.00209455267834382,0.3802559413771,-0.0526838446022884,3.30828708022896,0.221657304392214
"2411",0.00373466593319467,0.377817563558654,-0.052834661903888,3.27553244347705,0.0130233769800481
"2412",0.000236038012132635,0.375254703721978,-0.0529520954211942,3.25133288250854,-0.195528967984715
"2413",-0.00354380196381963,0.373143296847693,-0.0530413119565483,3.23371057184895,0.260620423775082
"2414",0.00451797526805078,0.371362720590421,-0.0532149593164708,3.2210229439769,0.428544256915586
"2415",0.00776701270862227,0.370517229807995,-0.0536061225543179,3.21434215100817,-0.415531048490692
"2416",-0.00753115899320074,0.369728608713114,-0.0534376500817164,3.20943328322391,-0.0911280411953097
"2417",-0.00116290419618045,0.367772620805055,-0.0535477899271629,3.20283474822531,0.260145828294839
"2418",0.00454980747148073,0.36637836588571,-0.053716717117484,3.19837560429012,0.815063701044738
"2419",0.0147723601989565,0.369213314487441,-0.0558051211092649,3.2359304097176,-0.077339524349973
"2420",-0.00140171536267565,0.36733132300974,-0.0558870449161008,3.22228235405447,-0.0128957379764705
"2421",-0.000222504234565811,0.36552726283847,-0.0559709377430115,3.21226156514402,0.18038917402865
"2422",0.00349756582487428,0.36411260049376,-0.0560808332883272,3.20504264945876,0.154360720127639
"2423",0.00279766128141033,0.362698921013552,-0.056175493939072,3.19966231531423,-0.180110688082474
"2424",-0.00326435830306982,0.361461927917679,-0.0562331123875314,3.19577356673688,0.231511357422842
"2425",0.0042987589760873,0.360483912946362,-0.0563659789401516,3.19313913583211,-0.683212454536625
"2426",-0.0123826646406797,0.362463191177089,-0.0552060050997424,3.21291601743678,-0.753054714280954
"2427",-0.0138652098280626,0.364951795176904,-0.0536857328739814,3.23669438938918,-0.903324856934545
"2428",-0.0158178903238157,0.368451806323581,-0.051423113644997,3.27520710570371,0
"2429",-0.00100864896075204,0.366576907860467,-0.0515558182558514,3.25109440869233,-0.52742738299717
"2430",-0.00955918815969884,0.366754758825761,-0.051145084561119,3.24072703706064,-0.105820115694782
"2431",-0.00214283184841152,0.36507375405895,-0.0512763101369276,3.22580831621672,0.343506745487993
"2432",0.00688056463854221,0.364446330561405,-0.0516189662404161,3.21689182568173,-0.64836482505855
"2433",-0.0117510799754932,0.365837513068167,-0.05069491483663,3.22609608076657,-0.572457131442949
"2434",-0.00973589907007225,0.366061588822445,-0.0502950643826643,3.22235928733082,0.0934142991796949
"2435",0.00170448894789026,0.364423498940765,-0.0504445581115023,3.21232910866225,0.452489459828959
"2436",0.00820099984609391,0.364242869983666,-0.0509317429949695,3.208944068594,0.145956371695072
"2437",0.00264533936825882,0.362793443879802,-0.0510798887479658,3.20250962253081,-0.332027664083345
"2438",-0.00601772872914148,0.362096162511081,-0.0510750839325603,3.1989754247837,-0.881887062374148
"2439",-0.0161930579866028,0.366149622690719,-0.0485658157825174,3.2557942878087,0.174321197345223
"2440",0.00272803512068285,0.364623605583619,-0.0487473953763035,3.23692421044778,0.920190529851495
"2441",0.0166776976341985,0.368871352468623,-0.0518032171007058,3.29131474866937,0.132661202793621
"2442",0.00240437535076368,0.367048662654898,-0.051937724224145,3.2629299184285,-0.225628870024824
"2443",-0.00408933796833051,0.365626034027288,-0.0520210206503188,3.2423432565734,-0.720099124470408
"2444",-0.0132361328732201,0.367614025500022,-0.0507182962097426,3.25364964870877,0.600442126879042
"2445",0.00986081748690541,0.367949755213871,-0.0514996210739453,3.24442654903095,-0.0798509491457211
"2446",-0.0014472328745559,0.36615613348331,-0.051629049690325,3.2285156105692,0.0266240683148844
"2447",0.000315787103291011,0.364438741684368,-0.051759750078135,3.216835118449,0.914216370711957
"2448",0.0165694209061561,0.368654474006506,-0.0547510848676129,3.27558832740685,-0.079166121036589
"2449",-0.00143482092750246,0.36681764540994,-0.0548442281586465,3.2513818084107,-0.198189930764436
"2450",-0.00299336814721308,0.365236433162935,-0.0549232858188345,3.23368122682738,0.198189930764436
"2451",0.00422968377009958,0.363971826295119,-0.0550671245147346,3.2209252102896,-0.357025172628939
"2452",-0.00647078804197639,0.363318015636544,-0.0549829113340654,3.21291371690818,-0.0264970854756408
"2453",0.000180698999853987,0.361805336933242,-0.0550767583594695,3.20538749792048,-0.558066821730624
"2454",-0.00974419707122277,0.362412759288517,-0.0545798828513961,3.20805754682992,0.967984751098394
"2455",0.0168297304398991,0.367089800790092,-0.0578018893187062,3.27747683954522,-0.118835426937869
"2456",-0.00215379451799022,0.36543045052667,-0.0578554894131851,3.25279177005884,-0.0132126577453262
"2457",-0.000930569160495432,0.363779913042693,-0.0579173174509723,3.23464787404256,1.01230076314484
"2458",0.0198729578411626,0.370611581783732,-0.0629480795017609,3.36182065963172,-0.353797132461325
"2459",-0.00641228246501158,0.369540935671647,-0.0627636352863187,3.31646477713639,0.64115365203451
"2460",0.0125266879477821,0.370961978059126,-0.0640184977878174,3.30359165987547,-0.536194314138549
"2461",-0.00971808158667135,0.370989449716779,-0.0634098318786813,3.28036522317532,-0.341521414308654
"2462",-0.00787591113365054,0.370175735838569,-0.0631311602804248,3.25791257953856,0.144632199296912
"2463",0.0044120682761029,0.368604532412236,-0.0631936114464069,3.23877774017593,-0.500527915356891
"2464",-0.0090716574002833,0.368481570333205,-0.062722667844207,3.23049755445082,0.0791974698206466
"2465",0.00239619522196136,0.366732361735332,-0.0627418707370719,3.21832693518526,-1.31484728435062
"2466",-0.0238305271921084,0.377043729425277,-0.05426064469594,3.49629611159432,-0.482445320638164
"2467",-0.0096117284889005,0.376321222645712,-0.0538994279276501,3.41924824722826,-0.282505064459437
"2468",-0.00425607083266481,0.374218932070665,-0.0539643398809696,3.35701469440955,-0.540322805838145
"2469",-0.0113505480068417,0.374607792566425,-0.0532021459776675,3.32482019649409,-0.20337611240227
"2470",-0.00220644925825469,0.372361317187982,-0.0533106994737108,3.28751046909302,0.176283183490955
"2471",0.00260653875092608,0.370340923184024,-0.0534342044561228,3.26016357829208,0.809611762720891
"2472",0.0146735482943175,0.372849730814186,-0.0554688069544967,3.27969522188878,-0.363514368658374
"2473",-0.00658839939066677,0.371640810930557,-0.0553613036967473,3.25627342841769,-0.270124421410034
"2474",-0.00489505530720724,0.370007268285786,-0.0553843638129671,3.23764928973264,-0.719378738579585
"2475",-0.0127865542635424,0.371424060532029,-0.0542133422217191,3.24609399174911,0.190528092475667
"2476",0.00218524673727697,0.36944684905437,-0.0543242699988386,3.22976232136061,0.677509366636125
"2477",0.0122793008562241,0.370662182037479,-0.0555567795118567,3.23728270566994,-0.868037459111792
"2478",-0.0157324660584811,0.374008447251034,-0.0531504369995073,3.27929769794559,0.611124330172724
"2479",0.0120076637838762,0.374921389712897,-0.0543897276932641,3.27348780293115,-0.0541711822564739
"2480",-0.000981808189556498,0.372597912687153,-0.0544890330868849,3.24983441185264,0.0677093938794004
"2481",-0.000254545069071925,0.370413230557709,-0.0545882809686441,3.23247740508982,0.620784719655559
"2482",0.0112512132156121,0.371069005329446,-0.0555629457060642,3.23363908791404,0.456376631040833
"2483",0.00827145163191524,0.370372358997762,-0.0559722802532357,3.22424897466102,-0.107195508053848
"2484",-0.00194283054766374,0.368440254163024,-0.0560496071692788,3.21372114732671,-1.25465389501526
"2485",-0.0223747327025186,0.377126034393868,-0.0492242338364167,3.42392564483388,0.582065941164628
"2486",0.0101168769674013,0.376957871849067,-0.0500783779005625,3.37045316130742,0.202251804937953
"2487",0.00366564786237307,0.374713459874545,-0.0502513702985403,3.32110222233554,-0.0538938304610326
"2488",-0.00097678141604317,0.372397603585592,-0.050396494826005,3.28476990890683,-0.432199484229551
"2489",-0.00572404369168513,0.370915954319567,-0.0504274156257002,3.25901895698538,0.135263107326872
"2490",0.000837847027837359,0.368870537861619,-0.0505718040483365,3.23921707981956,-0.528563946580035
"2491",-0.00957978744121951,0.368904381626914,-0.050167746246448,3.23208682187307,0.865923419094794
"2492",0.0155775324689914,0.372240895140337,-0.0527311365923156,3.27318450527963,-0.56741573474946
"2493",-0.0102839441942152,0.372445722903535,-0.0521299597994898,3.26029640049758,0.540468820008122
"2494",0.00884743757278853,0.37199951269156,-0.0527045700836679,3.24585728793804,0.457112922870534
"2495",0.00828479631663869,0.371255072381533,-0.0531509337518358,3.23329930322642,-1.03823490422179
"2496",-0.0188171549740644,0.37678669732669,-0.0490850691114973,3.33189395430565,0.311252704084541
"2497",0.00753035601018488,0.375610214813852,-0.0495358799769695,3.29589936291552,0.0810372815822857
"2498",0.00146873417567651,0.373244030355924,-0.0496909739519157,3.26627940384836,0.296576113851699
"2499",0.00537519849627502,0.371617375712969,-0.0499359176372009,3.24524146508619,-0.337086545841819
"2500",-0.00610941680633632,0.370318465357338,-0.0499389366837023,3.23038407254973,-0.596046197046612
"2501",-0.011973586452562,0.371278356553541,-0.0490616911252589,3.23536117627786,0.542006746933921
"2502",0.0101933220080992,0.371483526515818,-0.04991159572858,3.23197945510944,-0.175830166352331
"2503",-0.00318677736214939,0.369619049551278,-0.0500376847585547,3.21948786900251,0.459212044139573
"2504",0.00853677501937508,0.36921328916337,-0.0505772998775881,3.21495540859674,0.148118252354085
"2505",0.00268452167972866,0.367407825580052,-0.0507295294324286,3.20692123874826,-0.810596170396055
"2506",-0.0146913898749712,0.370199562818004,-0.0488774744808848,3.24253243183813,-0.954075657413173
"2507",-0.0162583522300082,0.373604375532934,-0.0465223804570921,3.28381348319036,-0.452955273094668
"2508",-0.00885796492735518,0.372898963088291,-0.0463281316400022,3.26198538054082,-0.330715472985266
"2509",-0.00649284857883232,0.371540666793207,-0.0463625353299379,3.24276653645123,-0.0828500461641346
"2510",-0.00104106425168018,0.36944933936614,-0.0465505862156899,3.22729209855744,0.30344850871053
"2511",0.00581461098592805,0.368212045419675,-0.046859542648081,3.21694520750882,0.699927375373915
"2512",0.0126856088534928,0.369695731062584,-0.0482773313640295,3.23029098086721,0.382200847457537
"2513",0.00692707647236919,0.368669852928712,-0.048629991365174,3.21988623436717,0.421453958072754
"2514",0.00763850686510317,0.367963739658054,-0.0490561118062087,3.21328800926855,-0.326131556901132
"2515",-0.00591086662872446,0.366888238312949,-0.049077630378972,3.20683701861114,-1.38424741652549
"2516",-0.025505877399263,0.378779733930394,-0.0390202324977184,3.56818468454419,1.08435624302456
"2517",0.0200123921903034,0.385026348149271,-0.0443911787618077,3.61156731328763,0.367923015025479
"2518",0.00666830248540798,0.382783603597163,-0.0447467774720436,3.49915937322508,-0.190605912029557
"2519",-0.00345457561776104,0.380131681618687,-0.0449263178910525,3.41554770823466,-0.382305217140322
"2520",-0.00440756349426908,0.377800701202441,-0.0450821329231433,3.35435961779452,-0.645030713765604
"2521",-0.0139619083848298,0.379320425484877,-0.0436884361666174,3.3400790756114,-1.01017948910758
"2522",-0.018123431391464,0.383412679868076,-0.040521481638628,3.38289245464706,0.291646620166713
"2523",0.00552625361821687,0.381170534726503,-0.0408913135238952,3.33105587297576,-0.472616948668758
"2524",-0.00856579405133318,0.379955248989658,-0.0407567579772246,3.29668342091772,0.167061155379961
"2525",0.00280271316565766,0.37742247934752,-0.0410221867629566,3.26691503308539,0.166782526499526
"2526",0.00302279632031824,0.375074694175339,-0.0412850752233567,3.24507507014837,-1.32804076678943
"2527",-0.0240696482259796,0.385037234706333,-0.0330601611866271,3.51499457881704,0.112517592742817
"2528",0.00305028264865758,0.382208985215108,-0.0334194114373176,3.42715241893776,0.112391132932255
"2529",0.00203699698160517,0.379411033592693,-0.0337546992243485,3.36259391780764,0.643809081704327
"2530",0.0116685108686661,0.379598075275532,-0.0350147826492972,3.33031781724762,0.334262149668973
"2531",0.0060582269452784,0.377629901333437,-0.035446394814757,3.29249406337875,-0.585694046340285
"2532",-0.0106152235804795,0.377516481488723,-0.0350182293971433,3.27479984328612,0.418702635421653
"2533",0.0080404203713229,0.376410489618314,-0.0356647308934242,3.25462455043802,0.527852316046407
"2534",0.00956688972223404,0.375828881791795,-0.0364725181964584,3.24259721995572,0.621506040343422
"2535",0.0112642865606847,0.376014817359129,-0.0375901727641539,3.2398926883583,0.357339577604482
"2536",0.0064764863739487,0.374415106795449,-0.0380233730212736,3.22648328507704,0
"2537",0,0.372098073004091,-0.038303517583334,3.21534392334431,-0.508906950747129
"2538",-0.0092235205353313,0.371750371466887,-0.0381015661529795,3.21338014784423,-0.0275824026021221
"2539",-0.000654996532240726,0.369630854177698,-0.0383807817042887,3.20572977501427,0.0827243946252165
"2540",0.00149225317222369,0.367707544083905,-0.0386590990052096,3.20012084987704,-0.691470048693399
"2541",-0.0125323267531064,0.369216622156522,-0.0377011443386899,3.21786113247566,0.304836040408052
"2542",0.00620189405508885,0.368150853396525,-0.0381489507651999,3.21050626949422,-0.0691993661272206
"2543",-0.00125418168010731,0.366326243615607,-0.0384261335782847,3.20362412547531,-0.513569037738282
"2544",-0.0100001340312403,0.366702689737405,-0.0380811290426277,3.20734387005823,-1.17582541704308
"2545",-0.0200508735033718,0.373305916874263,-0.0334657023479427,3.33899564753876,-0.423310918555386
"2546",-0.00868511003306678,0.372535688616785,-0.0334458207133078,3.3019858520136,-0.29738745984389
"2547",-0.00547116425967359,0.370952410406226,-0.0336848219553081,3.27142503412974,0.353932556063541
"2548",0.00611933905831322,0.3697046730192,-0.0341601086811001,3.24961004382071,0.366765822335735
"2549",0.00664732931826707,0.368633091049705,-0.0346548374878333,3.2338992664037,-0.593138301574558
"2550",-0.0107501445929018,0.36923710427689,-0.0341767080986449,3.23299246852282,0.88839334910662
"2551",0.0164654971554595,0.373173729937568,-0.0373550072435574,3.28724909732583,-0.0842696679082766
"2552",-0.00152731852319255,0.371016811933066,-0.0376387962224419,3.25993924898469,0.182494610907047
"2553",0.00260144617878617,0.369091735199926,-0.0379343094543216,3.23993288235695,0.140154192528841
"2554",0.00254017963599187,0.367291152894687,-0.0382250082492074,3.22524601341193,-0.449186605908808
"2555",-0.00814113833130631,0.366908991407237,-0.0381613244949043,3.21839252129598,-0.126698123515606
"2556",-0.00134181300345979,0.36516487074854,-0.0384388925542711,3.20940926235105,0.295379636663556
"2557",0.00515005865190611,0.364083835799806,-0.0388014673852738,3.20345477761981,-0.577507063183219
"2558",-0.0104668412344323,0.364876020852425,-0.038330283326552,3.2095918987105,0.0706065128534994
"2559",0.0019039099395556,0.363341599480068,-0.0386128264511742,3.20296730786258,-0.367699466750887
"2560",-0.00666425085652315,0.362775833999276,-0.0386963188326116,3.19990138655738,0.297092953897388
"2561",0.00441489883278201,0.361736257716745,-0.0390282439289805,3.19622193756602,0.211670155937793
"2562",0.00383634773929251,0.36063499925097,-0.0393311062184959,3.19332093263693,-0.551277104665276
"2563",-0.00999144477801532,0.361458623616892,-0.0389453055741671,3.20037024707946,0.706217624428662
"2564",0.0135990966743513,0.364100865014478,-0.040883822570989,3.22897005116497,-0.451404349521101
"2565",-0.00818133311292603,0.364034175523512,-0.0407550061900145,3.22168920268546,1.84905113976325
"2566",0.0330089711389677,0.385755189091888,-0.0640021505649634,4.29529625593334,-0.11109569258182
"2567",-0.00201351818915207,0.382762008732843,-0.0639865930399356,3.99960381758288,0.166597289677428
"2568",0.00125630283995818,0.379876267899623,-0.0639827743509642,3.7826098025619,0.511934705044398
"2569",0.00927839609538368,0.378978456946838,-0.0644469822220012,3.62943322948945,0.385675409191188
"2570",0.00699005005025893,0.377316780689648,-0.064625397641652,3.51279270089826,-0.247763375196186
"2571",-0.00449050769628899,0.375241112336139,-0.0645544497576501,3.4257976468176,-0.441989669815118
"2572",-0.0079137280885871,0.374163445064022,-0.0642534885972217,3.36476225535821,-0.722426037179796
"2573",-0.0133563710745971,0.37556228806694,-0.0628489267204707,3.34266570685179,0.625479834724979
"2574",0.0110054308773428,0.375841611781007,-0.0637129744851991,3.31406942818276,0.235277943977008
"2575",0.00426421950927664,0.373771063682514,-0.0637512847519226,3.27983828753032,0.578912712596963
"2576",0.0104923174756471,0.37379798325206,-0.0644338369390356,3.26449724427667,0.793980899325847
"2577",0.0143902517323478,0.375796458242039,-0.066159908132458,3.27780423435825,-0.560608564703841
"2578",-0.0101605698276221,0.3756796625858,-0.0654501865341219,3.26292139511764,-1.10300304805603
"2579",-0.0193609660427579,0.381060482984511,-0.061185254443003,3.35590996110404,0.663260687657402
"2580",0.0120484059201042,0.381518984581848,-0.0623338708153017,3.32964546937567,-0.0964519537399011
"2581",-0.0017481124490178,0.378769673816139,-0.0623424730291321,3.29104956864979,-0.276090733080442
"2582",-0.00450395379314726,0.376561000009866,-0.0623022816720923,3.26304954471488,-0.19371806251714
"2583",-0.00189774862939779,0.374158303681459,-0.0623121103843738,3.24218288773727,0.0415426163974997
"2584",-0.00109484868157594,0.371883375520269,-0.0623247010473622,3.22686430405191,1.11517642239576
"2585",0.0202116568016683,0.378419209257852,-0.0673975562922983,3.3595318091889,0.191492330434767
"2586",0.00347064122337195,0.376016351272117,-0.0673728078647,3.31304297982577,-0.0410032124927406
"2587",-0.000743149551968417,0.373596953488049,-0.0673302096547195,3.27885593385985,0.545331958131323
"2588",0.0105740679568371,0.373713211011621,-0.068008553900187,3.26446592744643,-0.245031432154369
"2589",-0.00444099347230253,0.371901251496033,-0.0678989848540869,3.24360478384795,-0.944888919793246
"2590",-0.0165531854169922,0.375513463863192,-0.0651200471387656,3.29114633229334,-0.455079045047752
"2591",-0.00760323394271567,0.374246459188241,-0.0648679521103696,3.26518588918281,-0.498823259628139
"2592",-0.0100193159853022,0.374009619325821,-0.0642692269188307,3.25182787237478,-0.139004748543142
"2593",-0.00251920445714154,0.371837373458261,-0.0642533007184082,3.23396542686114,0.236193232416709
"2594",0.00502168112569057,0.370250427375365,-0.0643248046378859,3.22140031484066,0.180242683112242
"2595",0.00326675060458159,0.368448000881529,-0.0643357048850488,3.21170252321299,0.0969193568424564
"2596",0.00175658374639037,0.366623363810876,-0.0643298164488252,3.20450606224688,-0.694350796895349
"2597",-0.0125845379484119,0.368241269098419,-0.0630674680556426,3.22161012146224,-0.055756901360865
"2598",-0.00129810687526202,0.366394812438998,-0.0630717227877627,3.21176947335695,0.111482731724638
"2599",0.00203485930354635,0.364747423267478,-0.0630821393165883,3.20456380753802,-1.02191692153746
"2600",-0.0185214049392828,0.370424695061917,-0.0590665468651651,3.30517504477976,0.0281373102587912
"2601",0.00149451286532093,0.36846698795986,-0.0591192827163833,3.27309233359944,-1.08904265644701
"2602",-0.0197380037565685,0.37485482132036,-0.0543841516130553,3.38307443528419,0.354887163581724
"2603",0.00541229569630501,0.373210898898075,-0.0546005413053184,3.3311770028464,-0.283808903428134
"2604",-0.00514380329259826,0.371562709434383,-0.0546110370182533,3.29280502070467,0.397107315207895
"2605",0.00548568933574267,0.370110996914033,-0.0548151834613423,3.26483986413715,-0.453965881060953
"2606",-0.00822775876839219,0.369573821748382,-0.0545555154254056,3.24765719142409,0.113684821111482
"2607",0.000496309636970946,0.367615539767334,-0.0546542068493412,3.23088005607775,0.11355572547424
"2608",0.00205810426499082,0.365879035721547,-0.054756997002723,3.21858547412589,0.0425501743885393
"2609",0.000771186965865545,0.364190619763095,-0.0548535566257584,3.20954930049614,-0.968944599832278
"2610",-0.0175613251126374,0.369155819653662,-0.0515261437621583,3.28837456162922,0.300236125166925
"2611",0.00502334799332308,0.367823334230134,-0.0517521074793294,3.26146524238822,1.51593184226332
"2612",0.0274750196607667,0.381866738922377,-0.0646364057275656,3.73474702955524,0.49091900262383
"2613",0.00889750374845073,0.380504787659649,-0.064972158980215,3.59232847288772,-0.111997771751837
"2614",-0.00202986763326347,0.377848627906883,-0.064950038416371,3.48379531737958,0.433294409120549
"2615",0.00790726740182238,0.376619664741561,-0.0652334593811855,3.40745586665049,0.208986491945934
"2616",0.0037877085334367,0.374424189968111,-0.065243696740112,3.34827711192948,0.416667269484594
"2617",0.00755175206557781,0.373292322905467,-0.0654782277340461,3.30736497201905,-0.277585188650303
"2618",-0.005031003573563,0.371621921101241,-0.0653729063423217,3.27529748643203,0.0694685682678386
"2619",0.00074487717421813,0.369521461198913,-0.0653529509550937,3.25116090650983,-0.473340713924747
"2620",-0.00857891170219563,0.369121988313296,-0.0649415348682633,3.23819276643604,0.348262523759485
"2621",0.00567861619111453,0.3679085288645,-0.0650486530082363,3.2249456005244,-0.334308710857478
"2622",-0.00605907082858103,0.366866167757146,-0.064886623516528,3.21548096872078,-0.125654466794811
"2623",-0.00297023649431191,0.365268244085736,-0.0648570588234143,3.20733025369954,-0.5042027488248
"2624",-0.00815330215579645,0.36500216272094,-0.064508909215012,3.20512240479373,0.26642377113868
"2625",0.00371238813387154,0.36368139873301,-0.0645342309415766,3.19986873062115,-0.660346621554275
"2626",-0.0119682401967602,0.365208822379135,-0.0634216876951084,3.21466134374991,1.23285394524609
"2627",0.0218506760824834,0.373872581334158,-0.0701696736168696,3.41788453386721,-0.236983452375583
"2628",-0.00429513044832824,0.37206064960252,-0.0700340887897836,3.3561928132507,-0.167621215388836
"2629",-0.00432853349486361,0.370296366703662,-0.0699156760351271,3.31079616549054,1.29177433466386
"2630",0.025520135509822,0.382157186839811,-0.080160541843157,3.64921490169539,0.358176440229213
"2631",0.00649165382173662,0.38004976372223,-0.0801063169434435,3.52659060316954,-0.316782855643694
"2632",-0.00574142909618524,0.378051974300887,-0.0798051911676752,3.43651162451389,-0.345471220405635
"2633",-0.00517506492756913,0.376016249921233,-0.0795485943758137,3.36999814670793,0.138331741522191
"2634",0.000890328272451302,0.373603611736397,-0.0793731220785483,3.32064622081586,-1.82749035142333
"2635",-0.0331217617675029,0.394605193733185,-0.0571185861189521,4.31071181341308,-0.0563300958424162
"2636",-0.000585097421179288,0.390827317324951,-0.0571889541639009,4.01087756643985,-0.155071575446902
"2637",-0.00247110798576627,0.387450964974274,-0.0572501013521781,3.79090795740132,-0.409981488944472
"2638",-0.00936167506665289,0.386029298964213,-0.0568543632223851,3.635443235261,0.48049838066147
"2639",0.0112818365053588,0.385649523640333,-0.0577952085180174,3.52911984268268,-0.0705168917169985
"2640",-0.00127806074938569,0.382566053381767,-0.0578562580023638,3.43740204145152,0.239554824628418
"2641",0.00418069298074776,0.380033420462519,-0.0579620264719618,3.37035534981836,0.477394897125949
"2642",0.00865239044316268,0.378867766428457,-0.0583962624507963,3.32535801546576,-0.126147609411892
"2643",-0.00228632182009962,0.37635476722285,-0.0584439292364405,3.28792100557507,0.461765320610968
"2644",0.00903308278166207,0.375641385071033,-0.058948197475249,3.26610982104837,0
"2645",0,0.37323591791305,-0.0589984630077154,3.24441919870219,-0.996149942035268
"2646",-0.0180543995972983,0.377908354763883,-0.0554719688593711,3.31910914135742,0.492300030777215
"2647",0.00983950807532454,0.377527731774454,-0.0561872034274097,3.29219319044945,0.531767276040152
"2648",0.00963784515690504,0.37688063898005,-0.0567734324918749,3.27023107634387,0.292662741119182
"2649",0.00530427182941031,0.374942308138616,-0.0569284260005915,3.24802214050388,-0.670206362335846
"2650",-0.0121469399009759,0.375761851362425,-0.0558933061166848,3.25013310432051,-0.618326871653846
"2651",-0.0122303212437351,0.376402457460738,-0.0549349921267669,3.25020139857478,-0.197544864580179
"2652",-0.00369190925090472,0.374196450745303,-0.0550042732851245,3.23286826939304,0.169348050633322
"2653",0.00254137260456633,0.372039046001881,-0.0551086103890249,3.2200680585403,-0.14110345222495
"2654",-0.00255738418839094,0.370037174016364,-0.0551902849115825,3.21067629123719,-0.70851933068361
"2655",-0.0126727324434521,0.371413474285411,-0.0540427044917694,3.22579599581809,-0.270559082810251
"2656",-0.00497726535547493,0.369790716274937,-0.0540813579138462,3.21527712044406,0.455257579587015
"2657",0.00775102694915847,0.369110284864696,-0.054482169223133,3.21040567224652,0.340088183817339
"2658",0.0061638190295054,0.367945201031914,-0.0547165294272894,3.20469494485456,0.155488051681135
"2659",0.00281809323998064,0.36625105600122,-0.0548255928085556,3.19940418452903,0.183447451432145
"2660",0.00332483439841886,0.364751335977475,-0.0549430855196324,3.19557683094011,-0.409691891829084
"2661",-0.00742532907419828,0.364319993685549,-0.0547735188081524,3.195470333615,0.325065652646
"2662",0.00590399700936076,0.363505333595934,-0.0550083978274836,3.19377874747668,0.211431469277729
"2663",0.00383202173960361,0.362271137366188,-0.0551346270260032,3.19152063557731,-0.211431469277729
"2664",-0.00383202173960361,0.361154728645188,-0.0551890520882729,3.18990041048015,0.394311171369677
"2665",0.00811413382971129,0.361215232340683,-0.0556305145841599,3.19258672185775,-0.0562350640434861
"2666",-0.00101921435195427,0.359881600285516,-0.0557162178633747,3.1904745996168,-0.40865272116688
"2667",-0.00761420221236616,0.359837720313268,-0.0555207255950369,3.19197631634691,0.40865272116688
"2668",0.00817923022396788,0.360040208091639,-0.0559779866713087,3.19441528684414,0.322920603531901
"2669",0.00585267073594747,0.359452033745765,-0.0561799433126282,3.19278495459133,-0.703336701611268
"2670",-0.0127474000915877,0.361716629955214,-0.0548952565779396,3.21571337801132,-0.127127639128582
"2671",-0.0014572314768497,0.360349763187438,-0.0549888755368142,3.20744374552353,0.268191282212876
"2672",0.00424121796068068,0.359435705362324,-0.0551324280680885,3.20167744407473,0.239352454995073
"2673",0.00433806667522992,0.358586608896118,-0.0552743679906696,3.19744623270655,-0.578240099289951
"2674",-0.0104801269118506,0.359775824498574,-0.054605377855367,3.20552133086633,0.59230183031222
"2675",0.010578060789844,0.360973540182619,-0.0555050461769488,3.21230200529886,-0.014061731022269
"2676",-0.00025485732638509,0.359632804946441,-0.0555930834560294,3.20493869443332,-0.0844119352316874
"2677",-0.00211571481914405,0.3584792361404,-0.0556741656436741,3.19955420129482,0.295130563458035
"2678",0.00680693018121555,0.358307249388362,-0.0559674760373195,3.19761483891861,-0.0561482328058249
"2679",-0.00101764060708303,0.357182746706328,-0.0560495303258821,3.19416377607406,0.671706975594288
"2680",0.0125866301291063,0.359477551297859,-0.0574316613213566,3.21513653925461,-0.657666961531211
"2681",-0.0119196735595505,0.361366593122046,-0.0563461088434705,3.22703703799322,0.671612990422094
"2682",0.0116559904713955,0.362978673304284,-0.0574922998186072,3.23382156598147,0.0278862243859646
"2683",0.000505414915043287,0.36149049482999,-0.0575585784199429,3.22072826468528,0.0278784501387408
"2684",0.000505274013197065,0.360113352137996,-0.0576241906134521,3.21112133310148,0.0418031079730707
"2685",0.000757647000624034,0.358842485645164,-0.0576892730249109,3.20407264819108,-0.390843601949931
"2686",-0.00708371929956066,0.358718696898965,-0.0575229089797597,3.20124144500227,0.0279681165296697
"2687",0.00101396018295425,0.357564494630567,-0.057589796602216,3.19682473835011,-0.266013457531178
"2688",-0.0048212754504751,0.356962272254387,-0.0575815264507565,3.19409220934457,-0.449628409594466
"2689",-0.00849970108685922,0.357406466271672,-0.0572600297591439,3.19624634243191,-1.21849056455322
"2690",-0.0214920676769415,0.36596387243228,-0.0510284512318119,3.38594545846016,-0.028514399965085
"2691",-0.0010738133056446,0.364267829458259,-0.051165524152142,3.33234668717028,0.370054507122108
"2692",0.00673201924249391,0.363650081265363,-0.0514952530063062,3.29487945870658,0.227047067878283
"2693",0.00411504163970961,0.362449229305944,-0.051667626482228,3.26575677961462,-0.0992696670898963
"2694",-0.00179918118940001,0.361071887235415,-0.0517937004950817,3.24417130697326,-0.497831907910495
"2695",-0.00963425506545603,0.36167260087061,-0.0513572453645042,3.23606650586504,-0.185542049946019
"2696",-0.00371054468835557,0.360541903658998,-0.0514627431999419,3.22251740490754,0.32803281215702
"2697",0.00584153843488914,0.359967706931095,-0.0517272872099268,3.21354798808273,-0.485299268189149
"2698",-0.00879565067710783,0.360373897393531,-0.051404353977495,3.21160883175709,0.314285972983858
"2699",0.00615342101906126,0.35991645225374,-0.0516986337336312,3.20588276178234,-0.328595195302045
"2700",-0.00595551805144336,0.359427645328854,-0.0516852342119638,3.20147113897332,0
"2701",-0.000986072663305396,0.35821084991122,-0.0518148569181946,3.19699224697416,0.171575678350316
"2702",0.00310966826117064,0.357272934313073,-0.0519632629837831,3.19379396887999,-0.817619128417685
"2703",-0.0148186752214107,0.360882511936753,-0.0499546521799183,3.23692240205955,-0.0288101413689679
"2704",0.000174014314520297,0.359548286644462,-0.0501037776704322,3.22300347695473,-0.201903731697872
"2705",-0.00377697892633138,0.35860910609849,-0.0502164931017401,3.21297830447366,-0.506550037478476
"2706",-0.0100751350217581,0.359556204869029,-0.0497161589295842,3.21469687667524,-0.348837563045418
"2707",-0.0050886502258905,0.358823607542702,-0.0497919574353967,3.20722818211146,0.551765593257153
"2708",0.00924064773359507,0.359479166816323,-0.0504668662792114,3.20821565058304,-0.333599555157343
"2709",-0.00604621796392013,0.359060141962382,-0.0504560722043149,3.20331074384753,-0.0435951470974916
"2710",-0.000532348580307055,0.357857383960023,-0.0505995850851659,3.19834150740795,0.275782161871935
"2711",0.00552765743172073,0.357387320180592,-0.0508514654307789,3.1955674777173,0.347272813191685
"2712",0.00629403453643793,0.357114403969881,-0.0511447902565867,3.19402882909118,-0.0867052077440811
"2713",-0.00157146068249531,0.356108793450145,-0.0512776764162111,3.19153855437874,0.0722595594704944
"2714",0.00133194525921643,0.355154953358721,-0.0514138536492352,3.18970704932406,-0.0722595594704944
"2715",-0.00130964517122751,0.354268593920759,-0.0515453397429684,3.18836298654572,-0.0867804509190273
"2716",-0.00190507441209094,0.353483643482674,-0.0516725590056738,3.1873856809352,0.389920343830058
"2717",0.00751470656504759,0.353887677608316,-0.0520864200970991,3.18974462053068,0.54621380591206
"2718",0.00989967664641821,0.35507448051276,-0.052824653399179,3.19700692403781,0.200486963904029
"2719",0.0036336615680337,0.354408996946164,-0.0529691854972353,3.19385030055587,-0.30088137893371
"2720",-0.0054532278901272,0.354184123087362,-0.0529747321841102,3.19227754147647,0.100394415029681
"2721",0.00165624882726763,0.353395558431193,-0.0530941779116525,3.19025504453376,0.314870733881772
"2722",0.00570677345960728,0.353281388219011,-0.0533294160717371,3.18974988013003,-0.530125175896673
"2723",-0.00960808344040213,0.354490613949906,-0.0528370055185701,3.19685772634792,-0.0143667840201311
"2724",0.000389975258036833,0.353621371413671,-0.0529545282958078,3.1936067854298,-0.46083030861942
"2725",-0.00847074371753434,0.354330677763638,-0.0526691356448933,3.19612869762938,-0.216747429700603
"2726",-0.00470983482423465,0.353905998465447,-0.0527262441488738,3.19347955444269,-0.594851228117366
"2727",-0.00981924211040323,0.355079252138262,-0.0522378848364735,3.19964243872474,-0.291460422008077
"2728",-0.00604669911328474,0.354890232262446,-0.0522295002024345,3.19676759463265,0.349650705872928
"2729",0.00678450910034242,0.354992084142397,-0.0525683328679793,3.19567119410252,0.0726902699740017
"2730",0.00131745144537654,0.354110046821557,-0.0526898059132596,3.19273801150862,0.594075499280972
"2731",0.0107671305316438,0.355706348153061,-0.0536241872638237,3.20320375928515,0.0144456482735866
"2732",0.000261815511267802,0.354742512689709,-0.0537329445061535,3.19826297994834,0.547394049064109
"2733",0.00992106758425797,0.355931190149802,-0.0544799928171786,3.20376550796718,-0.0574795245025239
"2734",-0.00104176917574375,0.354982604189066,-0.0545781585942912,3.1986772412218,0.373027692239403
"2735",0.00601282772489301,0.354841657612575,-0.0548202025499381,3.19618949655334,0.357372977019199
"2736",0.00647709171091073,0.354799264315436,-0.0550851096835707,3.19466792167086,0.171086440362939
"2737",0.00310080122444307,0.354089487178581,-0.0551952278196034,3.1920747196116,-0.786561080595066
"2738",-0.0142557736114824,0.357581251614659,-0.0533588544699583,3.22984925070658,0.415503140941509
"2739",0.00726124670387568,0.357679411557408,-0.0537460601456962,3.22078408555774,0.484953168366664
"2740",0.00878937790206444,0.358160477924605,-0.0542738435658532,3.21637927534719,-0.128141257656639
"2741",-0.00232245505722401,0.357149477226581,-0.0543655823823499,3.20796541262178,-0.571511771326982
"2742",-0.0088095936088548,0.357709379420622,-0.0540286709772982,3.20725964344887,-0.129041526258211
"2743",-0.00313143447976307,0.356787615400659,-0.0541159864080738,3.20131132161166,-0.618840573196444
"2744",-0.0116619820643239,0.358598263898829,-0.0532031028561374,3.21380152183549,0.432152790103629
"2745",0.00792570269190424,0.358827620990436,-0.0536641343747688,3.21008878251753,0.229720129736943
"2746",0.00416348869060833,0.357980177765213,-0.0538143268275126,3.20355565282655,0.629022803127793
"2747",0.0114005217129048,0.359568478067692,-0.0548606800532284,3.21376982838564,0.313033835584287
"2748",0.00567348118654371,0.358958212326826,-0.0550608532107487,3.20683632870288,-0.384314756700638
"2749",-0.00696538934132282,0.358817279931501,-0.0549263108314476,3.20322943088932,-0.0427929540800454
"2750",-0.000248053469964195,0.35762861907307,-0.0550207617569208,3.19828181622169,0.937240601111367
"2751",0.0165534857644449,0.36233298706037,-0.0580553643520725,3.26446713671933,-0.46752227964405
"2752",-0.00847345735932863,0.362520132817986,-0.0576863966685503,3.2485750585192,-0.113668668107009
"2753",-0.0013228661754798,0.361092253128114,-0.057749511928475,3.23155506372621,-0.42741196281853
"2754",-0.00723197159868156,0.360839212443216,-0.0575738014883203,3.22152453657197,-0.400572781692693
"2755",-0.008957677777557,0.361154224635321,-0.0571995668634556,3.21724329019415,-0.373402702997783
"2756",-0.00548709232600919,0.360396760289254,-0.0571726611116419,3.2092963821737,-0.606149929226857
"2757",-0.0115380915389626,0.361865010397409,-0.0562839151258636,3.21839086619443,-0.10138316459673
"2758",-0.00166141314712988,0.360500237578491,-0.056361502939511,3.2094102885787,-0.435667258952588
"2759",-0.00797930867306018,0.360527991391838,-0.0561186293563947,3.20646671131854,-0.39373000189919
"2760",-0.00742314253655868,0.360337411245698,-0.0559531683810593,3.20322208445219,-0.659681348562452
"2761",-0.0114957640245361,0.361772566754451,-0.0550969179342888,3.21351937944211,0
"2762",-0.000683586836137662,0.360374589343942,-0.0551894274103445,3.20583193137113,-0.63445435987689
"2763",-0.0114989642182401,0.361867719127643,-0.0543102791406731,3.21611494369014,0.0591891109319176
"2764",0.000743128509847184,0.360477253025197,-0.0544120472806454,3.20773707845167,-0.0739918642710669
"2765",-0.0013410417730582,0.35920705730233,-0.0545105579698603,3.2015923004969,0.663964076989892
"2766",0.0110091184314107,0.360568486819728,-0.0554740727348024,3.21072450137221,-0.191359446043982
"2767",-0.00346823280292223,0.359537777441814,-0.0555309301369107,3.20394654728529,-0.51702604279652
"2768",-0.010005582794374,0.360390670146795,-0.0549869854224283,3.20778888135003,0.708385488840502
"2769",0.0135214770428526,0.363065131190238,-0.0567286243509687,3.23387352827508,-0.782465053677278
"2770",-0.0141815364875171,0.365977374229854,-0.0549014785085155,3.25980318657904,0.414140512047628
"2771",0.00786936980599088,0.365669249703748,-0.0553320662884338,3.24365967881845,0.073773518653969
"2772",0.0013370844380678,0.364014822221698,-0.0554231287007469,3.22794860886842,-0.265839766660997
"2773",-0.00481812744609913,0.362946537059092,-0.0554404850701505,3.21691200011595,0.206825306405894
"2774",0.00570874323394764,0.362170441581551,-0.0556526800591465,3.2093388980516,0.0590144602551024
"2775",0.00106958862567175,0.360758668883217,-0.0557397256451372,3.20276531928749,-0.354610300675062
"2776",-0.00642702047105978,0.360309488713965,-0.0556539340018182,3.19951752876312,-0.0296076982177651
"2777",5.26724013016089e-05,0.359013172920202,-0.05574039562116,3.19555827376487,0.295683243220402
"2778",0.0049154030655778,0.358321606351588,-0.0559023596175179,3.19319084685278,-0.34011123358465
"2779",-0.00616423678760797,0.357996784255431,-0.0558281197677678,3.19233094834712,-0.266983249658964
"2780",-0.00432953834390824,0.35724398832323,-0.0558641254149099,3.19057859146043,-0.133759401677469
"2781",-0.00242152574063589,0.356285111898373,-0.0559399274242067,3.18902753831582,0.178306139365642
"2782",0.0025283865644751,0.355419466054912,-0.0560343333674338,3.18790239627859,-0.342033198341107
"2783",-0.00619907082037828,0.355302354105486,-0.0559573506410886,3.18846610208266,0.653305961342299
"2784",0.0118348986663465,0.357391077486954,-0.0571561977134242,3.20662128690901,0.575519923964807
"2785",0.0104308259680645,0.358516093547215,-0.0579176936106001,3.21090215378446,0.249834798184556
"2786",0.00452805053676815,0.357747695105985,-0.0580320124399742,3.20423913012476,0.483198831646242
"2787",0.00875758198978059,0.358230335457405,-0.0585151793292628,3.20428059056683,0.218866360076031
"2788",0.00396677302931453,0.357390982837085,-0.0586058918330468,3.19924774408668,-0.0291545191569598
"2789",-0.000528401716162732,0.356312819343024,-0.0586597802400457,3.19536044401775,0.0291545191569598
"2790",0.00102246288962507,0.35532757835989,-0.0587139330560577,3.1925091465588,0.0728491326746461
"2791",0.0013203307013575,0.354426945510892,-0.0587682180652641,3.19041869776837,0.160081530219874
"2792",0.00290134626603659,0.353730943722973,-0.058836108161945,3.18894699084104,-0.189214815203786
"2793",-0.0034293631302517,0.35316672305028,-0.0588598038059408,3.18794187646894,0
"2794",-4.07603208579189e-06,0.352386581964838,-0.0589110431899792,3.18706484142793,-0.540502374951796
"2795",-0.00979616165085618,0.353695484643485,-0.0583390208045503,3.19523099019073,-0.558168311663332
"2796",-0.0104319781568084,0.355104362376141,-0.0576856852277686,3.20291273784896,-0.309803301558781
"2797",-0.00523032039603523,0.35472229986322,-0.0576659294557303,3.19865790213043,0.0738497928844506
"2798",0.000755766428956466,0.35384488064379,-0.0577306880406848,3.19492803119035,0.383142231155592
"2799",0.00694413827877189,0.354032994941464,-0.0580134668353174,3.19437960257145,-0.723303765988403
"2800",-0.0131092867351922,0.35690051761123,-0.0565490054636093,3.22086973827226,-0.0296340200716727
"2801",-0.000486544606730835,0.355851514258414,-0.0566256208178889,3.21122508537328,0.25160969390296
"2802",0.00452616343880715,0.355312710171368,-0.0567622841981912,3.20454526875843,-0.236791586148183
"2803",-0.00429165303052933,0.354782446500901,-0.056781830192013,3.19959160401052,-0.698835644615087
"2804",-0.0113975995137953,0.356599555587558,-0.05590480249586,3.21110865428472,0.014919806070196
"2805",-4.93677954695377e-05,0.355571534606857,-0.0559885075339007,3.2040630583937,0.565309449548124
"2806",0.0102457695047572,0.356841325825035,-0.056774372604005,3.20925117127712,0.399734043262023
"2807",0.00724485124694289,0.356850817921775,-0.0570771843829271,3.2050167444077,-0.548190127534598
"2808",-0.00993549585274499,0.357950675333903,-0.0564848849113289,3.20917354454598,-0.0445798357929295
"2809",-0.000917226635583375,0.356835900683264,-0.0565619555399215,3.20264347879572,-0.0743439183747197
"2810",-0.00179052076509866,0.355856912061893,-0.056634810118725,3.19786112164971,0.563632462164126
"2811",0.00966474462726327,0.356873937618185,-0.0573057087014316,3.20263800220031,0.383820961308035
"2812",0.00695643970536828,0.356799605409045,-0.0575767009390128,3.19982030032005,-0.191726332604125
"2813",-0.003474882320514,0.356031252643357,-0.0576116785451888,3.1959373225759,-0.325299710192395
"2814",-0.00537434685419205,0.355641372174573,-0.057578897742422,3.19367718341106,0.0592241651897585
"2815",0.000550276199969558,0.354691028542894,-0.05764438636961,3.19127318744783,0.986825888773296
"2816",0.0178854087894344,0.360568804674786,-0.0614556322205747,3.28591716313009,0.46790551809911
"2817",0.00848040324158665,0.360662231258018,-0.0618256002991301,3.26299612138346,0.160338202122262
"2818",0.00290599823347198,0.359500247336689,-0.0618575955081264,3.24218698001697,-0.160338202122262
"2819",-0.00290599823347198,0.358447285822564,-0.0618592524036554,3.22693666608255,-0.0291800410591014
"2820",-0.00146169405731952,0.35732712953046,-0.06187573390451,3.21568022781337,-0.526702022303849
"2821",-0.00929141955544643,0.358064177324111,-0.0613779279671787,3.21427261847492,0.0733191615805817
"2822",0.00134371277797965,0.35697811369875,-0.0614037393790567,3.20638940495622,0.234260722065549
"2823",0.00424578319753927,0.356299654471661,-0.0614759038718226,3.2008964258321,0.37950709685517
"2824",0.00687825445498168,0.3562726284559,-0.0617033786647747,3.19857229456169,0.552086249015055
"2825",0.0100061098548339,0.357335991934524,-0.0623520694144719,3.20378759035212,-0.130482077229693
"2826",-0.00236488048955487,0.356391501753558,-0.0623542346070365,3.19873046017009,0.289729305961317
"2827",0.00529202629189046,0.35598086478626,-0.0624659702943274,3.1957383641156,-0.434909354690083
"2828",-0.00788237487835934,0.356345365822862,-0.0621462798500519,3.19658353277753,0.145180048728766
"2829",0.00206311512967292,0.355438287389845,-0.0621684070150654,3.19342765879946,-0.159709652822609
"2830",-0.00289460629362069,0.354675841453718,-0.062166816995456,3.19115942649069,0.217722707386547
"2831",0.00309605853413583,0.35399643836995,-0.0622022007179065,3.18951846271946,-0.552487593196993
"2832",-0.010013383888522,0.355303931574596,-0.0615450228231763,3.19796750106692,-0.145900230141616
"2833",-0.00331105893257123,0.354576572790809,-0.0615467084349273,3.19451123426267,-0.131492458130894
"2834",-0.00187534673912978,0.353764175003402,-0.061564503662996,3.19189525347769,-0.0438692702802279
"2835",-0.00166361480901825,0.352996994829335,-0.0615831794610032,3.18997225676209,-0.748737256961851
"2836",-0.0127591657987444,0.355661106757053,-0.0602418736123404,3.21358248259835,0.485116717647738
"2837",0.00845671511747728,0.356299270292752,-0.0607063287541906,3.21122858895507,-0.161444226744278
"2838",-0.00292604402140781,0.355493298553604,-0.0607182588916188,3.20423519220454,0.249394979995049
"2839",0.00387486106650939,0.354871581669884,-0.0607886983418337,3.1992435256722,-0.337565448601967
"2840",-0.00611809652555841,0.354779205474345,-0.0606634147867122,3.19674059426932,-0.264978809540184
"2841",-0.00618205794294248,0.354663089729357,-0.0605481062340067,3.19480296171541,0.029476787243643
"2842",0.00133465921761004,0.353818962247798,-0.0605827844082318,3.1921031791218,-0.132714020806252
"2843",-0.00240533263386508,0.3531165940205,-0.0606056537465483,3.19015118458732,0.14744915676454
"2844",0.00311692791512621,0.352551591137308,-0.0606585605618774,3.18878093996392,-0.176965095585668
"2845",-0.0032073470224271,0.352041519939153,-0.06066702443528,3.18778894625851,-0.103374446184246
"2846",-0.00222729108460257,0.351442370856649,-0.0606916391065231,3.1869738525738,-0.059119126758822
"2847",-0.000747422437694189,0.350797487723818,-0.0607225189737913,3.18635481125863,0.78050613443143
"2848",0.0136975683650511,0.354170738438876,-0.0624723213355158,3.2200169184956,0.424504772734535
"2849",0.00769380037532379,0.354492133849186,-0.0627552172900298,3.21350970413989,0.0438116107774555
"2850",0.000794049464442352,0.353625117382554,-0.0627638461978367,3.20582495956846,-0.233884041712684
"2851",-0.00423895617549761,0.353194944374413,-0.0627214939321071,3.20049714225611,0.0731475418468241
"2852",0.000549279056022582,0.352420993785146,-0.0627304711888236,3.1962771935499,-0.234260722065549
"2853",-0.00424578319753927,0.35207835826877,-0.0626881395174755,3.19349446916368,-0.190741749562451
"2854",-0.00337510696615675,0.351607290722096,-0.0626735252073652,3.19125235356912,0.950091192681268
"2855",0.0176339983532394,0.357572323563494,-0.0663652286348544,3.28370238077565,0.493398185678995
"2856",0.00894243690526179,0.358048347949695,-0.0667494974439216,3.26246383935291,-0.478851673179714
"2857",-0.00867879331273943,0.358570589726621,-0.0662671504274513,3.24740489461197,0.130823479665804
"2858",0.00321604400485275,0.357640497264354,-0.0662617859068419,3.23081442729283,-0.495122607515902
"2859",-0.00897369063485014,0.358264593859317,-0.0657543680867791,3.22470234750656,0.0291928187739543
"2860",0.00020521997570098,0.357118466503542,-0.0657298967316868,3.21403720846275,0.465929788741948
"2861",0.00844459476958349,0.357561555321886,-0.0660961368549709,3.21094021357481,0.203163616535612
"2862",0.0036821736987426,0.356727233089548,-0.0660963641480702,3.204083596725,0.347323069850342
"2863",0.0062949453971021,0.356511108275664,-0.0662252244772461,3.20031319248054,-0.0288975583574436
"2864",-0.000523744512704156,0.35549757960972,-0.0661953792763754,3.19614223199075,-0.014451911290414
"2865",-0.000715710887799691,0.354559316685014,-0.0661658006085305,3.19308194209402,0.375072568963314
"2866",0.00716129130049264,0.354768593729912,-0.066379129666591,3.19333960635379,0.459704875079237
"2867",0.00833177332174438,0.35529745630957,-0.0667095783878894,3.19529674580679,0.243361368408462
"2868",0.00441072493847131,0.354747454691051,-0.066725152285243,3.19277117977096,0.385301939392757
"2869",0.00698328121687998,0.354862335540692,-0.0669057324465766,3.19275206492181,-0.0569881764960034
"2870",-0.0010328638966521,0.353987936279036,-0.0668675585601687,3.19059593741669,-0.342612754842181
"2871",-0.00635312200891327,0.353998230760375,-0.0666636075945364,3.19053848675762,-0.602411460338093
"2872",-0.0105842879118572,0.355479458471608,-0.0658742303596747,3.20035758526196,-0.172786220093712
"2873",-0.00351741383628758,0.354766202574847,-0.0658243647387709,3.1962896314613,-1.02847288821827
"2874",-0.0185379076628746,0.361099527221683,-0.0616645295365174,3.30313123837651,-0.0436903815294654
"2875",-0.000850738672229477,0.359751066350946,-0.0616848693454873,3.27158307691727,-0.116601091770707
"2876",-0.00169155925795441,0.358554050096678,-0.0617020488353795,3.24844234824575,0.63963003362375
"2877",0.010532688672043,0.359747677276931,-0.0624827780468211,3.24296093021618,0.0289771082873702
"2878",0.000525186289852581,0.358493764022813,-0.0624942397730152,3.22743411741405,-0.0434688118124915
"2879",-0.00078783651473093,0.357341658969203,-0.062505224340944,3.21604195333452,0.0289813072598122
"2880",0.00116667353014751,0.356288971801348,-0.0625174838532597,3.20768458883231,-0.0579710161162594
"2881",-0.00105067705759834,0.355307228800626,-0.0625277380594742,3.20155194494264,-0.377632983269482
"2882",-0.00642109802633832,0.355240336925699,-0.0623670091727702,3.19863171658169,0
"2883",0.000105629866343853,0.354311162664941,-0.0623797258918953,3.19490832616941,-0.408282865200726
"2884",-0.00739979162374214,0.354608613330216,-0.0621258754693218,3.19501652436807,0
"2885",-0.000201971598038835,0.353724191644154,-0.0621412338856804,3.19225574009996,0.0292184078046487
"2886",0.000529559645432746,0.352909674200379,-0.0621565236369518,3.19023013985447,-0.263273517579943
"2887",-0.00477161628907312,0.352632273587783,-0.0620993071384952,3.18924225432764,-1.00089148773213
"2888",-0.017579378994808,0.358372395905277,-0.0585729362403368,3.27747095403246,0.0295814230821478
"2889",0.000241784931795846,0.357222255804693,-0.0586274406512429,3.25275532114139,-0.133185369298938
"2890",-0.00241387543819346,0.35627253580768,-0.0586720545982724,3.23465240443357,-0.504751665469189
"2891",-0.00956996051284625,0.357189872025167,-0.0581620611837015,3.22904518754565,-0.417599413733311
"2892",-0.0063746361172219,0.356933165891533,-0.0580661820896296,3.21860053018757,0
"2893",-0.000927220290246624,0.355894443282637,-0.058125792486581,3.20956049493567,0.685138217784281
"2894",0.0124175675179834,0.358191907190218,-0.0594397924491915,3.22534735974287,0.118676768119647
"2895",0.00215091895721072,0.357126733796625,-0.0594892769201435,3.21452319456277,-0.222634600308269
"2896",-0.00403506928880389,0.356411627295136,-0.0594896977364862,3.2068250122939,-0.865547860019084
"2897",-0.0154606052402504,0.360411992455599,-0.0571614246785111,3.25334671715913,0.209612294146116
"2898",0.00295330485051122,0.359329124714702,-0.0572529729582741,3.23515446906861,0.403015695870768
"2899",0.00730432850537323,0.359216739255085,-0.0575670918118579,3.22424925302924,0.356877702190822
"2900",0.00646811526139768,0.358849137324996,-0.0577962158726724,3.21518814965604,-0.282423078842181
"2901",-0.00511868636010572,0.358238553656812,-0.0577666145666239,3.20774963609965,-0.074454623348641
"2902",-0.00198670977325318,0.357167422949292,-0.0578254732204379,3.20161034703775,0
"2903",-0.000103049142302447,0.356097894041826,-0.0578880752991812,3.19709384169292,-0.432933422346721
"2904",-0.00784656272739801,0.356409153990925,-0.0576351982531007,3.19732768141843,-0.134740644683412
"2905",-0.0018361385025099,0.355455162083745,-0.0576967256056864,3.19395921056261,-0.902940671939423
"2906",-0.0164826567769113,0.360240827794543,-0.0548505596362083,3.26031591816798,0.181241553917078
"2907",0.00287815370897136,0.35916265305783,-0.054966391726195,3.24026126505355,-0.347668704820819
"2908",-0.00630120974708434,0.358803705960363,-0.0548953116894957,3.22695372711835,-0.0302892626880269
"2909",-0.00142824812274551,0.357652287664368,-0.0549886415047655,3.21569185291029,-0.897685754339955
"2910",-0.0149881466501776,0.361289550002759,-0.0529124615994739,3.2539688556984,0.381359626252548
"2911",0.00567973462969109,0.360671968701356,-0.0531635367127673,3.23665266677853,-0.902353755987689
"2912",-0.0163544207566173,0.365085813744393,-0.0504259353656114,3.28979447175077,0.459841398888866
"2913",0.00738207748720659,0.364692234975471,-0.0508541979397647,3.26489552725873,0.655440194200924
"2914",0.0118793152304529,0.366000452357919,-0.0520128596450633,3.26052722556304,0.666265335655586
"2915",0.0120755120290196,0.367271378471394,-0.0531833260705478,3.25786967772387,-0.196389518517875
"2916",-0.00355939873549389,0.365773207395813,-0.0532633492731426,3.2385526023693,0.572981060975886
"2917",0.00957840198447961,0.366050648206094,-0.05393770775429,3.23187665760657,-0.982103534811168
"2918",-0.0177998200021702,0.371181071284841,-0.0504103210517316,3.31181952572723,-1.23750719897039
"2919",-0.0229920780622787,0.379983146027854,-0.0434160909865374,3.50566730896549,-0.32335080910389
"2920",-0.00461034551781728,0.377635542687504,-0.0435933639857611,3.42044475848969,-3.93194225282844
"2921",-0.0729944659497856,0.487687897469769,0.187616391269253,26.8979264187189,-0.837633763522078
"2922",-0.0143827647447306,0.48078913086969,0.185763642002498,20.5983790964443,-1.05700634494966
"2923",-0.018482236091256,0.477809587694481,0.185539629777903,16.0183200468572,-1.96456999336105
"2924",-0.0392926771703959,0.500160406678443,0.20760887820351,13.7996644392676,-3.85807045979881
"2925",-0.0654485753838471,0.577515581755886,0.310905283032918,19.3131790832778,-0.52119645433294
"2926",-0.0122082371941091,0.563079200683469,0.307214608337527,15.02393110136,0.987961931396386
"2927",0.0171236104177778,0.553486312432227,0.301430494146382,11.9054244818174,0.49892576614734
"2928",0.00904261976164767,0.539830101581772,0.297197090227011,9.5856192841621,2.20647104856133
"2929",0.039990475659924,0.559144331561661,0.271165259537939,8.90681804086146,0.0167855644540138
"2930",0.000304224570349112,0.54346739672043,0.267488433037966,7.38318981357785,1.7469872798503
"2931",0.0316627097095167,0.550148759379635,0.252879461880338,6.66920645365497,1.66834095267142
"2932",0.0302373096187969,0.553757145094458,0.240540230737691,6.04526948872688,0.113479788460663
"2933",0.00205672796898408,0.538514387652744,0.237198667390046,5.28358080836356,-0.60128563380395
"2934",-0.0108978082984489,0.526858922098104,0.234353447823783,4.73056018676707,-1.0651473091468
"2935",-0.0203482538712706,0.522114708460954,0.234045704757507,4.3894945627724,-0.181383510855493
"2936",-0.00412801642826294,0.509412094947809,0.230796155783617,4.06877005086378,-1.06189814833744
"2937",-0.0185873125164148,0.50458833501916,0.229980703830773,3.88712313805542,1.50652629953018
"2938",0.0273610576982197,0.509104437824634,0.218541718130575,3.9746779979214,1.30592779891793
"2939",0.0236688688438932,0.508418016913568,0.210696368270163,3.89647873379786,0.968374255545784
"2940",0.017550988090848,0.502616623860562,0.205765232025172,3.74643832138347,1.76713983219635
"2941",0.032027958170223,0.512323829715795,0.190408139585121,4.07228635985028,0.204934256322031
"2942",0.00371426509070872,0.50023817290052,0.187606846593232,3.83598072574585,0.487001198160952
"2943",0.00882649676011296,0.490443915379516,0.184584764399541,3.66534635714373,0.920371523005248
"2944",0.016680977986467,0.485514484916201,0.180039900574791,3.57414406738798,-1.91258377363688
"2945",-0.0346640101609588,0.501058067008668,0.194874547315423,4.22376064681069,0.15815280854593
"2946",0.00435300157274232,0.490104943160878,0.191987528450009,3.94736999277213,0.567288001018756
"2947",0.0102816291252494,0.481623527366937,0.188751604426338,3.7496407813388,-0.456729670243811
"2948",-0.00827785017753081,0.473068241397259,0.186231526903483,3.60183008934835,-0.871983329299497
"2949",-0.0123322058284555,0.466757824038369,0.184257653086547,3.50243871072128,0.682379859636878
"2950",0.0111180945252618,0.460485066675858,0.180901636312536,3.42684335482602,0.724869231275266
"2951",0.0131376595078564,0.455486074156585,0.177256475950569,3.37804293147185,0.250901809527382
"2952",0.00454738924105875,0.447697399995972,0.174575223969363,3.32674560164543,1.22968317342916
"2953",0.0222869976238757,0.450522379637708,0.166895426508894,3.43298449430016,0.401420949720444
"2954",0.00727542504110631,0.443699586994883,0.16421539858686,3.36816540268554,0.99655864996645
"2955",0.0180618070928938,0.443179805008772,0.159011067122925,3.38166339792303,-0.68886609951852
"2956",-0.0124851323128414,0.439365231649419,0.157554150918931,3.34550360829853,-1.42329135328128
"2957",-0.0269668017955442,0.447495583799685,0.164222872978044,3.61731380573079,0.124571800600148
"2958",0.00346639857053111,0.440222951051238,0.161692238014201,3.50225411939186,0.0622277555861361
"2959",0.00112782696458305,0.433169095415572,0.159217470016029,3.41768671880904,-0.467654788390182
"2960",-0.0084758589715277,0.428130547895011,0.157068555918023,3.35893515488347,1.4580683315028
"2961",0.027945802744947,0.438652134347576,0.143670856899061,3.71656794068574,0.537511852384226
"2962",0.0097419608853276,0.433494566949763,0.141018939076943,3.57942633476892,-0.629947539138459
"2963",-0.0114172817936458,0.4297506240333,0.139528440623297,3.48573136873193,-0.293277975126344
"2964",-0.00344995933842748,0.423653088576742,0.137314509804837,3.40563379934467,-0.232144343207841
"2965",-0.00614187589001998,0.418556724027024,0.135221028115326,3.34769652118394,0.108401094625837
"2966",0.00185399852805809,0.413127997409032,0.133033758080161,3.30429212259269,-0.730100330506528
"2967",-0.0132324688853095,0.411737934624085,0.132092686819159,3.29399173173354,1.68512915429958
"2968",0.0302670575206225,0.426433966811579,0.11505309939657,3.8718045390188,0.199096474374277
"2969",0.00360846008726586,0.420551909095367,0.113077020111705,3.68889432885675,0.928964268303206
"2970",0.0168367144380802,0.420854998972695,0.108740165767545,3.60776925731204,-0.50148270128893
"2971",-0.00908896211117019,0.417047484270846,0.107268439114171,3.50032911461759,-0.442782615165921
"2972",-0.0107484259592048,0.414018797662175,0.106002070837574,3.42484318962587,0.137625222426063
"2973",0.00428112663052805,0.409260888053755,0.104093039536694,3.36116517130833,1.62186200018383
"2974",0.02939491677645,0.422628715536276,0.0889157418567269,3.83810730380905,-0.467184935336723
"2975",-0.00846734327080707,0.418539373622246,0.0876087253550338,3.66847604610806,0.226329783525386
"2976",0.0044308020059734,0.413475234771195,0.0858991013322098,3.53994784779877,0.46613121013771
"2977",0.00844824536696153,0.409815493887096,0.0839521868611995,3.44874996573197,1.94613584789533
"2978",0.0352721139517823,0.431061784102172,0.059455366783244,4.45434511445247,1.41701297301725
"2979",0.0256821963941884,0.437930765241524,0.0504148955449871,4.36771375432431,0.361978242200034
"2980",0.00656055836017462,0.431805609536357,0.0490549155617264,4.05355660271339,0.33186669229206
"2981",0.00601481124762486,0.42607295826027,0.0477180545509067,3.82296430833212,0.373832211060704
"2982",0.00677540181053643,0.420960027731069,0.0463483620773591,3.65429375385124,0.729251819808274
"2983",0.0132170903257548,0.418907479149045,0.0440022934149975,3.5489499279913,-0.829761556175485
"2984",-0.0150387467523819,0.418315962714944,0.0446436465859996,3.48883322090714,0.515834357723016
"2985",0.00947606890212188,0.414835872789177,0.0429808457912793,3.41396989136051,-2.06490623113426
"2986",-0.0374247296061473,0.439534917874063,0.0693705926353944,4.73209551266827,0.11665209838409
"2987",0.000734962393328867,0.432549115948474,0.0679092889167937,4.32006290904563,0.81277660787189
"2988",0.0147309085135059,0.430614504594567,0.0649126158755264,4.04752823985485,-0.49268321656839
"2989",-0.00892947867731047,0.42602315404356,0.0638830273728238,3.8223536445944,-0.0145274933065875
"2990",0.00306935703770438,0.42019364178347,0.0624665406970023,3.65262468254549,-0.465997639546506
"2991",-0.0095591410725973,0.416522815794473,0.0615345856252437,3.53376737282672,-0.277717053449328
"2992",-0.00645613532719536,0.411995553615106,0.0602885497929245,3.44187518032391,1.06283303749866
"2993",0.0205610215074385,0.416016601710259,0.0542956222550262,3.50133356064716,0.346971578398875
"2994",0.00628857490321154,0.411431139113636,0.0528943544353306,3.4178512151789,-0.826031796328985
"2995",-0.0149711479182816,0.411256223431766,0.0534177932645293,3.3920970574545,0.188994749866384
"2996",0.0043002330133575,0.406716487764628,0.0520828901734019,3.33716689876366,-0.363769044282419
"2997",-0.00659301517719667,0.403005098566377,0.0509714388212831,3.29797826302112,0.058292044786723
"2998",0.000741926873393403,0.398635284014494,0.0497132617935241,3.26780251051526,0.552086249015055
"2999",0.0100061098548339,0.396680941539545,0.0479199284098732,3.25311468508235,0.17371168236211
"3000",0.00314838157966118,0.392939369383418,0.0466811349431082,3.2349427500978,0.115640371371972
"3001",0.00209588675984258,0.389370043009564,0.045465669221881,3.22156420109371,0.216465919001169
"3002",0.00392326700622862,0.38629062217185,0.044234875878096,3.21191317832415,0.517614383570947
"3003",0.00938133560416175,0.384950268419807,0.0425852955177317,3.21063472858907,-0.387959391699144
"3004",-0.00703144535746321,0.382969342816488,0.041636267525989,3.20587139644533,0.516945436096206
"3005",0.00951994484783367,0.382004637931666,0.0399560250218176,3.20723643723245,-0.272499272243459
"3006",-0.00493882551556914,0.379691681927765,0.038897579404804,3.20177753228725,-0.215656758155125
"3007",-0.00476373671079438,0.377455436289383,0.0378328731000037,3.19760984648279,-0.12961764614467
"3008",-0.000996761874931152,0.374935729484847,0.0367198317262254,3.19415911747593,0.503127633604766
"3009",0.00788695645400775,0.373904381492168,0.0353204252757939,3.19492641869618,0.472070113493739
"3010",0.008555883112882,0.373123199951164,0.0338736639628708,3.19644616785546,-0.543790693201512
"3011",-0.00985575971855486,0.373022104391704,0.0334135979596059,3.20187435632039,0.372386566106281
"3012",0.00716464914734937,0.371947752102523,0.0321078217875815,3.19976998682511,0.25699614373289
"3013",0.00465784404347638,0.370243200296963,0.0310005163891294,3.19610445824158,1.61248189649603
"3014",0.0292249101006502,0.386214612472771,0.0147422830497929,3.81793934360961,0.154223654823488
"3015",0.0027951770853394,0.383152423326031,0.0138757482477133,3.64933539901012,-0.576046552512272
"3016",-0.0104403706779862,0.382534347650751,0.0137000455245633,3.53540627969114,0.0845070472827114
"3017",0.00276732618401341,0.379814828528236,0.0128365377483818,3.44207277354369,0.645525676904174
"3018",0.0116996227468855,0.379981474517102,0.0110617952543959,3.38869480118322,0.111841197174573
"3019",0.00202702984763963,0.377331253005189,0.0102388696104596,3.33437270261962,0.404378993486659
"3020",0.007329037155034,0.37592937234344,0.00919669750909329,3.29686527684202,0.0973642193892232
"3021",0.00176464651470092,0.373558907707175,0.00839518632076488,3.26699143385625,-0.711548171296261
"3022",-0.0128962262358439,0.374843821842172,0.00891646328071889,3.26884664148589,-0.266386417603981
"3023",-0.00415336179098412,0.372820909688475,0.00815700156059211,3.24662684854924,0.518099597633737
"3024",0.00900004329094719,0.372363474828853,0.00691455277880944,3.23592132265778,0.432026314780276
"3025",0.00783012214773099,0.371439695452894,0.00586588795074348,3.22522935334404,0.582364374678679
"3026",0.0105548760161524,0.37163435329144,0.0044124832454409,3.22454683264122,-1.05629891106833
"3027",-0.0191445502628394,0.377437547853786,0.00808759545355652,3.33415183988929,-0.111841197174573
"3028",-0.00259827837305489,0.375008935021201,0.00730769926052691,3.29436525508635,-0.0979637612458062
"3029",-0.00149660142220205,0.372693156406649,0.00653139012393679,3.26515485561417,0.279642240398426
"3030",0.00375367277458531,0.370803179319333,0.00572885846836168,3.24389325926876,-0.195667427905932
"3031",-0.00354631143617954,0.369023849858924,0.00499703158879074,3.22826562692362,0.321251760325619
"3032",0.005074741483185,0.367655930288652,0.00416038013653985,3.21726009742821,0.597846758090953
"3033",0.0108354815003756,0.368272434431528,0.00264603953452902,3.22028471544164,0.359762391627766
"3034",0.00652039788835069,0.367246599480428,0.00176229523578388,3.21219677265555,-0.818255726944456
"3035",-0.0148302130468929,0.370181018936066,0.00312474519190591,3.24884083522849,0.139159499217656
"3036",0.00240999188398887,0.368321985844785,0.00238072584845229,3.23179302105512,-0.418060809555426
"3037",-0.00757700883489734,0.367675570693329,0.00193104680327174,3.2221931552419,0
"3038",-0.000687917754022104,0.365852205964281,0.00121207100491515,3.21219619650867,0.459770924862957
"3039",0.00833297041982999,0.36562955996606,0.000136943190407181,3.2091660148985,0.512999391938246
"3040",0.00929769267094565,0.365719886385547,-0.00104202229222593,3.20885718039399,0.372696959806385
"3041",0.00675482631389278,0.364950432969464,-0.00190744019728652,3.20408239788151,1.4770509231995
"3042",0.0267703349342343,0.378359240120091,-0.0144772465686486,3.64865841135684,0.122108420300998
"3043",0.0022131148347053,0.375819838037243,-0.015019138369367,3.52511490592887,-0.054252001873184
"3044",-0.000983272978735126,0.373423077850504,-0.0155513607957892,3.43446055344693,-0.448705627406143
"3045",-0.00705529091629788,0.372226567050435,-0.0158667412992306,3.37003313314176,-0.903496905791268
"3046",-0.0180159812268625,0.376845419502822,-0.0128978375481431,3.40845809712216,0.0962133260943243
"3047",0.00268235133690004,0.374544050742161,-0.0134703250418882,3.34893330710186,-0.068714357132349
"3048",-0.00124539129039579,0.372252865261563,-0.0140188973370815,3.30519185083662,-0.828276408345008
"3049",-0.0151653460438743,0.374949028210192,-0.0124443512657873,3.3181696465079,0.938196727189433
"3050",0.0179735355327529,0.379646712910375,-0.0166729586995526,3.37631755400832,-0.357683694040611
"3051",-0.00648272320174301,0.377932823761361,-0.0170007052084429,3.32705322600996,0.371415242294248
"3052",0.0062337366951436,0.376215461327268,-0.0176645950652694,3.29048863681118,0.0686294721879199
"3053",0.00124385282049076,0.373794986433462,-0.0181692678878836,3.26230809873537,0.178216511629148
"3054",0.00323002791047222,0.371740438203967,-0.0186875354914447,3.24171973778369,0.054772012871418
"3055",0.000992697751011803,0.369635083002145,-0.0191806003624844,3.22652405741397,0.0957788949185967
"3056",0.00173591381064074,0.367726058431724,-0.0196708761986769,3.21538141193454,-0.315047175177297
"3057",-0.00570997131318357,0.366590859367321,-0.0200350355020704,3.20815271466292,-0.909598333136602
"3058",-0.0166330278752063,0.370626962932667,-0.0176933847274255,3.2678824727111,-0.680699995861894
"3059",-0.0121964719522453,0.371580718214227,-0.0171633069792179,3.26303286129807,-1.4037288326802
"3060",-0.0257841535355882,0.383310173963532,-0.00745358194000872,3.60955802169897,-0.410794543264531
"3061",-0.00767056959615774,0.381448435873693,-0.0078513356661695,3.49859499677885,-0.255827314058293
"3062",-0.00418052765458105,0.378968296601729,-0.00842412106355584,3.41521892830567,0.610060769842069
"3063",0.0101531676515841,0.37853787170811,-0.00966511653888021,3.36288069520187,0.802990861125236
"3064",0.0145535498904043,0.380296002852571,-0.012022079283437,3.3507690181117,0.475924750506901
"3065",0.00862574524307103,0.379034341063728,-0.0129333276894619,3.31055225991549,0.306748706786192
"3066",0.00555956838882829,0.377001261262565,-0.0135827774288773,3.27773282333098,-0.292785151642372
"3067",-0.00530649041961177,0.375116175273398,-0.0140367862782136,3.25366188183428,0.237082601810501
"3068",0.00405201818450384,0.373112620891724,-0.0146234957332753,3.23553571350121,-1.05020919044769
"3069",-0.0190341790778588,0.378623028687763,-0.0109193134396822,3.33573128604736,0.477461937809959
"3070",0.00836686613697367,0.377608922746674,-0.0118904707664766,3.3002759691309,0.391499381479354
"3071",0.00709560476496333,0.376081914402837,-0.0126576526153921,3.27142501984607,1.01354564282423
"3072",0.0183696823876354,0.380691992293292,-0.016862969351479,3.34130660066619,-0.443029936870037
"3073",-0.00802955376122916,0.379401866998722,-0.0170305993505998,3.30360201463582,-0.65427949697498
"3074",-0.0130166234943864,0.380232888295354,-0.0162770800407546,3.29457749112197,0.0279290603686699
"3075",0.00115646247481878,0.37753576854377,-0.0167977228063132,3.26530993939071,-0.982188336427936
"3076",-0.0178013569618296,0.381720785479229,-0.0139295897985185,3.32791904251805,-0.169348050633322
"3077",-0.00219847402880952,0.378949499367868,-0.0144705483869666,3.2897807232968,-0.183784599691106
"3078",-0.00275444922124262,0.37646024519334,-0.0149975599727133,3.26183222803005,-0.297598178967134
"3079",-0.00673267632799057,0.374940937676708,-0.0153516295328365,3.24295233730272,1.00262083980882
"3080",0.0194064845792635,0.380663534477946,-0.020375660459602,3.3503237878234,-0.0281056775318367
"3081",-0.000509392323083249,0.377909902977655,-0.0208493047199577,3.30621016816569,0.280701938698408
"3082",0.0049684300718877,0.375864587902535,-0.0213916825175218,3.27435276064202,-0.182366607321371
"3083",-0.00330524498656956,0.373686591067806,-0.0218310055499732,3.25057905670756,0.0842105312922115
"3084",-0.000105646425108894,0.371422010745467,-0.0222890382494922,3.23302377249138,-1.18544995345484
"3085",-0.0214853068389926,0.37909738902617,-0.0166724941920608,3.40356988145186,-0.2274020309109
"3086",-0.00467592378159314,0.37683054644983,-0.0171404416635939,3.34555716835132,-0.0284616481215472
"3087",2.11042237313346e-05,0.374338724665497,-0.0176500050489469,3.30271229416435,0.383550438240693
"3088",0.00573895923237485,0.372724469130958,-0.0182683008500462,3.27219495618377,1.5056922746512
"3089",0.0272894359071853,0.386183820403073,-0.0309996680736581,3.7159256970101,0.181399617174322
"3090",0.00328771908430849,0.383180393792693,-0.0313695564521877,3.57451217761184,1.50815726089442
"3091",0.0273341117584392,0.395986146303554,-0.0435754556366074,3.91842689448561,-0.371466341709042
"3092",-0.0067325223715409,0.393214968832401,-0.0435846300924533,3.72511307441821,0.412655331101702
"3093",0.00585505548784367,0.390294387310351,-0.0439236774239432,3.58218535356791,-0.0137277781806666
"3094",-0.000248804705394395,0.386831019039695,-0.0441389775892509,3.4763340820679,-0.0824062675393478
"3095",-0.00372364750250523,0.383908510276132,-0.0443223104710375,3.39881944261323,-0.647875999715336
"3096",-0.00972519747350088,0.382880088030122,-0.044008534058535,3.34880433043817,0.510381134111004
"3097",0.0083829921127335,0.381502202253518,-0.0445896709633941,3.30944399891569,0.685591606309033
"3098",0.0124257848126429,0.381863182794713,-0.0458849712321355,3.29473809960463,-0.27367285827592
"3099",-0.00496009579858342,0.379576585359038,-0.0459968831259405,3.26601363070501,0.095870718840696
"3100",0.00297467550453937,0.377084808651112,-0.0462064860908579,3.24442134252911,-0.24671065145177
"3101",-0.00447142794298566,0.375008132938555,-0.0463412775390982,3.22885601778865,0.20563445452999
"3102",0.00296193068718179,0.372844044592153,-0.0465470449588195,3.2171573006191,-0.233084358627683
"3103",-0.00422446257633301,0.371028051059552,-0.0466858937754587,3.20878740194208,1.02424930936166
"3104",0.0180201478770226,0.375892606719607,-0.0505044812726043,3.29490901827167,0.0407525645794882
"3105",0.000738606764388826,0.373471993985481,-0.0506475530506156,3.26555012756223,-0.0271665310010882
"3106",-0.000492371063500674,0.371228311468179,-0.0507889324712438,3.24400858855417,0.339052335380263
"3107",0.00745043510788104,0.370320119818462,-0.05118310536997,3.23087157556089,-0.55665068045308
"3108",-0.0100888364260449,0.370513110983256,-0.0506615836401892,3.22802816673483,0.326220215902157
"3109",0.00663208107154291,0.369461811232213,-0.0509973466253566,3.21834394561543,0.622296380503323
"3110",0.011278610827005,0.370140160858331,-0.0519922001879758,3.22286323187505,0.309701991298283
"3111",0.00561309424518367,0.368751735115252,-0.05221624439289,3.21342979919809,-0.228817651488183
"3112",-0.00414713201352246,0.3672264916591,-0.0522930046659649,3.20605087229032,-0.0134761808707418
"3113",-0.000624598636240481,0.365435586491755,-0.0524162826359346,3.200352079377,-0.121367421006729
"3114",-0.00255122222821286,0.363904487649212,-0.0525280321581112,3.19620762959851,0.45772831667506
"3115",0.00817064414093885,0.36377764019615,-0.0529990097031568,3.19721891449355,1.17507027075852
"3116",0.0212971836145815,0.371704134453502,-0.059088707958947,3.37346182572933,0
"3117",0,0.369586077103168,-0.0591373973390663,3.32318686548144,0.0530856017775305
"3118",0.00096213293492382,0.367637692633432,-0.0591861362514123,3.28629922239854,0.265006117724997
"3119",0.00480301824378,0.366295748470107,-0.0593019180182048,3.25969380042211,0.251106984519434
"3120",0.00455110786928697,0.364987886643336,-0.0594039022665512,3.24006315032001,0.59222388002032
"3121",0.0107335714532128,0.365755515273345,-0.0602084635383733,3.23678431455279,0.0393571667920534
"3122",0.000713316325481546,0.364070327237701,-0.0602449740549605,3.22290218699023,-0.512855355140546
"3123",-0.00929508212227948,0.364336519688991,-0.0597723195116952,3.21944370445973,-0.847350495622945
"3124",-0.0150191648397911,0.367419792633838,-0.0577498858012473,3.2537068114078,0.675812550281035
"3125",0.0116620805069581,0.368625381159264,-0.0588708541254495,3.25316912701814,0.316455960296314
"3126",0.00573550438648136,0.367373272850859,-0.059026339392703,3.23573828582076,0.0394866737608357
"3127",0.000715663532931313,0.365573281213688,-0.0590758915484552,3.22213474070082,-0.289931673841148
"3128",-0.00525477347792319,0.36448335284125,-0.0590331218868406,3.21283769756782,0.368858276201972
"3129",0.00535188423582136,0.363512981965545,-0.0591842304131985,3.2061189406022,1.03343191950541
"3130",0.0187301048205985,0.369338496343051,-0.0633219207376002,3.30876675774213,0.130055942379315
"3131",0.00235715714536098,0.367474646648582,-0.0633292105467493,3.27573240927874,0.129887016572106
"3132",0.002354095503838,0.36577255842718,-0.0633390305021954,3.25150471129823,-0.533612250755716
"3133",-0.00967128380841322,0.36607917221504,-0.0627669187744797,3.24160880009311,1.24499079235451
"3134",0.021536513842523,0.374350033399206,-0.0691780927546173,3.42342113049018,0.53984706943638
"3135",0.00978428477656811,0.373906635003009,-0.0696174840817898,3.36644483954209,-0.423919961715222
"3136",-0.00768320115588296,0.372934875253324,-0.0692561934144202,3.32128216599298,-0.115927107721159
"3137",-0.000263954217629054,0.370724959304968,-0.0691932181217024,3.28490093756248,-0.828269262096981
"3138",-0.0167028677082942,0.374580626383349,-0.0662728768612586,3.3254038651833,0.982808893626269
"3139",0.0176987671089579,0.379115380249764,-0.0697684685409019,3.37683105782273,-0.503129488102072
"3140",-0.00911880876971166,0.378345459154508,-0.069200579321369,3.33222125676378,0.580309836672172
"3141",0.009679676473733,0.377796817737931,-0.069706357571258,3.30072315614241,-0.969062432008899
"3142",-0.0175634607240674,0.38190011406058,-0.066307692834403,3.35222556129747,-0.299070504431065
"3143",-0.00782089539669608,0.380233616853584,-0.0660291658364401,3.31018575506519,0.208143694243595
"3144",0.00569636362440597,0.378217330750599,-0.0661192388102925,3.27771363962332,0.660581380171793
"3145",0.0119724950039038,0.37860903075602,-0.0670868363066029,3.26941483690289,0.219227633098285
"3146",0.00397332080614247,0.376287191553467,-0.0670792193492362,3.24700918624329,-0.607276238006066
"3147",-0.0110063830797446,0.376434103860984,-0.0662239537385345,3.24304178664043,-0.103734449136256
"3148",-0.00186683418310986,0.374029610363451,-0.0661915104314866,3.22749991209577,0.453045885246645
"3149",0.00764213368767531,0.372988215829998,-0.0664361660632235,3.21903772227923,-1.05161631261292
"3150",-0.0190596820114846,0.378581111141016,-0.0621000246446705,3.3258755230848,0.221628406994928
"3151",0.00493832788130951,0.37655377479533,-0.0622034162380698,3.28891725027088,-0.482998132369833
"3152",-0.00875394448022266,0.375738296041115,-0.0618031854771564,3.26627787141927,-0.301422153383557
"3153",-0.00701333824453157,0.374320513881944,-0.061628320965612,3.24640015668175,-0.170771798480462
"3154",-0.00111897310254421,0.372030869602226,-0.0616485552673305,3.22995839852655,0.144518188458315
"3155",0.00110692122630405,0.369912933538347,-0.0616700322172439,3.21789511224586,-0.236593170300325
"3156",-0.00428805690623881,0.368314428694106,-0.061641153597526,3.20934154873546,1.02121861581136
"3157",0.0184092648215372,0.373677712138158,-0.0655785255245123,3.30505189564916,0.299148301387664
"3158",0.00542181728291934,0.3719621151972,-0.0656358611231948,3.27356247470624,0.492292741868311
"3159",0.00892240164405435,0.371471571034584,-0.0660323387446007,3.25509314281299,-0.219936695164252
"3160",-0.00398617197376097,0.369731613571984,-0.0659611057423335,3.23659072887638,0.387797797269562
"3161",0.00568217454474269,0.368454494627636,-0.066051773169095,3.22371292337628,0.0257997937447574
"3162",0.000467600073181791,0.366571177086145,-0.0660240324267488,3.2133112343993,0.321937049673365
"3163",0.00583484463001899,0.365540334157919,-0.066120048984709,3.20669790061767,-0.28324983531503
"3164",-0.00513367064219077,0.364446485834523,-0.0660013510333674,3.20149670672672,-0.0902934598592142
"3165",-0.00231976789196173,0.362955318514891,-0.0659671807820739,3.19703244807369,0.232018665569705
"3166",0.00473096224304242,0.361949552515987,-0.066009243458645,3.19420289180438,1.30470001153362
"3167",0.0236466162058902,0.372292335633746,-0.0743043862217839,3.47107805305952,0.582870378012906
"3168",0.0105640469110229,0.372304534746667,-0.0748210717898065,3.40385575048411,-0.0631911553412884
"3169",-0.00114528779393954,0.370177738361117,-0.0746955056725992,3.34549059145046,0.718022861866638
"3170",0.0136754343911387,0.372140353810474,-0.0761534163329345,3.33316807823114,-1.19958506482766
"3171",-0.0217414941239667,0.380229669600429,-0.0695249487869561,3.49417223638107,-2.14426909778733
"3172",-0.03869900626507,0.408571187770105,-0.0362431972699532,5.18070422031538,0.827198719620476
"3173",0.0161113133672835,0.409770407386075,-0.0390644049145783,4.70607852786704,0.628731140247935
"3174",0.0113952355627396,0.407506804595717,-0.040056193714145,4.31172330185013,-0.551530930546534
"3175",-0.00999604516365507,0.405000488489779,-0.0397483201576629,4.0193707054539,-0.645163528148868
"3176",-0.00901464226310192,0.402123432627864,-0.0396389543788619,3.80152077074646,-0.506133064115699
"3177",-0.0114728545878219,0.400510924801518,-0.0391153253888524,3.649285729628,-0.482557180292309
"3178",-0.0094099959711348,0.398099455024455,-0.0389575013277358,3.53087784202662,0.807296051109457
"3179",0.0153591981860749,0.399177285566019,-0.0412935009300366,3.48228556645795,0.29783123342817
"3180",0.00539794650781402,0.395623834699913,-0.0416114440511156,3.40354649746124,0.682948340974365
"3181",0.0123778777992707,0.394966474740174,-0.0428833293982781,3.36252019738344,-0.282921999419861
"3182",-0.00512772888583066,0.391769204113901,-0.0430245038615785,3.31578343602604,-0.141761735191298
"3183",-0.00381430859645748,0.388489818054953,-0.0432205861804483,3.28101477678295,-0.116136537990547
"3184",-0.00133540203752895,0.385188288312635,-0.043442473946224,3.25535747127619,0.630673304768556
"3185",0.010496100572757,0.38443596573766,-0.0443379623469294,3.24633725382992,-0.488746953611216
"3186",-0.00885813714392277,0.383127949359574,-0.0441180869803171,3.23529933674264,-0.180668522494892
"3187",-0.00339352818253964,0.380401730792232,-0.0443115324373528,3.22190095852609,0.0258297818819475
"3188",0.00102534325682223,0.37767635216424,-0.0445233553002835,3.21198286699781,-1.58795475226074
"3189",-0.0287803757546464,0.392690899405224,-0.0304727434186248,3.7775726547311,-0.526178535752536
"3190",-0.0085195298270993,0.39040642758029,-0.0305477664392656,3.62284810772881,-0.0395752264251037
"3191",-0.000828773378831342,0.38694191880323,-0.0309098638058955,3.50616981269445,0.749264103360903
"3192",0.0121245332825289,0.386839941798135,-0.0322980420051554,3.43778984247728,-0.0786060567135427
"3193",-0.00142467022160801,0.383681078639655,-0.0326385244038345,3.37039220366932,-0.472938348675511
"3194",-0.00911694204059576,0.382444096983399,-0.0325397549035554,3.32644665251549,0.026333114042898
"3195",0.000725492903489792,0.3795627579594,-0.0328805567838452,3.28869079990427,0.276079844061161
"3196",0.00500372043917013,0.377400600659337,-0.0332908509179421,3.2614990658198,-0.144518188458315
"3197",-0.00261927347822072,0.375022860820985,-0.0336110931390624,3.24108111898368,0.563751083366104
"3198",0.010827324212962,0.375166559360119,-0.0347156472442142,3.2378677171641,0.16981259387282
"3199",0.00307771380297404,0.372970744387072,-0.0350465574424502,3.2237552338008,-0.628438831815165
"3200",-0.011389937712458,0.373532819601406,-0.0344472562689885,3.22799807395144,0.497839361770086
"3201",0.00989054988471584,0.373438787261148,-0.0353914738058874,3.22530441152196,-0.405945689402604
"3202",-0.00735743223183954,0.372395253112425,-0.0354405997574631,3.21722728840499,0.0131207767688046
"3203",-6.27827752751777e-05,0.370224149636883,-0.0357491195189899,3.20855249818492,0.209698635165606
"3204",0.00380061554443566,0.368516146873282,-0.036088048700523,3.20236857103076,1.06785752333603
"3205",0.0193540406175192,0.374503444638115,-0.040832020707175,3.3186450069524,0.387847932857083
"3206",0.00702942525748799,0.373124530734358,-0.0412614180605514,3.28465108492243,-0.219595773835729
"3207",-0.0039799930546679,0.371257918041656,-0.041463863147335,3.2582663790813,0.30987758818361
"3208",0.00619854356158712,0.370001883587196,-0.0418572473563097,3.2399967910969,-0.439277192160764
"3209",-0.00796153834536774,0.369384603924984,-0.0417712406757074,3.22894652358157,0.361897771224756
"3210",0.00668076900834716,0.368417868098387,-0.0422064362535322,3.21904038911783,-0.569286050351808
"3211",-0.0103178421284849,0.368842593497572,-0.041735763100787,3.22027554190231,0.491846707297561
"3212",0.00796374594814833,0.36833559367119,-0.0423100747315736,3.2146429514921,0.694804647952912
"3213",0.0125927636260987,0.369740469505968,-0.0437388401231694,3.22768233494105,-0.449785504159722
"3214",-0.00815199287025046,0.369248870307473,-0.0435934768900402,3.22050934923094,0.30864222031895
"3215",0.00705401235653364,0.368403874865574,-0.0440430974384049,3.21330436038154,-0.30864222031895
"3216",-0.00559388676653502,0.367214859418125,-0.0441410341402632,3.20661221974559,-0.620157026328122
"3217",-0.0121738104874117,0.368505515559555,-0.0432583711756772,3.21947607547426,0.581509682851922
"3218",0.0119469537479556,0.369751669254401,-0.0445968334968415,3.2293767374009,-0.724172309992277
"3219",-0.0131250283819585,0.371542004111993,-0.0433412280151887,3.24499609839029,0.543620287768648
"3220",0.0100174975327714,0.37166027186692,-0.0442228736014289,3.2384460812046,0.412212357487157
"3221",0.00747101044428313,0.370667751858597,-0.0446717845944553,3.22654955757525,0.806610864550281
"3222",0.0146191594795048,0.37306501757308,-0.0467444772214382,3.25344143961666,-0.153139386742812
"3223",-0.0027755256168474,0.371041174338571,-0.0469117215316676,3.23519693975472,0.127632435960473
"3224",0.00133452756915316,0.369008541422052,-0.0470958490418945,3.22174058773269,-1.47770115785074
"3225",-0.0267821199032737,0.382303131365495,-0.0353692431179174,3.66233025625792,0.0517665340924844
"3226",2.75834640129572e-05,0.379420758289436,-0.0356786257127926,3.5351390409567,0.554804339045967
"3227",0.0100553730043747,0.378882816246635,-0.0365872247557487,3.45024900760608,-0.115867409165038
"3228",-0.00210000163338382,0.376352624246119,-0.0368760847879899,3.37955054328484,0.360036392517785
"3229",0.00869671352835834,0.375511233467065,-0.0375687897794773,3.33253640545653,-0.83779571046316
"3230",-0.0151843592006843,0.378100316965538,-0.0356794320876998,3.33983166255957,0.63221938212083
"3231",0.0106431614606321,0.378041503934479,-0.0367610592082415,3.31032004381104,-0.56752377269601
"3232",-0.0102859022932687,0.377787721011176,-0.036369150636036,3.28687967454902,0.27126542501274
"3233",0.0036567303597219,0.375539271812827,-0.036701341226075,3.2598402827202,-0.0258031223209443
"3234",-0.000467660400891539,0.373146662480092,-0.0369959187835106,3.23981910290347,-0.142036307693355
"3235",-0.00455237691867669,0.37135843852586,-0.0372303201096469,3.22549254541425,0.0129207313313673
"3236",0.00172467540226018,0.369331411006345,-0.0375227918390466,3.21462617311075,-0.349447064977365
"3237",-0.00633344106441865,0.368239904545789,-0.0376492677512972,3.20807308724499,0.271897623324319
"3238",0.0050601698101888,0.366936548140643,-0.038019458798361,3.20246404317108,0.258264606363207
"3239",0.00468083388690817,0.365606313617508,-0.0383598965706008,3.19811153874032,-0.0257964660272281
"3240",-0.000467539761034507,0.363932681145519,-0.0386362394663037,3.19452673526295,-1.22000215333622
"3241",-0.0214023418206687,0.372068531861687,-0.0327296962537037,3.37978574574952,1.02631625122147
"3242",0.0181635209283041,0.377210797236686,-0.0369660360751398,3.42946346299362,0.206584966950446
"3243",0.00374418286517952,0.374938255703209,-0.0372816172206925,3.36439061077555,-0.167817763518618
"3244",-0.00304155914108639,0.372787881690598,-0.0375517669968946,3.3166099940224,-0.142219947690181
"3245",-9.4788890592899e-05,0.370588303221148,-0.0378370935008328,3.28147281321951,0.297138646373113
"3246",0.00319180408364529,0.368763834169136,-0.0381392896847987,3.25578149084866,-0.595162838449931
"3247",-0.0107868376610887,0.369346459858791,-0.0376289791035712,3.24892351319186,0.0648634646857826
"3248",0.00145245745692639,0.367453326378542,-0.0379162201314812,3.23181546903149,-0.337750386026447
"3249",-0.00612144836449466,0.36644018744566,-0.0380529991254666,3.22051308433519,-0.980720511696465
"3250",-0.018773144721708,0.37207692941711,-0.0342727560336695,3.3182713980214,-0.791560861266116
"3251",-0.0132450704965574,0.373456253417447,-0.033282038302847,3.3064892536944,-0.971592124315479
"3252",-0.0184338823662627,0.37821980355334,-0.0299578054076295,3.36737314524006,0.772719006068018
"3253",0.0137294743315915,0.37981667546077,-0.0319835473780184,3.35120426587207,0.238600325285215
"3254",0.0043244349419358,0.377460440186628,-0.0323701196278023,3.30708295097992,0.29085160641219
"3255",0.00527144650026582,0.375494045575187,-0.0327960496463204,3.2750888870125,0.092366569871033
"3256",0.00167406822157328,0.373151449072803,-0.0331359905233727,3.25101266113303,0.0527426172564183
"3257",0.000955916622159603,0.370943682997882,-0.0334703102152387,3.23334254825023,-0.25077555543227
"3258",-0.0045451009892729,0.36931839640958,-0.0337422279637751,3.22075085851922,-0.742807500850989
"3259",-0.0136022130040378,0.37124151076164,-0.0325437308601677,3.24023638303133,-0.173229439015438
"3260",-0.00299760573367773,0.369314076913086,-0.032871320265613,3.22548438977216,-0.387519693879068
"3261",-0.00722602579252947,0.368455211274352,-0.0329803352030126,3.21691500417568,0.746968926000974
"3262",0.0133254797127594,0.370404546407455,-0.0348254868884774,3.23701393105921,0.0531420233045865
"3263",0.000963155528764741,0.36838837646325,-0.0351409949785177,3.2230708345642,-0.425929034706019
"3264",-0.00771961395386174,0.36777501843477,-0.0351657809071673,3.2159768586371,-0.213646763065722
"3265",-0.00287293163830954,0.366096253922745,-0.0354646371006607,3.2076840170298,-0.697521272059864
"3266",-0.0139272098747883,0.368458632924475,-0.0341019241324025,3.23440109902625,0.750975770192258
"3267",0.013776308056874,0.370740895226834,-0.0361356409696542,3.25504434994414,-0.133689859484154
"3268",-0.00242301890848098,0.36884067202329,-0.0364248057530222,3.23634420404788,-0.388714382622501
"3269",-0.00764507655811217,0.368150439084423,-0.0364508498343924,3.22549413708629,0.455581653586068
"3270",0.00965396672192973,0.368317503351381,-0.0373307702387333,3.22267779317619,-0.711078329922649
"3271",-0.012887710746811,0.370055613406582,-0.0362368287987414,3.23804768737778,-0.337177472319522
"3272",-0.00565578318740755,0.368676406799507,-0.0364384768874869,3.22457891943233,-0.813894888932171
"3273",-0.0139542229146556,0.370838379965107,-0.0350909358490548,3.24612105223763,-0.177220413092938
"3274",-0.00471334838539091,0.369201219249088,-0.035348845867784,3.23009471304216,0.394907573886955
"3275",0.00821747461080295,0.368721304071062,-0.0360119176642147,3.22213545906559,0.271444249190128
"3276",0.00491970408917987,0.367297973088733,-0.0363813604165193,3.21260641312715,-0.189933580365242
"3277",-0.00344239015850713,0.365759680026518,-0.036652127923033,3.20529897855451,0.217037524154962
"3278",0.00386151789221244,0.364394627939771,-0.0369851830730028,3.200010819376,-0.271370587159625
"3279",-0.00491836902537297,0.36332926843593,-0.0371985418448153,3.19647416928696,0.21715535135079
"3280",0.00371729671858484,0.362120797972587,-0.0375226431939261,3.19351417425844,0.257260990847041
"3281",0.00466264417991096,0.361140132150943,-0.0378699921162678,3.19155736441436,-0.692044284457377
"3282",-0.0125427343047293,0.363160505999161,-0.036866356097331,3.21287395749947,0.217627942259546
"3283",0.00466108084233346,0.362163513193611,-0.0372331735686252,3.20587266896852,0.460892777365524
"3284",0.00835330307510194,0.362180746216551,-0.0378814376093378,3.20445526520222,-0.20307324382105
"3285",-0.00368053576751102,0.361059484982639,-0.0381273727955105,3.19937650794905,0.338226663502139
"3286",0.00745651386334302,0.360907175677857,-0.0386783278133236,3.19837387311368,-0.691200149716581
"3287",-0.0125274350558099,0.362963331330716,-0.0376537338716214,3.2181659924966,-0.27236841024228
"3288",-0.00556382508944305,0.362077713387541,-0.037841625707963,3.20997269354677,0.23156041130829
"3289",0.00510714840803837,0.361227395619029,-0.0382136051188675,3.2038961637462,0.29887265828315
"3290",0.00541682147802579,0.36046452908129,-0.0385879894338741,3.19950260034971,-0.516797015844245
"3291",-0.00936652148538997,0.361053870719912,-0.0383190877821026,3.20288381871751,0.476094213572792
"3292",0.00865138883724566,0.361351315381047,-0.0390343805943577,3.20354574749075,-0.435197205300503
"3293",-0.00788759193427186,0.361349751345966,-0.0389713459169606,3.20232369354458,-1.20665114131165
"3294",-0.022516184244688,0.370580384655006,-0.0320970460979072,3.42557070168883,-0.248618912592596
"3295",-0.00317976510251621,0.368703186768669,-0.032429219116457,3.36147186878063,-1.18245795915967
"3296",-0.0228381380680039,0.377791408648743,-0.025453976108085,3.5497246243675,-0.168067266451821
"3297",-0.00304942131281276,0.375376966472169,-0.0258612839492026,3.45255673416528,1.03194333693369
"3298",0.0198218858765279,0.38135902962025,-0.0310066643964191,3.51282522134879,0.677499998996312
"3299",0.0122791310754456,0.381548966974358,-0.0323603620950409,3.44193173156217,0.220234087640364
"3300",0.00399156196815276,0.379016473868724,-0.032734198677429,3.37359010080949,-0.53767276424973
"3301",-0.00974487728073865,0.378407743604013,-0.032510591052972,3.33096209754608,1.05879297812726
"3302",0.0181867946173465,0.38294442072556,-0.0365374167495775,3.38634010553868,-0.232797092469028
"3303",-0.00421925611312864,0.380448382983258,-0.0367788494065823,3.33298290056258,0.287494208559913
"3304",0.0050024117199651,0.378240995126337,-0.0371500259410797,3.29403224087055,0.667622889874381
"3305",0.0121001165843248,0.378701895115581,-0.0384714950940077,3.28217878455481,0.474159257258239
"3306",0.00859374712787499,0.377559971587233,-0.0390959146303023,3.26028346840221,0.794242581321519
"3307",0.0143949945036093,0.379309888986093,-0.0410886476340471,3.27440224794797,-0.255085054742477
"3308",-0.00462320712503374,0.377143755269988,-0.0412660129671611,3.25097344837886,-0.728551522586113
"3309",-0.0135158923755562,0.378450693437167,-0.0400606940747045,3.26049938060623,-0.284765261251169
"3310",-0.00465302538349942,0.376253016780947,-0.0402674804564068,3.24061579057773,0.0271554652042094
"3311",-0.000435364454504105,0.373805346398802,-0.0405229465579071,3.22571341366446,-0.149446396947267
"3312",-0.00270859320972284,0.37168662692591,-0.0407636891781142,3.21482427110963,0.149446396947267
"3313",0.00328159168227579,0.369801659743825,-0.0410363234601971,3.20689514605967,-0.65377514258585
"3314",-0.0118491375373766,0.37082197569631,-0.0402427798151432,3.21844152274724,0.218400305211924
"3315",0.00357891760872074,0.369069426113037,-0.0405320460115639,3.20962235656702,-0.615470724905848
"3316",-0.0111549014249659,0.369805244648364,-0.0399117841290808,3.21679245466743,-0.329806537782956
"3317",-0.00682578188313988,0.368750691029622,-0.0399921342239258,3.2099053822439,-0.206682815566295
"3318",-0.00255542499584584,0.366968383623729,-0.0402417533260815,3.20321072525688,-0.262412967376863
"3319",-0.00606088418463973,0.365956009514481,-0.0403619093166062,3.19942246872145,0.193423657983099
"3320",0.00425565231940157,0.364654291880319,-0.0406684364455805,3.1958106799493,0.687760620210331
"3321",0.0124650964082709,0.366293666575201,-0.0421157877495689,3.21387740827362,-0.508487318387046
"3322",-0.00921591504343365,0.366452171268809,-0.0418248675568044,3.21313103630068,0.385038979549351
"3323",0.00733393585855852,0.365902671715407,-0.0423268682164739,3.20834735407279,-0.688613105332336
"3324",-0.0124805470009919,0.367571159020259,-0.0413034046553545,3.22449619031804,-0.84658058873639
"3325",-0.0165475107608186,0.37139145366452,-0.0388441678700607,3.27627728141428,0.708287107976369
"3326",0.0143813968814793,0.37385840907224,-0.0410525893021155,3.29189064698941,0.414308008738701
"3327",0.00750899240213442,0.372694215961249,-0.0415302926283538,3.26568142285658,0.385144905252605
"3328",0.0069804351020561,0.37149364308481,-0.0419671723455625,3.24598162650941,0.0960548958931662
"3329",0.00174091610163514,0.369442862869805,-0.0422065667030163,3.22965633577691,-0.26093539491156
"3330",-0.00472923973592457,0.367965319897716,-0.042374172848569,3.21811919840088,0.54854772766712
"3331",0.0102344512618131,0.368370561788903,-0.0432888575560586,3.21915913888515,-0.0820905778758041
"3332",-0.0014878243059622,0.3665498087692,-0.0435082534544995,3.20997682275749,0.614043001885978
"3333",0.0110867407803046,0.367417723859554,-0.0445852325306351,3.21672088259215,-0.027210884521639
"3334",-0.000493174934634707,0.365616795812984,-0.0447930822809634,3.20818113605318,0.393834962774975
"3335",0.0061149730872771,0.364730309457511,-0.0451428016676361,3.20316487126472,0.500237641541157
"3336",0.00906639642576456,0.364812413975108,-0.0457965594405718,3.20397846520617,0.0808843398101
"3337",0.00146596223166121,0.363225637151947,-0.0459926965930601,3.19883396899557,-0.148337968000101
"3338",-0.00268850384536815,0.361873904890133,-0.0461726235852555,3.19510565135741,0.8332261618546
"3339",0.0149421908415226,0.365223956216564,-0.0485076029733774,3.23813378915688,0.573832227839627
"3340",0.0104002378618396,0.365744887269422,-0.049325045704637,3.23326805577181,-0.654164271254559
"3341",-0.0118561901749196,0.367127710742959,-0.0483864007384908,3.2390122667749,-0.0267916947349511
"3342",0.000452375073678621,0.365346987935995,-0.0485528844777663,3.22453701820611,0.36108364207032
"3343",0.00574626822968888,0.364383073408726,-0.0488359005156444,3.21488068825457,0.106737835350651
"3344",0.00193453560578841,0.362862433463502,-0.0490011242067287,3.20684076407182,0.199826883252474
"3345",0.00362169814832466,0.36165331322898,-0.0491899177419448,3.20108086578754,0.398459817937924
"3346",0.00722175695941899,0.361343900684249,-0.0495808652747065,3.19908718005214,-0.30534374868903
"3347",-0.00553410467715883,0.360651919768721,-0.0496180662721727,3.19617951994294,0.0398803594517882
"3348",0.00101824896057333,0.359356728077172,-0.049771729368335,3.19311049731888,-1.28412679483245
"3349",-0.0232737435492238,0.369620436573339,-0.0417946573670853,3.46161283584627,0.228602264551298
"3350",0.00350539690932232,0.367976646238091,-0.042070720206562,3.38807293213523,-0.61978101925585
"3351",-0.0112330219701702,0.368828139787693,-0.0414115389583037,3.34819414474552,0.0270270271915451
"3352",-0.000837062576666335,0.366923476686721,-0.0416543053009855,3.30464726980405,0.256393096395974
"3353",0.00464691430575585,0.365608485390405,-0.0419577341608929,3.27311220248893,-0.60831549534055
"3354",-0.0110252187654275,0.366542487866596,-0.0413352458355956,3.26309409890519,-0.66662378692609
"3355",-0.0110307046395411,0.367279468059707,-0.0407856774224794,3.25437374998731,-0.437757197013411
"3356",-0.00824715971553333,0.366850030117499,-0.0407110664787517,3.2395010765771,0.519623759096999
"3357",0.00859652646797878,0.366700215630093,-0.0413788855864042,3.23006023077195,0.163532334073085
"3358",0.00296388925185505,0.365108012960552,-0.0416359848731734,3.21802337373247,-0.573537008474434
"3359",-0.0103948872532986,0.3657764567277,-0.0411599827361837,3.2197579115081,-0.494234943443483
"3360",-0.00845662381583312,0.365532118462601,-0.0410516218004352,3.21455888422368,0.178755633711064
"3361",0.00231675357475362,0.363986620961354,-0.0413079479155855,3.20662769674431,-0.620135660621463
"3362",-0.0112394495536678,0.36511952494799,-0.0406460384002335,3.21529883202695,-0.15217544611964
"3363",-0.00224083035578851,0.363562545899426,-0.0408920622380782,3.20715287288247,0.0553633232134199
"3364",0.00137989703717531,0.362073038835097,-0.0411425045494722,3.20116423205395,-0.443767196151285
"3365",-0.00804291598021727,0.362027297115043,-0.0410543884056523,3.20060572587629,-0.0695168606375918
"3366",-0.000391303913314707,0.360607385531407,-0.0413012261939267,3.1963567218325,-0.936218673673844
"3367",-0.017197357352446,0.365548256782855,-0.0382949016178374,3.27301066336886,0.238379135527611
"3368",0.00376841921232823,0.364224981008802,-0.0386146482013657,3.24972893777302,-0.238379135527611
"3369",-0.00432042605923452,0.363052792955092,-0.0388350124899197,3.23273221395253,-0.267097930634785
"3370",-0.005845065278984,0.362261833039095,-0.0389847655364249,3.22092569006377,-0.154962346991921
"3371",-0.0013843648443385,0.36085829721773,-0.0392530215109786,3.21126855338284,-1.30553862248893
"3372",-0.0249102914818728,0.37263901825467,-0.0296689504772125,3.55402751197663,0.683276679667805
"3373",0.0126818014943309,0.374103682827692,-0.0314207401724606,3.48112465492238,0.974102429626245
"3374",0.017654806541713,0.378240309677707,-0.0349773022713075,3.48043361475534,0.741832781243684
"3375",0.0134451099194809,0.379295243008409,-0.0366377274946429,3.42631695726247,-0.307262811572306
"3376",-0.00556888611586085,0.377340535460256,-0.0368166059959093,3.36291092100473,0.307262811572306
"3377",0.00439825344027788,0.375240360424343,-0.0371644529620129,3.31578717104672,-0.587414276494641
"3378",-0.0106464013392641,0.375300296757785,-0.0367101385560192,3.29203611884183,-0.379453761459514
"3379",-0.00738558765306604,0.374014755912404,-0.036780455212068,3.26569941688791,0.911072249088596
"3380",0.0177596916570357,0.3785083730678,-0.0405448620113502,3.33117344926139,0.222996608088244
"3381",0.00404163038251198,0.376188022983848,-0.0408279318858745,3.29231723459014,-0.824775766524938
"3382",-0.0149483834096153,0.378522114982232,-0.0390416635497862,3.30638955224544,-0.210777848006921
"3383",-0.00302231588682645,0.37606803685688,-0.0392982295257463,3.27402125653051,0.631005388948003
"3384",0.0100688751375637,0.375802028895792,-0.0401877613776055,3.25904680728644,0.82133126847096
"3385",0.0148859547112292,0.377963713715438,-0.0423560477677014,3.27855086697736,0.401245782191373
"3386",0.00727225027350059,0.376428318985085,-0.0427933455141532,3.25554694364032,-0.262703227473954
"3387",-0.00476128024926071,0.37447249831332,-0.042950801999745,3.2371494383941,0.15217544611964
"3388",0.00238856446623704,0.372280758130811,-0.0431859812541045,3.22320180551441,-0.0829760799924195
"3389",-0.00150387330459484,0.370168535090691,-0.0434071518725483,3.21294110642103,0.276319601069613
"3390",0.00488465809260242,0.36866945958472,-0.0437010644596295,3.20591223860054,0.0137959578062508
"3391",0.000250040405114634,0.366768327960556,-0.0439188382370738,3.20025027966039,0.151630051796398
"3392",0.0027481701605062,0.365163619471258,-0.0441471007108365,3.19614595538453,-0.95495847163477
"3393",-0.0173078380253614,0.369897379166459,-0.0410760691338189,3.2739522037477,0.651468102119374
"3394",0.0113741844669651,0.370800441723168,-0.042306086287273,3.26637534023192,-0.262848598452675
"3395",-0.00476391497886208,0.369267825424994,-0.0424638427371006,3.24514119226727,-0.820645818446974
"3396",-0.0158403449535121,0.372579945674126,-0.0402808038615,3.28269595701192,0.251081175286133
"3397",0.00650551856581397,0.371372696929163,-0.0407271041952809,3.25841076158039,-0.139411705278619
"3398",-0.00252672266435956,0.369423607117,-0.0409662221475018,3.23881228183263,0.570356974981218
"3399",0.0105445901978758,0.3698430430984,-0.0419470266646883,3.23533936874853,1.034991644292
"3400",0.0187583735514096,0.375158755491556,-0.0461274272558054,3.32505710642741,0
"3401",0,0.372790082461744,-0.0463185190264445,3.28767074488691,-1.076614953946
"3402",-0.0195127618551624,0.378655250446543,-0.0419847211695711,3.38415685540713,0.0554938970956154
"3403",0.000947288562523458,0.376067040974489,-0.0422226572118822,3.33103650978956,-0.389105549296664
"3404",-0.00705221852262028,0.374688802481733,-0.0422443961428376,3.29415591041895,0.389105549296664
"3405",0.00699084560276321,0.373425074325979,-0.0426961105747935,3.26717041987225,0.207828270163823
"3406",0.0037667167148418,0.371460020783089,-0.0429542075424462,3.24534694580414,-0.58301109058313
"3407",-0.0105665972107961,0.371752140270094,-0.0424440155545548,3.24019743185755,-0.600434674117167
"3408",-0.009991142481462,0.371661604819781,-0.0421002916259751,3.23333362515113,0.111982094568863
"3409",0.00135942339870322,0.3695937359338,-0.0423378843905183,3.22037508324517,-0.476792377091806
"3410",-0.00864147026237185,0.36921597577158,-0.0421692708827238,3.21576708548287,-1.17357303092393
"3411",-0.0207908614529039,0.376293387803539,-0.0369776944880919,3.36545312919833,-0.6420796832384
"3412",-0.0111759353033244,0.376310432683508,-0.0365133238724013,3.32872064341756,1.11033169170187
"3413",0.0191184349892559,0.381763191599469,-0.0411393591629575,3.40725812668224,0.873860388198539
"3414",0.0158380018660164,0.383997657268306,-0.0435691993720764,3.39492745938212,0.140232809406393
"3415",0.0025416045023322,0.381094795195265,-0.043795092452273,3.33895769294745,0.0560381073784699
"3416",0.00101564467415437,0.378314172056573,-0.0440123674898539,3.29787076773366,-0.900400005395408
"3417",-0.0163190106316774,0.381368457145822,-0.041630026984793,3.32685428559239,0.690094985717538
"3418",0.0122842350143968,0.381900287538549,-0.0430418665574942,3.30944537818676,0.280308522711653
"3419",0.00508036176684873,0.379541319347441,-0.0433341805864251,3.27666944370331,0.460798134358475
"3420",0.00835158774832607,0.378298176768704,-0.0438898876108969,3.256004969732,-0.181273144528032
"3421",-0.00328542687146192,0.375950139091029,-0.0440814098885738,3.23712074710352,-0.419581035133543
"3422",-0.00902797538859304,0.375225481768474,-0.0438613890531082,3.22858638605111,-0.140252477408553
"3423",-0.00201860450839081,0.372922419054795,-0.0440735509791299,3.21689702644855,0.364248091154457
"3424",0.00604081948913842,0.37149542276906,-0.0444238065130931,3.20947543424633,0.571709010306026
"3425",0.0103617562877653,0.371615710798984,-0.0452930835291067,3.21237427382126,-0.125217407665446
"3426",-0.0022694626773865,0.369628792839365,-0.0454842896701097,3.2050230459597,-0.13931459483672
"3427",-0.00236554644631633,0.367772153661905,-0.0456747269972839,3.19962323063445,0.236719458865786
"3428",0.00414120361022513,0.366306200673094,-0.0459163229394935,3.19590500084348,0.402526742406867
"3429",0.0072954666253999,0.365679776055691,-0.0463450285294446,3.19531392409601,0.19374487101198
"3430",0.00351146667140344,0.364236247594218,-0.0465579334200429,3.19258979297724,-0.986461629090285
"3431",-0.0178788068818332,0.369474362959824,-0.0431033296020298,3.28327510591225,0.972635151363443
"3432",0.0175187412154629,0.374258002710806,-0.0468324421760112,3.34521391756758,0.413964990226867
"3433",0.0075027754733161,0.373045617830307,-0.0472403145004608,3.3047209970343,-0.192970425146582
"3434",-0.00349743047611741,0.371106997240265,-0.047390033017473,3.27289824267502,0.660068403135211
"3435",0.0142528521072935,0.37337029851875,-0.0493656815530426,3.28563311801612,0.45128281716828
"3436",0.00817913043884129,0.372457486378741,-0.0498230419934353,3.26209824981038,0.557862525753211
"3437",0.0101108001268648,0.372384127820986,-0.0505763212535814,3.24991140766233,-0.735397567262591
"3438",-0.0133284769510832,0.374080822896487,-0.0492143989177503,3.2610866640792,-0.685779672960907
"3439",-0.0131228258682637,0.375302313922218,-0.048077179849505,3.26410519327645,0.76775808990342
"3440",0.014258239571081,0.377371880870736,-0.0500826904943909,3.28018981677549,0.476872625208297
"3441",0.00864292469357836,0.376329743231927,-0.0505826657101665,3.25887262150097,-0.914869492956066
"3442",-0.0165812582104448,0.37980816111712,-0.0479103483092104,3.30494364658779,-1.42297075342612
"3443",-0.0248021028585136,0.389816738766691,-0.0393745485574896,3.56969305939131,0.125147760198113
"3444",0.00106351913237806,0.386433746590723,-0.0396418222608153,3.467172165193,1.28410463117892
"3445",0.0232733418512058,0.39470110144059,-0.0471574466428635,3.62455744354442,1.1593937411877
"3446",0.0210130593906797,0.399897370852862,-0.0522158395492045,3.64450608769369,0.554467577794265
"3447",0.0100492694832575,0.397716697227774,-0.0528352830767675,3.52855183380992,-0.202497537977142
"3448",-0.00367010157189667,0.394028061634825,-0.0529211258376212,3.43714679949633,0.901331184344062
"3449",0.0156029393541004,0.395492746181756,-0.0551929681637698,3.41604087246664,0.400962846736036
"3450",0.00726712230073731,0.392683927950138,-0.0554742993695064,3.35623568794503,0.199880138503672
"3451",0.003622663356016,0.389303169223074,-0.0555866874368828,3.31066188364677,0
"3452",0,0.385908928937491,-0.0556738845556513,3.27710849169463,-0.333355865741358
"3453",-0.00604180129338875,0.383533345722547,-0.0556326500522216,3.2535521569923,0.253451746428096
"3454",0.00490548711059655,0.381089130289405,-0.0557929214963112,3.23571604456778,0.039960040491771
"3455",0.000724242916170458,0.37829755426955,-0.0558780041651951,3.22211843160337,-0.386950913136097
"3456",-0.00701316751173512,0.376745093378445,-0.0557554261350793,3.21416442542294,0.253688633286647
"3457",0.00526006666280941,0.374873947777728,-0.0559344526677816,3.20701009014433,0.571772051691299
"3458",0.0103628988610997,0.374756479611446,-0.0566712961247858,3.21045058220954,0.489386599372671
"3459",0.0088697301980311,0.374011052172405,-0.0571418275186547,3.2083858369529,-0.874641144286853
"3460",-0.0158521524289102,0.37715425940288,-0.0547246121419863,3.25789929296546,-0.453576017749302
"3461",-0.00840996162829314,0.376036307688692,-0.0545006794018667,3.24203017318739,-0.321414499282868
"3462",-0.00601923001252196,0.37433077042972,-0.0544784658517809,3.22774643475218,-0.484067100931296
"3463",-0.00970505318620368,0.373970020835006,-0.0540432354393219,3.22345909478198,0.537707976563734
"3464",0.0109629014982572,0.374312982758384,-0.0549847422617893,3.22620073156308,-0.147581699826022
"3465",-0.0026747971058088,0.372177942127311,-0.0550641966764107,3.21519440831809,-0.403606090736691
"3466",-0.00761649738814262,0.371235641245244,-0.0548926071592297,3.20987419914507,-0.283496646166842
"3467",-0.00429019070223442,0.369513500787547,-0.0549435771528927,3.20341349799292,-0.691856520825507
"3468",-0.0137738843365581,0.3715241304159,-0.0534529573546902,3.22903070568918,0.326175880376961
"3469",0.00620799216294656,0.37029924279765,-0.0537283694278531,3.21870965041575,1.07963261902229
"3470",0.0195674545563705,0.376296871954819,-0.0583640136535927,3.33374850831296,-1.06606501843164
"3471",-0.0193215529382469,0.382044024491268,-0.05384795868858,3.41979283945819,-1.8208457065601
"3472",-0.0320087564240992,0.400404633822601,-0.0353354117499078,4.17475227162056,-0.846345669361587
"3473",-0.0154564979401628,0.400894892322237,-0.0338445961010404,3.94740874605383,-0.783330344794719
"3474",-0.016285332335219,0.402088085221712,-0.0319325143954236,3.79281348086981,0.0701902183656677
"3475",0.00211075507355863,0.397891499115957,-0.0322871417603923,3.63090337807306,-0.478267897168277
"3476",-0.00866821285196636,0.395481523815509,-0.0322659469258358,3.51639154011863,-0.409749778517626
"3477",-0.00831223770272311,0.393048972030887,-0.0323071716795753,3.43141839333144,-0.240981050773936
"3478",-0.00389376011267986,0.389680443794919,-0.0326206245738951,3.36586240662987,0.67892764323842
"3479",0.0112134191660049,0.388955870146837,-0.0337785402127752,3.33029386835427,2.34059166407139
"3480",0.0424213016676098,0.423340430052273,-0.0770880078665259,5.78599205213409,-2.10123920907632
"3481",-0.03808323499238,0.449457490039502,-0.0474365885463713,6.60364464332385,-0.479279180773318
"3482",-0.00812759943684715,0.442883243370865,-0.0474241420038382,5.69507600071699,-1.73892637182414
"3483",-0.0307516894095083,0.455452422979182,-0.0341248553664728,5.55793453403779,-0.287977160861136
"3484",-0.0095991332070071,0.44900453554384,-0.0341145973597278,4.92983285713584,0.0288350636369339
"3485",0.00484592020309726,0.44182516172819,-0.0344959424195889,4.46552092665344,-1.20369809507471
"3486",-0.0218160394193108,0.444793985713268,-0.0298565058304627,4.26454387577145,1.23252484649947
"3487",0.024122551058977,0.450118468391703,-0.0371107234792592,4.19397571701366,0.445755285502064
"3488",0.00807894846695403,0.443561684455309,-0.03760565131836,3.92722392576148,0.842922342133584
"3489",0.0152772751893926,0.441091704618638,-0.0395152163071637,3.76114705615688,-1.08712270768875
"3490",-0.0197032062621096,0.442406855289838,-0.0360063072537259,3.70494555764188,1.34287732280046
"3491",0.0220669872934734,0.44582206246362,-0.0416182001405956,3.71986991717768,-0.198863701900415
"3492",-0.00360424127734476,0.438678760057602,-0.041828968618825,3.57751134654707,1.03261402729541
"3493",0.0170285369986456,0.437901920674821,-0.0444493494503606,3.52560993006084,-0.0422267583162383
"3494",-0.000765325315165169,0.431016374524139,-0.0446583077615169,3.43482367026932,-0.14088477957232
"3495",-0.00540507840407957,0.425220152351149,-0.0447888325499067,3.36875020882219,0.0704672004354923
"3496",0.00342772971356112,0.419490878639272,-0.0450165545187363,3.31983129682574,0.869692674824951
"3497",0.0157624654839131,0.419134098313574,-0.0471936253685962,3.32485475381732,0.501533511573249
"3498",0.00908988300584482,0.415223678218435,-0.0477215169986328,3.29158520605054,-0.320133894398927
"3499",-0.00580216392153632,0.410708409413113,-0.047785099295479,3.26398473018391,0.0278784501387408
"3500",0.000999305006824439,0.405791456161893,-0.0479587130533574,3.2428609979099,1.23278796533074
"3501",0.022343269427238,0.411761653389353,-0.0540942685564222,3.40656963136707,-0.801662897309069
"3502",-0.0145294816368452,0.411467010263835,-0.0524510477396481,3.38233294595969,-0.208376820554457
"3503",-0.00292386216647574,0.406619274777116,-0.052562806084275,3.32973103014893,0.499376818048708
"3504",0.00975625172006438,0.404010435236322,-0.0531876217669837,3.29775216051143,-0.485471513152497
"3505",-0.00879877247560984,0.401258613462746,-0.0529110082453325,3.27235961437975,-1.32971376264732
"3506",-0.0222065291592206,0.407295336325831,-0.0471855613329473,3.42332237378723,-0.650270880594239
"3507",-0.0117212531714842,0.405313152425572,-0.0465920451487616,3.37152462598312,-1.8320249041015
"3508",-0.0344433542348087,0.425580590021816,-0.0252394031461632,4.31460666380264,-0.797625866065937
"3509",-0.0144715795957023,0.423623522842242,-0.024334815320263,4.03785031011945,1.93228794972449
"3510",0.0359462971370748,0.445517137256248,-0.0486222132672969,4.9484889118478,0.598036810148578
"3511",0.0108389260378372,0.440254603374962,-0.0492785800655236,4.48528170369631,-1.6316377432148
"3512",-0.0295720940904207,0.451945056050188,-0.0369219518828698,4.6202580711863,0.259403517704671
"3513",0.00592741857508955,0.444904075007225,-0.0373373381130989,4.23901667588429,0.316137639357394
"3514",0.00572973508088896,0.438157125316066,-0.0377080040366336,3.95887218794055,-0.633277879220223
"3515",-0.0114776414725392,0.434069825026037,-0.0372494545736558,3.76385371749825,-0.535650936917148
"3516",-0.00679187346946017,0.428355233883511,-0.0373998254108065,3.61081468536561,0.852791176779977
"3517",0.0140839891051956,0.426411235949691,-0.0391041086564119,3.5237157362182,-0.360464668297006
"3518",-0.00653312607622611,0.421308603523527,-0.0392167110618664,3.43482039697862,-0.245860272808784
"3519",-0.00377125245237302,0.415881626314637,-0.039459049859611,3.36832677532655,-0.362660874745774
"3520",-0.00564312023285349,0.411222893070791,-0.0396339125048377,3.32008246245691,0.290233841812199
"3521",0.00338114910517428,0.406499909299209,-0.039918575090915,3.28412410889986,-1.268700939969
"3522",-0.0229941625985231,0.413120839547428,-0.0336258266265413,3.46076032579921,0.731104294688634
"3523",0.013015679263326,0.411825374159159,-0.03521901088804,3.40990013248977,-0.907367560065742
"3524",-0.0164452918378753,0.412695883275973,-0.0330963015397641,3.40415649023975,-0.397731981923921
"3525",-0.00891164368707465,0.409180879550553,-0.0330965680290008,3.34954791300174,0.910967216589231
"3526",0.0190685397541917,0.412181527780033,-0.0371954286744048,3.40266431020749,0.277514236382176
"3527",0.00502971762197374,0.407596919755817,-0.0375384843836355,3.34495026161462,-1.85490376388421
"3528",-0.0336186073547074,0.426949158763888,-0.017426786247022,4.22557861336994,0.385585528891713
"3529",0.00756219306603078,0.42224589176966,-0.0182042164543272,3.95131822044437,0.0591891109319176
"3530",0.00107275402575471,0.416487021076415,-0.0187025063575013,3.74717933940246,-0.192492840958453
"3531",-0.00348877465493048,0.411386900545121,-0.0191726493608,3.59749924560966,0.664748736375798
"3532",0.0151232203765232,0.41128015761039,-0.0214991428049305,3.52490496144793,0.294031379139564
"3533",0.0053290772695167,0.406837261451652,-0.0220286793622529,3.4347641411145,1.21107484448232
"3534",0.021949736944065,0.412290112140875,-0.0280571702061646,3.53184874248083,-0.145137906464698
"3535",-0.00263050535813432,0.407427153190661,-0.0284322668794512,3.4394592401407,0.637037046462602
"3536",0.0107194152751873,0.405177343806653,-0.0294828519024577,3.38122919997818,-0.0577450571841998
"3537",-0.00104658173752659,0.40066728516815,-0.0298557959995513,3.32888773635479,0.403516904347861
"3538",0.00576148909820831,0.39715863401331,-0.0303311955543923,3.29130755870833,-0.215967256932287
"3539",-0.00391422916576343,0.393538113545484,-0.0306599174353205,3.26310401323748,0.746700769816089
"3540",0.0124985673393906,0.393183997745639,-0.0321355691928748,3.26136012594929,-0.071556353679364
"3541",-0.00129690014378097,0.389558085491186,-0.0324784102708882,3.2409383315905,0
"3542",-0.000773332206042431,0.386157222473897,-0.0328192317861315,3.22595030717697,0.542548446795826
"3543",0.00983324502266417,0.385044441309526,-0.0337079269512847,3.22244352843162,-1.49192266602095
"3544",-0.027039873059246,0.397650211338366,-0.0223416778528931,3.65211997781608,0.34627072544624
"3545",0.00695556917407824,0.394826323397892,-0.0230221893125158,3.52995621241263,0.359428177906523
"3546",0.00651434053913097,0.391896877878268,-0.0236127458144001,3.43928099511885,-0.850333004354387
"3547",-0.0154115873560346,0.393423343655729,-0.0219358816075942,3.41646788137946,1.13694827651523
"3548",0.0233574217972475,0.401565157713664,-0.0298079439162081,3.59430352709383,-0.344037036586742
"3549",-0.00623538874290039,0.398222963694005,-0.0300175794506795,3.48667380091877,1.6096067187705
"3550",0.0282636254141253,0.411239696082267,-0.0429848570839489,3.89196541031031,0.39486724554163
"3551",0.00715664453518655,0.407193604770363,-0.0433646209324813,3.70499879040229,0.224940345092367
"3552",0.00407685901939047,0.40283508780677,-0.0436188825536603,3.56662018051641,-1.40000872537471
"3553",-0.0253740083706439,0.412179115940042,-0.0349062738816254,3.77191467311342,0
"3554",-0.00216130737649241,0.407191251068092,-0.0352180844233961,3.61555048576918,-1.28997058928809
"3555",-0.0233796575244342,0.414042295230359,-0.0287482470641234,3.71344770996171,-0.202166133838277
"3556",-0.0047934203669311,0.40926277817024,-0.0290868937018094,3.57289815601428,-0.667152583302261
"3557",-0.00999292213822276,0.40650313165398,-0.0289507601865597,3.47634917191282,0.0436458870680667
"3558",-0.00133808105358386,0.40189290415577,-0.0293297482829768,3.39867991800538,0.796816964917679
"3559",0.0144416530920411,0.402020389934452,-0.0313517438133211,3.37389707092331,-0.34692142340112
"3560",-0.00628766588506772,0.398614681303211,-0.0315524674526394,3.32485858190873,1.06583178064805
"3561",0.0201117051909712,0.403211764800634,-0.0364591112854306,3.41263496652512,-1.29778317487139
"3562",-0.0235212542219362,0.410896147346702,-0.0293813647450428,3.58976519950048,0.18850146957714
"3563",0.00207618928674324,0.406072425206826,-0.0297646948464431,3.48192324251458,-0.756147270057644
"3564",-0.0137045482732595,0.405465137182171,-0.0287459031312732,3.42846076656391,-0.175310490480318
"3565",-0.0059572350069583,0.401591981857474,-0.0290281158548882,3.36430884743484,-0.792722882912644
"3566",-0.0116026744909118,0.400107393151751,-0.0285801594227014,3.32933004119871,0.33840979842405
"3567",0.00425487299182909,0.396353797913827,-0.0290127880174591,3.29110089782754,-0.191134366796591
"3568",-0.00346415342641266,0.392715054879153,-0.029367262184051,3.2628748823981,-0.886923774077975
"3569",-0.0170611782588408,0.395194300169904,-0.0269771130620727,3.30635339477483,0.503555566414321
"3570",0.0103517806806972,0.393781265241424,-0.0280544249295494,3.2837727803727,-0.266272346673702
"3571",-0.00482596760356702,0.390595414500612,-0.0283734218392706,3.25786311242716,1.32432777191275
"3572",0.0238140255444177,0.399208388941761,-0.0365101454129153,3.49248482871697,0.67016567837001
"3573",0.0121462025375075,0.398004330454805,-0.0376900582814128,3.42455560483831,-2.30604329059246
"3574",-0.04179514077164,0.431372506709419,0.00295588841435501,5.69757843297416,0.267102102708527
"3575",0.0066656712087071,0.426102062772795,0.00202549979822088,5.03040498260398,-0.68401753686031
"3576",-0.0123972560966114,0.423364925997911,0.00228259793767128,4.55500582811288,0.268216521993958
"3577",0.00311402869319789,0.417742673691345,0.00154093585912536,4.19020636232641,0.104112450841043
"3578",0.00188695266768556,0.412361997271787,0.000822994248919895,3.92246645077207,-0.536593924278878
"3579",-0.00972532419227939,0.409317118492297,0.000602513803746627,3.73234723368999,-0.946024023636349
"3580",-0.015782091753721,0.409633637080008,0.00190906434908582,3.62856741532634,0.226056911878769
"3581",0.00327986781632381,0.405037936080128,0.00116626199452062,3.51048055864765,-1.76162490300238
"3582",-0.0319280046077951,0.422178537034737,0.0180487628289815,4.18180037815784,-1.12473260233102
"3583",-0.0203285706315599,0.424668151196304,0.0210439601040161,4.01769494018495,-0.310366481293545
"3584",-0.00456105767568617,0.41908784389464,0.0201518089853574,3.79608511159589,1.35846485502928
"3585",0.0221548968618589,0.424013494068993,0.0136162241470344,3.798675518383,-0.353275845491552
"3586",-0.00640283456679867,0.419088917847607,0.0129268772102645,3.63659630853633,-1.50378773645406
"3587",-0.027331205265109,0.429228520187174,0.0223819050703077,3.88729503703722,1.76502491921273
"3588",0.0326345848821184,0.446195013119321,0.0035206253514089,4.47697318287675,-0.245851383820717
"3589",-0.0044558544228584,0.43922473066822,0.00284386167647123,4.13325617031688,-0.215616901646531
"3590",-0.00357610462635993,0.432477849377683,0.00213508182699256,3.88076451691258,-1.30355663374548
"3591",-0.0204130997083699,0.434730648210303,0.00551851069812849,3.80429694295506,-0.532499300558936
"3592",-0.0134450413820556,0.431671275183635,0.00584058444776937,3.65767512362715,-1.02597380111089
"3593",-0.017056576364632,0.431199567869978,0.00740047324649059,3.58266242027702,-0.524935588614373
"3594",-0.0104592231007148,0.426956683825081,0.00713303721584723,3.48346535444362,0.0956480225956902
"3595",0.00292774325433014,0.421044324884024,0.00634176359488624,3.40396154118112,0.349928780804676
"3596",0.00634217176817279,0.416191633393094,0.00544806764923437,3.34661378260596,-1.63282001242107
"3597",-0.0295935217488292,0.42954712596455,0.0182219705332323,3.83770918055792,1.50571481577269
"3598",0.0272892960680703,0.439641934329274,0.00671993975174047,4.04978437338271,0.301611467632329
"3599",0.00546646014819412,0.43312968750954,0.00588983053271384,3.81980218764215,-0.620083074384314
"3600",-0.0112384964713065,0.429287659593101,0.00583566629947029,3.66114364998437,0.0797130373018207
"3601",0.0051734505214543,0.42361328414254,0.00499709969077852,3.53480721723389,1.61242823152871
"3602",0.029223937467191,0.435711157050708,-0.00817858782856804,3.91824381213282,-1.05620907800129
"3603",-0.0191429221122758,0.437157253115638,-0.00511855556142429,3.81663169011228,1.32243740845279
"3604",0.0251190949187652,0.444037977871146,-0.0136774868498155,3.90978632548744,1.59804812607444
"3605",0.0289633098656951,0.453898780321955,-0.0250748808121655,4.11464472912908,-0.741545187015363
"3606",-0.0134398975102833,0.449962396127301,-0.0242632692685697,3.888945448627,-0.59098150231201
"3607",-0.00693921447553875,0.443129573605241,-0.0245567785459015,3.70259313599819,-0.218613453711963
"3608",-0.00531427227769849,0.43641165450876,-0.0249192548806641,3.56511958982081,-0.0312695437194699
"3609",-0.00233002798384548,0.42971516997894,-0.0253380039828095,3.46382789275757,-0.721911484249305
"3610",-0.0112970082727222,0.426080528621159,-0.0250562335339442,3.39981359099934,-0.981331078738878
"3611",-0.0177273076680585,0.42652938633287,-0.0227984069024304,3.40420901430038,2.80736699023171
"3612",0.0506962565883343,0.475573979351021,-0.0892975679398376,7.76926259627198,0.185414144589641
"3613",0.00336047909672429,0.466065075839861,-0.0890205718906466,6.54854713753575,0.385178813787712
"3614",0.00698104966640706,0.458132133757288,-0.0888847882555429,5.65410410269506,-1.12890706374867
"3615",-0.0204605133997083,0.458736115196557,-0.084707254833676,5.09823533585398,2.86675567803943
"3616",0.0474857173997116,0.498830668896649,-0.133354257806428,7.54962919373884,1.27638942851963
"3617",0.0231335101392244,0.49802099328486,-0.136932692083899,6.50486216980885,-0.0895656127944511
"3618",-0.00162330317488556,0.486850361926688,-0.136122873060409,5.6208051973937,0.892066575837946
"3619",0.0203281150161664,0.485177816172227,-0.138766680766813,5.05821452943519,-0.23710740213379
"3620",-0.00429737693590027,0.475309013369718,-0.137898427137621,4.55958372006523,-0.879224798087541
"3621",-0.0155289985341727,0.470749883742143,-0.135521575500095,4.22345207624202,-0.149790321596194
"3622",-0.000879405563333617,0.461471251120067,-0.134730526902152,3.94685233513037,-0.99428357530898
"3623",-0.0195069486776175,0.460903231764392,-0.130675342636517,3.82440934996743,0.648911957885839
"3624",0.0120731124789989,0.455600273532925,-0.130787388468632,3.66739643461327,1.24076634754292
"3625",0.0224878710524757,0.457914295851866,-0.135024418938441,3.67959905940394,0.474285756422677
"3626",0.00859603982134122,0.450976881743417,-0.134484440046275,3.55035666495624,-0.207223283153335
"3627",-0.00375575182213076,0.44344514567525,-0.133677495102487,3.45311706129719,-1.50782882081226
"3628",-0.0279944337527423,0.452653498873388,-0.122687233710257,3.74905421953965,0.569973044475985
"3629",0.0095128350484328,0.446803143867169,-0.122495025824667,3.6046158779593,1.48458783641315
"3630",0.0269069352964361,0.454388643962167,-0.130712447772717,3.79677165430631,0.338360013879113
"3631",0.00613249736865882,0.446960954280188,-0.130055692664758,3.63436716530296,-0.294161118131958
"3632",-0.00533142868220377,0.440023085253019,-0.129250025209932,3.5151433115775,-1.37933221323358
"3633",-0.0257605283468827,0.446910778160041,-0.120503728385774,3.69329336820361,-0.0597550062596597
"3634",-0.00240641627981143,0.439428779659918,-0.119874371791312,3.55786604079993,0.432416986325129
"3635",0.00829126949680424,0.433879857781839,-0.119530745371804,3.46145918805331,0.696866931609325
"3636",0.0126301408236919,0.430559847796917,-0.119857838919791,3.40306029716306,0.398142529918494
"3637",0.00721600637464405,0.42521508500088,-0.119406259024336,3.34643144313427,-0.738555794338785
"3638",-0.013385717223101,0.423092709579162,-0.11755830382426,3.3252831877409,1.58850229439675
"3639",0.0287109879929412,0.435010991173227,-0.129185586826411,3.75420154191304,0.145815132281096
"3640",0.00264277951987535,0.428405561709752,-0.128468853612489,3.60256066545906,-2.3887894935464
"3641",-0.0432948477437019,0.461974615556433,-0.0875192993111397,5.77552857690025,-0.254015825788639
"3642",-0.00199955371127173,0.453354476808681,-0.0872548978753495,5.0856623564516,0.224165079298327
"3643",0.00142271118715045,0.445371744835976,-0.0869956020257621,4.5794865376405,-0.328947665039886
"3644",-0.00596190627597113,0.43868081997356,-0.0866376660186352,4.20885610341184,0.433386316830503
"3645",0.0110457515399514,0.434349674402196,-0.0870454934449458,3.94569666056693,-0.598266815848886
"3646",-0.0108430947022599,0.430279882889555,-0.0861351821091082,3.75241898280081,0.76216463991795
"3647",0.0130428720477552,0.427634071348353,-0.0870260480189979,3.62095322130842,0.133898703335045
"3648",0.00242680403176233,0.421568501714744,-0.0867730639924973,3.50479426548913,0.0445930888103185
"3649",0.000808213111988314,0.415852459504265,-0.0865178777983605,3.41954994583389,0.103973273384456
"3650",0.00188443019058636,0.41061159945682,-0.0862686467307393,3.35701159119975,0.621579624483393
"3651",0.0112656202127897,0.408347811422133,-0.0867649010510507,3.3223284513708,0.515047860667162
"3652",0.00933481948432353,0.405341685374935,-0.0869137887574502,3.29062006939574,-0.161586520652734
"3653",-0.00292862298163771,0.400990393517568,-0.0866408688586748,3.26246974536849,-1.01958770218599
"3654",-0.0180866371894477,0.403639133759805,-0.0831865967395142,3.31988322251813,1.4596646923125
"3655",0.026097036529924,0.41399842374607,-0.0929406117192776,3.63938312715648,-1.22231107249993
"3656",-0.0221533843489746,0.419661729555315,-0.0865919069139737,3.69995778231924,1.84972977913654
"3657",0.0333265775598064,0.438167370427452,-0.105894267316547,4.43562909853078,0.522270155662236
"3658",0.00946571764969833,0.432901595035053,-0.105761252774639,4.10634914080664,-0.347876854669621
"3659",-0.00630498229214799,0.427241827361119,-0.105165080559118,3.86204531688092,0.174089700141045
"3660",0.00746108218415484,0.422318545097149,-0.104923314732567,3.68381954798514,1.0525654093803
"3661",0.0190768836109344,0.424135627877925,-0.107899680298188,3.6366454354041,0.0573558948903985
"3662",0.00103952849055643,0.418231703318134,-0.107412341438951,3.51629335139016,-0.315865302100882
"3663",-0.00572479919177536,0.413443450731695,-0.106833118872857,3.42872606809486,0.473424598464389
"3664",0.00891823226947685,0.41002692842424,-0.106740094240007,3.36834031937705,-0.660542321286689
"3665",-0.011971787093689,0.408251823930608,-0.105322611882384,3.33474327816032,-0.462094685078895
"3666",-0.00788879252403093,0.404733435666824,-0.104623560633887,3.29724680302037,0.821626243715168
"3667",0.0157512850584304,0.405573991173049,-0.106332855258503,3.31354723962891,0.886099838104132
"3668",0.0160598318437355,0.406273304998607,-0.107968271632897,3.32394055650575,0.269982402003466
"3669",0.00489320930948418,0.402099974152434,-0.107532167273492,3.28717432601309,0.777444017601081
"3670",0.0140905343322321,0.401932655135515,-0.108540476072195,3.28811463974251,0.16882390053673
"3671",0.00305979454823555,0.397791293264744,-0.108057923503803,3.26061033047036,-0.154744351059055
"3672",-0.00280461427697988,0.393956196255082,-0.107555757685815,3.24043427581229,-0.62138316023379
"3673",-0.0103168459228189,0.392457639616082,-0.106465736328257,3.2340817797885,-0.0708566599474769
"3674",-0.00200618499764903,0.3889052139764,-0.105990589936586,3.22092763266264,1.14174191149395
"3675",0.0209418518135064,0.394861487030877,-0.110798647705745,3.36338305973331,-0.830347463126091
"3676",-0.0150493658346774,0.396107434532398,-0.108228186204866,3.35896745166915,-2.24375257808649
"3677",-0.0399899875566604,0.425634345008748,-0.0729140541396117,5.19653460628642,-0.550726029633114
"3678",-0.00944823480602963,0.42122371485934,-0.0724796430874605,4.66463171356438,1.11280865094074
"3679",0.0178760367203523,0.422419257407413,-0.0753605614146291,4.34158460054774,-0.489843941578738
"3680",-0.00887801914991738,0.418422913290121,-0.0748372642042034,4.03830335611293,0.158741645283206
"3681",0.00486972675948034,0.413458107039969,-0.0747781541102193,3.81143720164252,-0.274348594575086
"3682",-0.00497234296404791,0.408858861991692,-0.0745869690856528,3.64499934418262,0.706003941072497
"3683",0.0104434384424106,0.406400115457988,-0.0750848930743694,3.531171374178,0.286738547715615
"3684",0.00519690068929735,0.402300148316839,-0.0750250459749023,3.43935573626605,-1.18088929875866
"3685",-0.0214026487181258,0.407754036234829,-0.0695042419303962,3.52827723170925,-0.391901220073571
"3686",-0.00603366220080829,0.40370012644869,-0.0693427752979364,3.43750583596477,0.0436205023274183
"3687",-0.000162061944552402,0.39926437440074,-0.069278849928793,3.37017801427742,0.377249431737842
"3688",0.00683733612886922,0.396140530974923,-0.0693914105960659,3.32240880496614,-0.770520639938188
"3689",-0.013965053798013,0.396456160764254,-0.06777272815734,3.31555435158541,-0.717688909894981
"3690",-0.0133533779213382,0.396179546299691,-0.0664781009186226,3.30295789278145,0.0587803102890583
"3691",0.00100415429259189,0.392320670243125,-0.0664467219053478,3.27145764889375,-1.21195689779116
"3692",-0.0219657234358891,0.398945082054708,-0.0604235640811257,3.42861391366862,0.133739525097998
"3693",0.00319819500615701,0.395127205667042,-0.0604832010448143,3.36377857206545,-0.0891398068235905
"3694",-0.00161558579136273,0.391370887367192,-0.0605139909412834,3.3160878976056,0.489288543789407
"3695",0.00725216099649077,0.388950024773265,-0.0607655409205509,3.28326985052186,-0.474426390235988
"3696",-0.00859858869370999,0.387195579275043,-0.060415781297873,3.26157108932771,0.577907809774109
"3697",0.00927491998017629,0.385837608421633,-0.0609323118366309,3.24735676012051,-0.607634326045342
"3698",-0.0110128731313717,0.3853420058718,-0.0601526531550308,3.24313033012637,-2.17906285223205
"3699",-0.0406175363044445,0.416837076808916,-0.0219422891667064,5.36252438256328,0.0607533433024277
"3700",0.00259940762598635,0.411686605094805,-0.0224182070835112,4.7827112005943,0.0607164560243456
"3701",0.00110043590120142,0.406696551504454,-0.0228704019563572,4.35719969110145,-0.197463419520205
"3702",-0.00357886230920497,0.402318313165139,-0.0232921149215465,4.04510770072236,1.31411905453277
"3703",0.0263870680636625,0.412803493193267,-0.0337841065464039,4.17531164837155,0.224837087895741
"3704",0.00407498756750304,0.407983162788373,-0.0341351328487378,3.91164673739831,-0.962847817658002
"3705",-0.0174508259427964,0.409742764322274,-0.0315962151625658,3.7853842298345,0.587838002936603
"3706",0.0120311881085237,0.408099210591249,-0.0329414943366586,3.64187428818422,0.614280154685082
"3707",0.0111333233174871,0.405868837936976,-0.033968668504067,3.5302547342687,0.342951204696512
"3708",0.00621570893164442,0.402042232030225,-0.0344099172297937,3.43917418608474,-0.747052630155343
"3709",-0.0135397153941307,0.401674376830706,-0.0333466212540668,3.39693361423963,0.209737904601731
"3710",0.00273880271299593,0.397573742783668,-0.0336926100635824,3.34046725058163,0.0149644594368281
"3711",0.000271218537520621,0.393582155915473,-0.0340203388088417,3.2989776580881,-0.570229636372444
"3712",-0.0103349438501757,0.392142888531807,-0.0337241068097551,3.27730085891087,0.0601775255109294
"3713",0.00255304296061866,0.388702196964566,-0.0340630954187968,3.25267398942786,0.898344116043315
"3714",0.0162817493255984,0.390934675412192,-0.036833662176774,3.28918864991881,-0.388292005181801
"3715",-0.00703747370367289,0.388561194278709,-0.0369033863020125,3.26359988250079,0.358476858866702
"3716",0.00734068611680231,0.386401944201757,-0.0374341302109156,3.24502517248855,-0.328554656369362
"3717",-0.00595478331658176,0.384002521486991,-0.0375905892501405,3.23004155044103,1.4848082732926
"3718",0.0254107403543708,0.394785300411924,-0.0475520673962242,3.55958065309775,-0.502365122709897
"3719",-0.00910495527472427,0.39293250414924,-0.0472386194505662,3.46612938297769,-0.490015086963258
"3720",-0.00994062487120182,0.391299813809252,-0.0468919908342669,3.39820632437359,-0.702071746272254
"3721",-0.0107979271551729,0.390149018108896,-0.0463970912118279,3.35120320450716,-0.044980883883089
"3722",-0.0035157537984282,0.386926979333874,-0.0465644358572005,3.30694979497488,-0.465991072475963
"3723",-0.00699412041298128,0.384721914932916,-0.0465591129234858,3.27621528064617,0.195680050397495
"3724",0.0032631281309765,0.381902400448718,-0.0467681055928628,3.25193988459245,0.569802111463763
"3725",0.0103271953123166,0.381276705199727,-0.0475877840527159,3.24307613868666,1.38097079193047
"3726",0.0250289614621365,0.39153462807473,-0.0567855713953149,3.53871754521226,-1.08237397407428
"3727",-0.0196171393653115,0.396511673094912,-0.0522867603226565,3.57018881525678,-0.11933175640419
"3728",-0.00233548601354175,0.392678912980044,-0.052405902699196,3.46754343176957,0.327820290599351
"3729",0.00642333409028033,0.38992588160757,-0.0526802496773098,3.39356394188589,-0.133978434629944
"3730",-0.00242824909600194,0.386623662200094,-0.0527899995974197,3.3379691813321,0.401397996760122
