"","mu","h","sk","ku","y"
"1",0.000807585123556297,0.573468282033214,-0.176175983950163,5.0740331774485,0.958091161175811
"2",-0.0221197179069371,0.58507753924169,-0.147008723905612,4.80541460559559,0.238095350574175
"3",-0.00549697377772553,0.565559479831293,-0.126849502036296,4.5740318834995,1.81792584333533
"4",-0.0419709610732221,0.664424606418395,-0.0892539093340656,4.39867027337261,-1.78395845170439
"5",0.0411867464271035,0.748544465657149,-0.0958565178681881,4.23976592379562,0.963252061347231
"6",-0.021430609203955,0.747922637623471,-0.084644216980416,4.09099167928674,0.100857295488466
"7",-0.00148529743066623,0.7191974377191,-0.0773736395907234,3.96303731168818,-3.9408902902872
"8",0.0911939829527748,1.25405941003317,-0.224850737332601,4.15993140258235,-3.41305790936751
"9",0.0754191984542061,1.61011754038695,-0.229672896192465,4.07469267680991,-1.75123045300875
"10",0.0422962313339013,1.67520602304583,-0.197724404539546,3.95242649927169,-0.424159234355781
"11",0.0142477293355018,1.62188186090615,-0.167391951945807,3.84457801296954,2.19347123519428
"12",-0.0493572764226463,1.71790895305822,-0.136058953207777,3.75734015492582,-2.84240277916926
"13",0.0621549393172869,1.89909752005942,-0.130659771803507,3.68846825315838,-3.42479786696578
"14",0.0805533186290222,2.27551829185097,-0.139907474965443,3.64753877406456,1.98214989594345
"15",-0.0502276076038328,2.33897652315484,-0.117201600588168,3.58621434275549,-1.32980683046315
"16",0.0303283155922317,2.29891144729352,-0.104090431641737,3.53164718860809,1.85681727288685
"17",-0.0400898339277102,2.30801686073413,-0.0906572807258377,3.48572197633964,-0.640303505901152
"18",0.0122812460450107,2.22041640831566,-0.0822026358578066,3.44540808776526,-0.113421562253746
"19",0.00839951930684146,2.13297128937547,-0.0754602631630463,3.41092648928296,-1.14134775225282
"20",0.0248017219346261,2.08649544314363,-0.0706991539169003,3.38163148710286,-1.83420529773949
"21",0.0402198582464674,2.11238488248452,-0.0690779347107524,3.35784039055029,-1.59092032674745
"22",0.0363780996485023,2.1187256955402,-0.0670980373414534,3.33703056015929,0.49373063662258
"23",-0.00417756699416844,2.03131973234831,-0.0634372553982951,3.31823771372237,0.589276896715085
"24",-0.0137046232510627,1.95982759578093,-0.0604190687960776,3.30218588014457,-0.17641874613874
"25",0.00306852024530241,1.8790389025565,-0.0581347862496846,3.28843795734848,1.24782278086853
"26",-0.0341050123632209,1.87964591464871,-0.0544310583018123,3.27755235274174,3.93250405027906
"27",-0.0921909987127005,2.38709108604133,-0.0148922459271923,3.31590427580321,-0.317194034021318
"28",0.00775768311646226,2.28949252010986,-0.021979296117013,3.3001705186059,-1.88649246734454
"29",0.041368451484182,2.31082911482143,-0.030156772283452,3.28801862397442,-0.668771003137048
"30",0.0123881082954234,2.22643073690495,-0.0341809040893436,3.27633547889423,-1.46777451572779
"31",0.0412522785278763,2.25043720024743,-0.039955635283387,3.26770821782566,3.02763113828043
"32",-0.06780729131011,2.45919268274344,-0.0309593371117385,3.26800237661277,-1.75175842775045
"33",0.0401641706867179,2.45720347824863,-0.0365748114509301,3.26004575505028,-2.41069216744013
"34",0.0581646816368204,2.59084038347253,-0.0458049150614276,3.25703236979103,0.627699197102249
"35",-0.0181588997714676,2.50144658546275,-0.0463855932580563,3.24984925178562,-0.411482896652726
"36",0.00820822126363215,2.40087396653643,-0.0470022388988191,3.24368015169851,1.28757143600454
"37",-0.029907394407867,2.36032663822682,-0.046606791043652,3.23871334311415,-1.77964998036203
"38",0.0395455400568246,2.36394928100538,-0.0491591429383186,3.23509385927028,1.46903043338865
"39",-0.0331713650953815,2.33565546314506,-0.0480508899341314,3.23150434218864,-0.996588609761906
"40",0.0235609619268187,2.27331104380872,-0.0487196226835389,3.22810349940336,-0.275319741267332
"41",0.00508312919663245,2.18062205302209,-0.0488477615060584,3.22508193226222,-1.80829567185014
"42",0.0375825689656528,2.18601447895836,-0.0509962526836806,3.22347208188844,-0.261018118277245
"43",0.0124908477734812,2.10703133801389,-0.0507406071784436,3.22113591433175,-0.625191105639067
"44",0.0125171745813604,2.0304779173676,-0.0505312655628448,3.21913659386228,1.98303944409057
"45",-0.0420455617799186,2.06417349950907,-0.0471754151284648,3.21910471652353,-1.01665382782559
"46",0.0232294595970313,2.01191126184442,-0.0480736579429526,3.21751776678798,2.0427086069793
"47",-0.0432050173529567,2.05162184894005,-0.0449695049354834,3.21790721723445,-2.86757999766662
"48",0.0659748953777502,2.25220184980585,-0.0573815274193837,3.22607817035462,2.13858455172471
"49",-0.0447643530055351,2.28487009869878,-0.0527696988274745,3.22493078477445,1.14039773057437
"50",-0.0245833929149195,2.23396638992419,-0.0514576418158193,3.22255738532063,1.74423026633423
"51",-0.0411642952484171,2.25873886572888,-0.0483303943432525,3.22173274388846,1.26003958061378
"52",-0.0272930824124359,2.2185408178531,-0.047713316821725,3.21991927152769,0.473172076163708
"53",-0.0134480339883712,2.1394904384167,-0.047937886360065,3.21810051568404,0.132087952028592
"54",-0.00116736738527746,2.05058182800826,-0.0482203117381484,3.21652677799161,2.71594074459685
"55",-0.0617000091692015,2.22332376911609,-0.0385620900816698,3.22310242822181,2.21424654377171
"56",-0.0495858177415052,2.30681371193958,-0.0358334486306572,3.22394710018182,1.0357235443211
"57",-0.0228030682803189,2.2493622105759,-0.0381225978185268,3.22166867803925,1.42872171860293
"58",-0.0325688546450291,2.2297176104573,-0.0390986715013555,3.22012234081978,-1.32218761761792
"59",0.0306419659442199,2.19725283135758,-0.0421893526762721,3.2186242310196,0.953733827677061
"60",-0.0217131941851966,2.13557620162318,-0.0433034362073917,3.21706718993136,1.60421923318287
"61",-0.0350882822623588,2.13244173566546,-0.0427572213444733,3.21645015548763,-1.90348888705125
"62",0.0448579268495543,2.17504643378583,-0.0474918826896326,3.21701472447546,-0.93880770997653
"63",0.0211551893294559,2.11779411077785,-0.0482865157050719,3.21571579353129,-0.213789498852568
"64",0.00272218409091718,2.03037201261173,-0.0484986692434206,3.21448737745999,1.01145392498833
"65",-0.0206037900271535,1.97459122206456,-0.0482962247944983,3.21353584395854,3.81064463477725
"66",-0.0865655305405446,2.40557734008186,-0.0191809796517116,3.24639909967086,-1.83522859400627
"67",0.0406951599197992,2.406414779502,-0.0272959952996385,3.24161720730958,0.449050840934284
"68",-0.0095430922494991,2.31084814794722,-0.0318041859742834,3.23664079697828,-0.726395445822536
"69",0.0165823365807191,2.23252013433789,-0.0355598066746928,3.23241351461197,0.415728989539399
"70",-0.00629241254068277,2.14181248485583,-0.0383812866507919,3.22876804245631,1.08313618018374
"71",-0.0216528907423536,2.08482523884914,-0.0402222215598145,3.22576273762355,-0.102651848192803
"72",0.000754753656538535,1.99813273823779,-0.0420921303101437,3.2230796302578,1.37698733292788
"73",-0.0320297474011561,1.98455847307606,-0.0421442265665993,3.22138850359258,-1.61691889618698
"74",0.0366909516312227,1.98969537724421,-0.0456694995173165,3.22031191757276,-0.775130915687705
"75",0.0131490279927474,1.92036699257819,-0.046539264551263,3.2184402411766,-0.69408572939218
"76",0.0166401259541549,1.8602053999422,-0.0473350926997131,3.21686859200658,-1.54416123140757
"77",0.0382348137527094,1.88417711596936,-0.0505427462870067,3.21694805836144,-2.37999960601211
"78",0.0553141565062976,2.0199512520203,-0.0587562039987673,3.22198687397969,1.3311943295272
"79",-0.0302284660764502,1.99280164490734,-0.0557701383099777,3.22024550983921,-0.68137254829228
"80",0.0150488396717332,1.92402014696755,-0.0545709814460998,3.21838571407996,0.859912142228458
"81",-0.0171275861808009,1.86332745008831,-0.0532704542528274,3.21681982104315,2.4144269139563
"82",-0.0571015753599009,2.01000894375195,-0.0432351597009902,3.22265365803679,-2.04052814310176
"83",0.0450155872877591,2.05581578993249,-0.0480979051565276,3.22249124367069,-1.81122139499171
"84",0.0401552895376027,2.08526151356804,-0.051273771478837,3.22184514540459,2.14831033300728
"85",-0.0523857260430327,2.17782115117563,-0.0452866156050649,3.22342902916477,-0.390417532293375
"86",0.00977049348676633,2.09207217716875,-0.0461387068809765,3.22108640401631,2.04160558231112
"87",-0.0431067392658565,2.12955319853462,-0.0435762663879721,3.22085281788391,0.815481226022674
"88",-0.0206231263948324,2.07256654611732,-0.0443549981811328,3.21899109213372,1.33884595137371
"89",-0.0325043792493016,2.06003960378515,-0.043891207688798,3.21792035208873,0.662760519273253
"90",-0.0134105932498238,1.98798923711558,-0.0448877847062951,3.21639443846513,0.506843457045869
"91",-0.0120452456265685,1.91580644512358,-0.0457148241703728,3.21508123765836,1.985549504092
"92",-0.0440441031839768,1.96940348532134,-0.0424033633225345,3.21635702205258,-0.812810313833445
"93",0.0194832894882678,1.91077579018476,-0.0441056749926216,3.21510450219264,0.961386486439575
"94",-0.0249793608356084,1.87232800470423,-0.0444871582809106,3.21419204811451,-2.37033297396971
"95",0.0553078390104692,1.99760560218607,-0.0533754268917411,3.21905689507884,0.236207297271585
"96",-0.00370660049302732,1.91507314026066,-0.052538679220878,3.21734470658113,-1.7338527162273
"97",0.0417774380728665,1.95338447307227,-0.0552486732010225,3.21777055584525,2.08712081009064
"98",-0.0448768013501948,2.00291075109276,-0.0502003162027358,3.21848038588313,1.26816316615862
"99",-0.0284323134581542,1.97854143663297,-0.0489035254163752,3.21728293429072,0.545681387122099
"100",-0.0146844459108479,1.91236541988874,-0.0488273502156152,3.21586002882419,1.35945095848018
"101",-0.0311781357290024,1.90036348586951,-0.0474662485735576,3.21522970398852,1.0196738020515
"102",-0.0250674700578682,1.86664972880827,-0.0470381743206565,3.21435255151918,-0.209559196541692
"103",0.0066750420216269,1.79188634237032,-0.0475167875953442,3.21332236625337,0.418680160711032
"104",-0.00782748725143346,1.7218202672461,-0.0478627322693134,3.21244290321033,-1.13123378287276
"105",0.0265973681205498,1.69803755718743,-0.0491674855637726,3.2120651720372,1.48413758191879
"106",-0.0288525336013562,1.68202265402514,-0.0479414227116615,3.21187123448052,2.60781273550376
"107",-0.0593098776782937,1.85624599436129,-0.0360207112446988,3.22169265861285,1.11698337867769
"108",-0.0259725414488028,1.8300282221428,-0.0377577721311803,3.21997097194987,0.84492399112368
"109",-0.0191385123906629,1.78070588774011,-0.0397514313298711,3.21823040552228,-3.04418599126979
"110",0.0692863640041984,2.02801589282842,-0.058660984746744,3.23289173655001,-0.347551692657633
"111",0.0082070838779038,1.95028217420761,-0.0567777510377041,3.229181623669,-1.0819516841643
"112",0.0257921045046439,1.91509470062295,-0.0560362052814587,3.22627838902434,-0.43286640735849
"113",0.0135236991292516,1.84922060577002,-0.0547837194969896,3.22354548466371,0.592712988708299
"114",-0.0141187905970177,1.78559888986143,-0.0535287349192641,3.22120777984294,1.15920313532746
"115",-0.0294420566616627,1.77181128364887,-0.0512969954013684,3.21974921970563,1.79931319117924
"116",-0.0418471283844541,1.82106741591434,-0.0468647398624029,3.22032724047598,-1.45258313537707
"117",0.0325839584150068,1.81343655258342,-0.0489550549682827,3.21912252301732,-1.04381779621205
"118",0.0194967793014294,1.76621352400183,-0.0494478381792173,3.21751810730991,-0.55799267934748
"119",0.0151216496664826,1.70968571515493,-0.0496182253504162,3.2160719351118,1.46011164054587
"120",-0.0302312961409358,1.69963585580869,-0.0480823340388823,3.21541776600052,0.643897002843297
"121",-0.0132822409380418,1.64279748345455,-0.0481830193754683,3.21426278451774,0.546406792288934
"122",-0.0138934751519312,1.58883208335315,-0.0482473505147507,3.2132792538302,-2.37900152275487
"123",0.0540060000734078,1.71866961640163,-0.0579988708727826,3.21995322033539,1.80128112444835
"124",-0.0404662565399452,1.7519147017193,-0.0529080209276642,3.2199489752485,0.0156580286861996
"125",0.000923553729447701,1.67958761058795,-0.0521680602328179,3.21810760776101,0.624319180969707
"126",-0.0138471325977369,1.62332396117689,-0.0514305254404235,3.21656255896973,0.403727256455344
"127",-0.00884006715233772,1.56222768140735,-0.0509486852599216,3.21521761944684,1.12490592174261
"128",-0.0280647935755759,1.55219124947392,-0.0491843256155864,3.21466163469626,-1.01648803766183
"129",0.0250532636652565,1.5288099150801,-0.0501379192045079,3.21392363035291,-0.745808304720402
"130",0.0171499134446417,1.4873913580987,-0.050331551456965,3.21305160441856,-2.17571249788202
"131",0.0464074097618518,1.57478787266702,-0.0570952730421754,3.21718533820071,0.365921973811933
"132",-0.00133547223480683,1.51011102239267,-0.0554938614622772,3.21574410119575,1.12121190354763
"133",-0.0248956940057584,1.49028680033604,-0.0531921489078124,3.21489994500446,-1.50307394274758
"134",0.0338072688069699,1.50402305303578,-0.0548828743139919,3.21504961293957,-0.319336052944535
"135",0.00395879510519045,1.4439166540532,-0.0537437448485658,3.21391810651783,1.14486860284231
"136",-0.026952904058953,1.43373402811109,-0.0514535511922335,3.21352284217194,-0.825532549897773
"137",0.019381350893289,1.39896560171073,-0.0514872780595804,3.21275009681528,0.983510465849613
"138",-0.0235238303175838,1.3779260281687,-0.0501232680134679,3.21228345694168,1.13013288837823
"139",-0.0274145596997627,1.37466008579223,-0.0482892443290229,3.21229020479566,1.02485369064885
"140",-0.0239421330604161,1.35950459417203,-0.0473633081029516,3.21200055004036,-0.0772737848512672
"141",0.00279164871419692,1.30445490900163,-0.0477649431565816,3.21131001868825,-0.263178416475585
"142",0.00304202693490002,1.252095371598,-0.048085558375455,3.21071955961716,1.76696615292963
"143",-0.0393492559494019,1.30579658167808,-0.0430008035310579,3.21369809453099,-0.0609384540490976
"144",0.00240154136426812,1.25287671702997,-0.0442993449450953,3.21276176136138,0.319513394682974
"145",-0.00921461959279934,1.20776975011872,-0.0452628563256266,3.21197127420685,-0.472022193497135
"146",0.010829698829445,1.16656160047848,-0.0462069942359234,3.21130493497575,0.0610314330814876
"147",0.000611890075211111,1.11955106422452,-0.0468457086426,3.21071508730734,0.0152520399899103
"148",0.00120299181946057,1.07461969407171,-0.0473531444606817,3.21021064324136,-0.0915471531742984
"149",0.00205994228120593,1.03182254004078,-0.0477570047897667,3.20977926834074,-0.997170186461316
"150",0.0222388488731723,1.02420428271006,-0.0493798711437954,3.20994194790704,0.614819028600266
"151",-0.0122321422075521,0.992585620116068,-0.0491741933496213,3.20959068671624,1.35455993957901
"152",-0.0312193889791322,1.02021964501323,-0.0453019078138063,3.21154237919979,1.00775463676459
"153",-0.0232528889892695,1.01838654951494,-0.0444769776788004,3.21164629122593,0.819737804395793
"154",-0.0190060866875118,1.00357887492412,-0.0445754296619445,3.21132971882543,-0.356877702190822
"155",0.00736171824169857,0.966797811078237,-0.0455904654416136,3.21074151452972,-0.074510099565217
"156",0.00191063704211482,0.928652688020461,-0.0463571255819731,3.21023328620601,0.1191895254332
"157",-0.00276102207682803,0.89236074235702,-0.0469621254303681,3.20979874018624,0.59382597302593
"158",-0.0128228936168537,0.868378578839,-0.0471321855189826,3.20950642328126,-1.22116186163714
"159",0.028914761832025,0.88963889235293,-0.0511544759164155,3.21121798707268,0.597551822866094
"160",-0.0135400642334502,0.865749560802175,-0.0504616332426075,3.21072032261696,1.12560430127616
"161",-0.0260527173891048,0.878734977646993,-0.0474177542062239,3.21169426522828,-0.147383961830055
"162",0.00350759421989315,0.844669713083997,-0.0478109907433345,3.21104825976218,-1.30643188277267
"163",0.0266414245386855,0.859848444808356,-0.0511525739885392,3.21213537977039,1.08494784981738
"164",-0.0254929168756654,0.867928082889826,-0.0483910584791406,3.21261399243065,-0.162733965937539
"165",0.00428299422692102,0.834681568889063,-0.0485880738695215,3.21183518063026,0.236616496080772
"166",-0.00349795997649764,0.802728268858957,-0.0487305081504523,3.2111690005437,0.79447232651943
"167",-0.0184719179381546,0.794675267335558,-0.0477544436079159,3.21102067847864,0.394881683138409
"168",-0.0102665438940337,0.77140771071152,-0.0478617847047969,3.21051948470285,-0.277717053449328
"169",0.00736660167598914,0.744844726306802,-0.0482259917750588,3.21005331884889,-0.410678195265346
"170",0.00724013465207911,0.719704560627737,-0.0485273733220606,3.20965715392236,1.13986328416734
"171",-0.0269188635173831,0.740383393301645,-0.044819741190627,3.21157449763979,-0.582922081987575
"172",0.0141573056629366,0.724122503906838,-0.0462241185032111,3.21108612490796,0.175233689700416
"173",-0.00525146699057093,0.697801082161109,-0.0468353325750471,3.21053053003634,-1.49936661587611
"174",0.0343718745000897,0.750395936726096,-0.0558497016346647,3.2165372845339,-0.11855365941017
"175",0.00529343832063889,0.723807011138583,-0.0545473537536121,3.21519546897156,0.620844566248402
"176",-0.0158309284692646,0.712563795308676,-0.0526934306450493,3.21430900773017,1.28845120656038
"177",-0.0302598664483147,0.748598295437794,-0.0461054752851096,3.21725925682474,0.724745888632067
"178",-0.016578186045225,0.739786832729535,-0.0457826264087215,3.2161720884275,0.748204929271568
"179",-0.0185936195196623,0.735527154081869,-0.045183496757632,3.21542118332737,0
"180",-0.000104339948560689,0.70709083298359,-0.0460326844293035,3.21423536809396,0.799547377619741
"181",-0.0179129634745934,0.701592453356529,-0.0455139511042766,3.2136939739059,0.595493040041295
"182",-0.0126143385402283,0.686092480750529,-0.0458309237011881,3.21289250468074,-0.851793906530252
"183",0.0203034577291881,0.686884755542903,-0.0482870584195907,3.2128545741003,0.54031128176375
"184",-0.0128373845658331,0.670886080651055,-0.0480876613675533,3.21215417325337,1.18411307420844
"185",-0.0273379488641378,0.696921986458041,-0.0436009222146872,3.21441414532924,-0.505761123043857
"186",0.0123803356688422,0.679478594746947,-0.0451196877828495,3.21346414997891,-0.0845427695839562
"187",5.45760430571384e-05,0.653450128844011,-0.0459820413814768,3.21256168162131,0.618326871653846
"188",-0.0161006528617596,0.646085121202581,-0.0456922636602348,3.2121508513034,1.99729246852731
"189",-0.0456365164476914,0.764799726033193,-0.0232981917522564,3.23606640812683,-1.29925808319291
"190",0.0310384804426526,0.79595123543346,-0.0336232636311417,3.23506235103058,-0.894360349389733
"191",0.0182514193628164,0.789245814473198,-0.0380365572193167,3.2315015985785,0.894360349389733
"192",-0.0210892208806055,0.787391226479878,-0.0388025494613516,3.22865967496435,-0.139217619589704
"193",0.00375835005207992,0.757421539083278,-0.0409707118862958,3.22555756125122,-0.12546178546804
"194",0.000707512178959822,0.728063599946675,-0.0426867257025912,3.22290416173477,0.87494482191402
"195",-0.0219225280570628,0.732419259354926,-0.0419616961414422,3.22163169644771,-1.42043886636708
"196",0.032006935224391,0.771278910892144,-0.0496267911667537,3.22375814335814,0.461765320610968
"197",-0.00957707552173239,0.746568512709077,-0.0494361270146356,3.22138880242149,1.86714503819417
"198",-0.0432298248071663,0.845457281098641,-0.0337191733515745,3.23401205031731,0.709997521048938
"199",-0.016502330670357,0.832991415144113,-0.036076274144794,3.23043564723204,0.569802111463769
"200",-0.0123851349192099,0.811362583049262,-0.0384614722844103,3.22716380260483,0.270197408373035
"201",-0.00748826164632927,0.783725421423496,-0.040614296978939,3.22429057426267,-0.894436102563773
"202",0.0210564988702219,0.782716106053595,-0.0440232497300982,3.22253110435811,0.570111493951797
"203",-0.0121469171361626,0.761429383343261,-0.0448286513952031,3.22038512726829,-0.0677002259965143
"204",0.00218788804922577,0.732102062314712,-0.0457521604445716,3.21848066432475,0.755637113217589
"205",-0.0138433070948316,0.716674082851941,-0.0459675356192693,3.21700681282097,0.563004168106351
"206",-0.0127604315559936,0.700615278090031,-0.0462003486628131,3.21572217789026,-0.92661644671545
"207",0.0206058525943887,0.701597017165799,-0.0486033816334035,3.21528830378778,2.02998423730977
"208",-0.0482741207222712,0.829284622578509,-0.0258206375200588,3.23845170319149,-0.836380580871177
"209",0.0192501683197128,0.819049493264891,-0.0316279668875733,3.23429233853977,1.00809979617372
"210",-0.0225071955792694,0.819943896475849,-0.0334783455584517,3.23118465127751,0.0659674144906697
"211",-0.00102750398683414,0.788006574818767,-0.0367350660586756,3.22771655701434,-0.502447176298676
"212",0.0107846161642901,0.765125466295421,-0.0395421857991357,3.22480011259997,-1.11971311154869
"213",0.0242898328363008,0.776159511773349,-0.0442761256467108,3.22367744172246,-0.187843876514426
"214",0.00505215476185334,0.748083021902965,-0.0453439266573128,3.22130003215616,-3.44296301770929
"215",0.0787323075281286,1.14000167339544,-0.139642205823396,3.37773346265751,1.43529927408236
"216",-0.0293040167095388,1.14523619817625,-0.118953270659714,3.35405509324553,-1.57440070143574
"217",0.0359064207290807,1.18312422994394,-0.109027779291757,3.33549205148916,0.222469502211103
"218",0.00112974571843171,1.13560823338324,-0.0967429360065106,3.3169219172161,0.388134670797247
"219",-0.00912629619746677,1.09549017241376,-0.0869079134627603,3.30105261898959,-0.0830449874716088
"220",-0.00111289431054969,1.05161568544625,-0.0791728537220462,3.28746874589686,-0.0831140094943394
"221",-0.000648870112260081,1.00954720210145,-0.073029353975128,3.27585159510204,0.470068610626079
"222",-0.00995825988299064,0.975997813366331,-0.0680291350699786,3.26593869349456,2.66755065839419
"223",-0.0613906891426673,1.19423503231679,-0.0342370462056179,3.29216597752249,-0.457666702741188
"224",0.0109078790183897,1.15207766915787,-0.0374191104824,3.27988179333317,-0.0944860703351147
"225",-0.00166113612806456,1.10577648912557,-0.0398654275624558,3.26936311840966,-0.908912178667187
"226",0.0200403901236269,1.08842586257707,-0.0426578946118479,3.26066772193509,1.32667439261073
"227",-0.0267966424202494,1.09168777213676,-0.0420423695298076,3.25386232036315,0.723572766993047
"228",-0.0143575953435466,1.06304365104812,-0.0431744638672808,3.24720768819396,-0.428151577249902
"229",0.00948205906613078,1.0261200138343,-0.0445232577286351,3.24143392967586,-0.0804829017287068
"230",-0.000453334203255936,0.985124942733856,-0.0455083055694828,3.23648188415113,-1.99234075366791
"231",0.0484543486223333,1.10478024101218,-0.060637172523745,3.24526760450089,-0.866163385921348
"232",0.017857784656454,1.08476618821529,-0.059033183179198,3.24000427033128,0.975617494536468
"233",-0.0224660185842774,1.07416418474378,-0.0558616779440275,3.23572044940915,-0.782487347597854
"234",0.0176886843208375,1.05105087961393,-0.0550750668564776,3.23176844869834,0.659343047983191
"235",-0.0141353030574355,1.02173301160493,-0.0535931011405767,3.22828955134623,-3.00189299898876
"236",0.0675520673080131,1.28689072605395,-0.0890087668862567,3.27012869962182,0.30990305123697
"237",-0.00620725392245967,1.23609841139186,-0.0808332598275734,3.26102275640714,0.951854891026604
"238",-0.0211170912578944,1.21663786296788,-0.0734854174537363,3.25354135364239,1.21851410735947
"239",-0.0288208479890955,1.22557060352951,-0.0661973152472333,3.24798003841605,-0.330852245556085
"240",0.00821877075890383,1.1798253537927,-0.0627625183768812,3.24208519319189,-0.248859522876504
"241",0.00674646217516984,1.13544923297452,-0.0600273065819617,3.23704267031715,-0.834033191621891
"242",0.0168910110681054,1.10940512665725,-0.0583278571760955,3.23287668750595,-0.19561274925492
"243",0.0079083276683671,1.06947350464,-0.0565332041410519,3.22917243362193,-1.29506314528379
"244",0.0263455815772353,1.07424849361508,-0.0571301533705596,3.22698912236765,2.26932276516565
"245",-0.047753224389193,1.18165086186769,-0.0439093688043475,3.2339503732123,0.855059684850679
"246",-0.0199600245698268,1.16397348823838,-0.0441231569113931,3.23040521725702,-0.467998101256345
"247",0.0100707639633832,1.12327674866,-0.045277718903753,3.22706439614783,0.330578813449944
"248",-0.0139135154777457,1.09075612201374,-0.0458421587956426,3.22425653290377,-0.800777439383032
"249",0.0173479775179614,1.06659498106139,-0.0470905182639907,3.22195358240446,-0.277623720791503
"250",0.00757546672217826,1.02815609798217,-0.0476042366185275,3.21983014194349,-1.39979889220022
"251",0.0321335800311794,1.0577397017772,-0.0519468399270315,3.22037087532576,0.281531717483341
"252",-0.00598707401901537,1.01723870723164,-0.0513882569525326,3.21846997567146,-0.96045936072176
"253",0.0224653380382648,1.01037289699988,-0.052299491359808,3.21739373997456,-0.783647238919771
"254",0.017729894023269,0.992599371355802,-0.0524230167593009,3.21617156811771,0.769453782079538
"255",-0.0212162393343044,0.982357670182216,-0.05065893919211,3.21531357042621,0.241015215555118
"256",-0.00679635882684773,0.946842058432865,-0.0503326668589542,3.2141500362584,0
"257",0.000247778137482732,0.909265791139667,-0.0501225377677554,3.21314826246233,0.198047879134411
"258",-0.00541769398822265,0.875293877813859,-0.0499330809920116,3.21229391020443,1.29178993750905
"259",-0.0305136083496588,0.904359556544039,-0.0454715977727037,3.21419985955626,0.8888947417246
"260",-0.0198449589289339,0.897205757848971,-0.0450165898326791,3.21369111563815,0.0276510440030908
"261",-0.000426268100616089,0.86182439842681,-0.0459000447958495,3.21275578795756,-0.0276510440030908
"262",0.000638387366427689,0.827944033916484,-0.0466018839674705,3.21195587951553,1.50956619847671
"263",-0.0328975392090438,0.868704457298167,-0.0413359802600792,3.21518503275994,-0.0681245342785242
"264",0.00270972396237729,0.834757867261987,-0.0429778833820284,3.21403345198981,0.557255944262669
"265",-0.0130803913980194,0.813492168342486,-0.0439239699943336,3.21314311560018,-0.720944427135284
"266",0.0166689809911722,0.79980727578766,-0.0457696074534414,3.21253591770585,0.612455129811412
"267",-0.0113391678160919,0.776701179112316,-0.0462714949657589,3.21181948841844,0.635695655317586
"268",-0.0133479026015623,0.759008424408326,-0.0464424862256588,3.21128562239195,-0.473005814661431
"269",0.0108604602884511,0.737077995707987,-0.0472519379798357,3.21074795078101,0.257052160752258
"270",-0.00765519045542125,0.712267299655095,-0.0475964576322184,3.21025143889791,0.269869277266716
"271",-0.00686505578557793,0.688172839591012,-0.0478775807411335,3.20982523986014,-0.554018037561538
"272",0.0133297952511874,0.673506467993967,-0.0486664013441246,3.20959543623632,0.351684387903989
"273",-0.00843242826904263,0.652197000324176,-0.0486793542036311,3.20927513543027,-0.949674753725721
"274",0.0215091100600599,0.658095789545257,-0.0510777558143731,3.21009244144532,-1.64929521938412
"275",0.0405378035117444,0.746981128135967,-0.0666832597046073,3.22469841736873,-1.1849305714156
"276",0.026091139719871,0.767485085581447,-0.0668823837906593,3.22436342013468,-0.492023203888814
"277",0.0118598351591475,0.748164676913672,-0.0636226336875245,3.22197686320988,0.618153134421456
"278",-0.0123990504252068,0.729117288214189,-0.0603384478423018,3.21993048940019,-0.900400005395408
"279",0.0199519703566897,0.72712158885416,-0.0595771085637658,3.21873731568093,-0.226372479238823
"280",0.00366982417365222,0.700183859051917,-0.057479129644558,3.21707264025356,-0.155928871341215
"281",0.00317024468079072,0.673971118547243,-0.0558060103517804,3.21564824543124,-0.526279573275035
"282",0.0128011799358582,0.659394163856203,-0.0549457044699546,3.21456832177522,1.09213198138923
"283",-0.0263447271695445,0.680164892644896,-0.0497133822631148,3.21593567417434,0.618761642302068
"284",-0.0150779713198392,0.670757589328352,-0.0487816799972549,3.21497563489346,-2.08237569112609
"285",0.0478771563942661,0.798038056957077,-0.0730060239628975,3.23987804895043,-1.44177814683082
"286",0.0323535511397554,0.842676911073094,-0.0746141066458982,3.23966633315896,0.116110317834162
"287",-0.00376667158021177,0.810213640892896,-0.0694041278788959,3.23497047601695,-0.991261761015838
"288",0.0238467301969239,0.816754048433456,-0.06753970140955,3.23206810357945,1.81466836338336
"289",-0.04229534134803,0.902772337744096,-0.0516295017345178,3.23891664831096,-0.100755676029984
"290",0.000493460220933916,0.867113539047179,-0.0511525565239109,3.23432906504514,0.58870153508761
"291",-0.0105245251139984,0.840460994755598,-0.050596189116805,3.23044296735197,-0.157604445546572
"292",0.0037408473452796,0.808304358468155,-0.0503386983628793,3.22708272374465,-0.0430261749197691
"293",0.000643327831992812,0.77674344189413,-0.0501273942674603,3.22420850447699,1.31112039225235
"294",-0.0300235771983322,0.807476351992736,-0.0450887946527027,3.22483431693217,-0.525233658315
"295",0.0120375401762278,0.784628076556841,-0.0462057585862062,3.22234391107224,-1.00129573515987
"296",0.0219545051652508,0.787517035155555,-0.0487955406368947,3.22106630231074,0.544804214914751
"297",-0.0115627414524584,0.765092753127535,-0.048663055609414,3.21911843712405,0.314061642869778
"298",-0.00728869641284197,0.739225961175777,-0.0487168920229089,3.21741009216894,-0.988334335913804
"299",0.0239718772297779,0.7489716403928,-0.0514575272479798,3.21728428489417,-0.10081371920308
"300",-0.000411518959463644,0.719937085288013,-0.0510159793646193,3.21582872198646,-0.491117555091247
"301",0.0117069817873828,0.701418204761321,-0.0509885673899565,3.21466678031544,1.09448097150437
"302",-0.0223444062608356,0.707424014604579,-0.0483843222308348,3.21469743593081,0.20031484735113
"303",-0.00434831679624114,0.681783323724914,-0.0485511630969508,3.21361897393867,-0.372333238392319
"304",0.00772632101458052,0.659584749504019,-0.0488047471581997,3.21271078279932,-0.488998529419171
"305",0.0109286962622736,0.642759386512913,-0.049224574919072,3.21199765411069,-1.08720357694869
"306",0.0257614893628648,0.664123435910096,-0.0534574794793325,3.2138507237082,1.46135856804934
"307",-0.0342730400520328,0.715539726190514,-0.0438960111848075,3.21958444114273,0.48717677671084
"308",-0.0110712875745578,0.697473964752427,-0.0446698144546099,3.21788459047827,0.541697689543513
"309",-0.0128340188949521,0.682260905882579,-0.0451496454606138,3.216480570563,-0.455971151931678
"310",0.0100967619759941,0.662607243763507,-0.0462119275465552,3.21518684515419,-0.0857265376118355
"311",0.00193770181288325,0.6376182115868,-0.0468519044710587,3.21403507404744,0.313972000466772
"312",-0.00797167921450197,0.617642942960597,-0.0472371683184266,3.21307222753202,0.142389316382741
"313",-0.00285861399993737,0.594902488036771,-0.0476567206490358,3.21222701868289,1.34268146713661
"314",-0.0305221094607679,0.635861352812638,-0.0403013064219173,3.21717889099001,0.210364007175173
"315",-0.00525803608488713,0.614114825557527,-0.0421033558051782,3.21574576064501,0.181958199829024
"316",-0.00427636827542568,0.592209270674265,-0.0435644487658903,3.21451522703821,-0.95546602947732
"317",0.022335439828503,0.603416741059304,-0.04772365433063,3.21506012237206,-0.127145598819672
"318",0.0031806449835176,0.581588572436285,-0.0480635748984233,3.2139277589094,-0.339847395911164
"319",0.00831083497565725,0.56453680214697,-0.0484842290459562,3.21299168646504,-0.22720827723865
"320",0.00711787989854524,0.547079362851077,-0.0487679966679486,3.21217817694426,0.198835458208763
"321",-0.00578479788366798,0.528896644409676,-0.0488256308989006,3.21146954670846,-0.227272825100244
"322",0.00440619842539469,0.510596013853557,-0.0489505671747194,3.21085859839819,0.877819596855417
"323",-0.0217556157390251,0.523594398105811,-0.0455911228464069,3.21226824721388,0.225288746371938
"324",-0.00550040632942834,0.506726161776638,-0.0462860403311462,3.21154979205988,-0.366352389456231
"325",0.00825811213520869,0.492622714532164,-0.0470923192254854,3.21096355092903,-0.0564812214958854
"326",0.000878912240179067,0.474729328069236,-0.0475492683099777,3.21042314165724,-0.282885620047768
"327",0.0071041472779006,0.460967255950603,-0.0480481825574863,3.20998719121507,-0.283688133519966
"328",0.00749724733253262,0.448336587020466,-0.0484853244061856,3.2096253293545,0.227014853453922
"329",-0.0051482313104741,0.433953093682387,-0.0486046372752959,3.20928565402613,0.113314459716873
"330",-0.00293855197707983,0.419147546623706,-0.0487376825728162,3.20898922965569,0.226244440396939
"331",-0.00527307804744814,0.406279442644562,-0.0487864190125266,3.20874528479531,1.13757283191744
"332",-0.0265124310246095,0.440062184699348,-0.0398922645902557,3.2155207677033,-0.349724074709445
"333",0.00782450125664321,0.427881869840108,-0.0419886299037019,3.21435259331606,-0.505761123043857
"334",0.0118891412896411,0.422568382065671,-0.0442702689201282,3.21358745163624,0.78563815992031
"335",-0.0195777695547254,0.432848411978821,-0.0420765425267381,3.21445113070553,-0.392047547796459
"336",0.00925043049930019,0.422698686427766,-0.0438600640020446,3.21347914935134,-0.661554949887133
"337",0.0160766795344989,0.425712382674674,-0.0469224477703066,3.21347881028119,0.211610433764153
"338",-0.00669140436383865,0.413334071717544,-0.0473017602464239,3.21259441992326,0.11267606825906
"339",-0.00304650790830851,0.39947936475585,-0.0476999551876269,3.2118192844538,-0.056322164259931
"340",0.00199177144710677,0.385778932722814,-0.0480349243475065,3.21115516223568,-0.0986401827319905
"341",-0.000439907322341688,0.372430422416295,-0.0482974817349014,3.2105869987072,1.07972723915792
"342",-0.024875289961483,0.401574672706643,-0.0401397459014733,3.21644498506909,0.750316150315539
"343",-0.0171365183694916,0.408770263931434,-0.039333029191374,3.2165108048983,-1.40798311184675
"344",0.032605665911135,0.464659107592146,-0.0571627024112082,3.22994708226274,0.601863388654528
"345",-0.0155868360655303,0.462793156908414,-0.0542758395886393,3.22717270789487,1.02735875148628
"346",-0.0238057320384175,0.485646426098685,-0.0477238138066876,3.22793871357063,0.385994413629981
"347",-0.0079612848111369,0.472880757861805,-0.047825652272587,3.22499160129496,0.480407210404787
"348",-0.0104309365124,0.46339027607435,-0.0476774933948809,3.22255039836372,-1.30937023319359
"349",0.0289906195315796,0.502640681930289,-0.057308614944261,3.22763216174875,0.746375268610722
"350",-0.0154447830206141,0.499017834551328,-0.0545464433698787,3.2251112182323,-1.6382429417946
"351",0.0387267578027072,0.580447168125476,-0.0732424134487055,3.24249378777937,0
"352",0.000148677117293219,0.558759081931089,-0.0683193436700169,3.23738829978445,0.725247251408873
"353",-0.0163211756849403,0.555960549441769,-0.0631252502984484,3.23354301794359,-0.459642845597247
"354",0.009459516214995,0.540840931580866,-0.0605063040559817,3.22978396725832,-0.167668056605541
"355",0.00108479584546636,0.520903776169906,-0.0582038236051246,3.22651867272699,-0.434448164237444
"356",0.00904399965752013,0.507280566921388,-0.0566191506476463,3.22378331794214,-0.690581280178071
"357",0.0156554029232945,0.505715892773105,-0.0564791706616502,3.22195152894267,-1.40997849643291
"358",0.0344560651884627,0.569252683814068,-0.0694855055541899,3.23300405345614,-1.53204326222742
"359",0.0333884491893181,0.627087249659241,-0.0768106032041905,3.23894065554439,-0.760237579672546
"360",0.0198932710365305,0.632221671739391,-0.0733455494585906,3.23541343509228,-2.01607777173122
"361",0.0482700713573048,0.7689878078707,-0.0968019139924512,3.263698982735,1.63378058505171
"362",-0.038606217026593,0.834252690008645,-0.0773889832950209,3.26318933548987,-1.03658561818789
"363",0.0226910088763487,0.833709663864508,-0.0732900466914462,3.25583196517592,-0.507388045695362
"364",0.0133113946144115,0.813975325277299,-0.0687861064306475,3.24891625834301,-0.419790721423985
"365",0.00503344959438631,0.784064710842015,-0.0648051184356326,3.24288370866156,2.49271066704705
"366",-0.0547125745819444,0.955318749753705,-0.0326955285437031,3.27088181702727,-0.499486861877318
"367",0.0129696948393666,0.926654159746505,-0.0363259104834102,3.26171340306067,0.117750970331937
"368",-0.00163747212460471,0.89006993730699,-0.0389970811945867,3.25382522243985,-0.353669687834418
"369",0.00771871478771277,0.858937825508374,-0.0411856228317729,3.24708919588611,0.7354055793798
"370",-0.00952755743676953,0.831073201693348,-0.0427306607497405,3.24134211931076,0.292654584056906
"371",-0.00456274500900738,0.800042084627682,-0.0440666870624105,3.2364051045818,-2.00715120689847
"372",0.045900057763191,0.910784180777255,-0.0617049747557674,3.24794637097819,-1.68374392636099
"373",0.0376957960643776,0.976451974881765,-0.067418288519602,3.24829117154565,0.755176523505008
"374",-0.0142079072157819,0.949640767337739,-0.0633897029870747,3.2424224578625,1.31541508064802
"375",-0.0297221190495601,0.973079116745576,-0.0568753528553019,3.2394018755998,1.69333354768854
"376",-0.0388368965331367,1.04012599013721,-0.0473832894420782,3.24065654830953,0.756367242269673
"377",-0.0192289700741969,1.02594481659284,-0.0468317762319072,3.23616498233672,0.793826785357177
"378",-0.0198091758663053,1.01272434570299,-0.0463554858920662,3.23234255784641,0.344432028224445
"379",-0.00728736189956845,0.97636458224937,-0.0469073485398652,3.22871484589601,-0.200774483047161
"380",0.00579304299602459,0.939655432479147,-0.0474246750628099,3.2256067296003,1.01407710406024
"381",-0.0227399696236375,0.93698752038695,-0.0462478759748928,3.22362484901168,0.411260595254165
"382",-0.00882920370871189,0.905760095227117,-0.0467667681953196,3.22127128271188,0.31086643658263
"383",-0.00647840734184577,0.872979613948711,-0.0472475483203203,3.21924404231052,-0.594313338373387
"384",0.0140242149966295,0.851624095586094,-0.0480761657448016,3.21761630686929,1.26923153586623
"385",-0.0299712896313262,0.8776659431088,-0.0442390013073063,3.21855678446437,-0.844361898016938
"386",0.0203865154084618,0.869335146659286,-0.0464288627846711,3.21736510030345,0.900400005395408
"387",-0.0202547981207979,0.86160334218329,-0.0458430823992001,3.21636294848348,-1.04182274145395
"388",0.0243264480983135,0.866244889805364,-0.0486519258629022,3.21604226720924,-2.03009116229906
"389",0.0506406160227666,1.00964024423767,-0.0693309316147508,3.23578198810156,-0.9140433605209
"390",0.0180880645110862,0.994459564959836,-0.0660808129013426,3.23195778505579,0.726114140050349
"391",-0.0145215505938627,0.968294812665065,-0.0622817285168983,3.22846953589986,-0.318840849819862
"392",0.00815361631797309,0.933930415203685,-0.0596751877717862,3.22540367084977,-0.538535614918517
"393",0.0131169099047539,0.908896065347614,-0.0578650056621591,3.22285498621934,1.36253738600087
"394",-0.0357599435102374,0.958073009297002,-0.0497577187732275,3.22498271833285,1.25895797299085
"395",-0.0298703702127619,0.983803460501446,-0.0458603767533554,3.22463172462325,0.764767925098903
"396",-0.0170173520251715,0.965858427433937,-0.0458683402495439,3.22234540704569,0.281769698962508
"397",-0.00678590982191255,0.930949823055836,-0.0465285743244743,3.22016360648761,0.224845513501037
"398",-0.00566504025298883,0.896353559673347,-0.0470739632499623,3.21829420480579,0.838696557248331
"399",-0.0181640421939555,0.883616069070691,-0.04664396190495,3.2170123253038,0.416725148144875
"400",-0.0085130315629932,0.854170147108299,-0.0470868455881635,3.21561484494709,0.193879024863475
"401",-0.00380306124958097,0.821676448017308,-0.0475344841423151,3.21440179497958,-1.70228751311467
"402",0.039549174271713,0.89492840463289,-0.0580796261343121,3.22160402579286,-0.663609918550029
"403",0.015284799034789,0.877355549850731,-0.05689508375926,3.21972023960019,1.75529325865635
"404",-0.0410854246428993,0.955105742002354,-0.0451881231012796,3.22611699508567,-0.937004268276448
"405",0.0219996417994159,0.947174418728663,-0.0472695274585361,3.22387652040648,2.01689846750099
"406",-0.0478088086599864,1.06105881714652,-0.0335241944545524,3.23426862265182,0.151358818025954
"407",-0.00499265902906459,1.02106818283526,-0.0367465187989984,3.23035681413446,0.739729400542327
"408",-0.0176623870005432,1.00168444220467,-0.0386595855687049,3.22722837044694,-0.0819224513321226
"409",0.00343621300818644,0.962361318636809,-0.0408543955273373,3.22433325521176,-1.51392927298832
"410",0.0353494485437717,1.009094528593,-0.0484062601234092,3.22576024122481,0.373728720692829
"411",-0.00803006250135503,0.972353921655573,-0.0485467567890609,3.22308359755317,0.331034785059331
"412",-0.00750948041784193,0.937684626845908,-0.0486454138104825,3.22079689472788,0.959305698531454
"413",-0.0214967169776091,0.932295618342307,-0.0473995965107217,3.21940819333132,0.136295509718393
"414",-0.00321879300644453,0.896281099405065,-0.047785864134909,3.21764562527016,-0.738212511698527
"415",0.0157108978889027,0.877440110549117,-0.0486556283374379,3.2163084892011,0
"416",-0.000397617464803214,0.842859042434279,-0.0487905188209062,3.21499420591362,0.615554915400518
"417",-0.0139201418951485,0.822906573844792,-0.0484667121559583,3.21399179320432,-0.615554915400518
"418",0.0150557800555686,0.805377676410128,-0.0491692024026371,3.21317262614323,-0.951272080063326
"419",0.0232187822713926,0.811507188898689,-0.0514327500361099,3.21340339507239,-1.28260506372903
"420",0.0286509316377922,0.837446294996226,-0.0551928709950022,3.21503806991353,-0.0701803664147627
"421",0.00364218267710356,0.805845388893828,-0.0539956780376842,3.21390884531257,-0.902685960250776
"422",0.0203771907725461,0.802699102226707,-0.0544930724792657,3.21356127889075,-0.127596246133982
"423",0.00270779982880055,0.772027965103339,-0.0534325248219923,3.21264511109194,1.00219626321459
"424",-0.023680719887031,0.779762544405036,-0.0501882734072888,3.21305902993685,-0.0140459302148177
"425",-0.000804547851324985,0.749521182557757,-0.050007408370331,3.21221522900111,-0.874723410304301
"426",0.0180211425520496,0.742403368618587,-0.0509736069211818,3.21192256151988,0.155752243875679
"427",-0.00521696347951107,0.715211413954613,-0.0506102722192943,3.21124550191469,-0.226628992182609
"428",0.00511994836716985,0.689324949042351,-0.0503685222799225,3.21066706049548,-0.340909421077312
"429",0.0104683957552,0.670451447851335,-0.0504068155833929,3.21023021754921,-0.213660077007732
"430",0.00296279210540432,0.645500000276203,-0.0501888274854918,3.20979650907746,0.156728677804213
"431",-0.00218472120789065,0.621233571944666,-0.0500060354961672,3.20942516689966,1.18880539595893
"432",-0.0273092031087173,0.648389966041339,-0.0447023386704244,3.21243864251442,-1.11764620986366
"433",0.0256039519807349,0.665919743937642,-0.0493313846794473,3.21380743728271,-0.513479947203843
"434",0.0106192173420246,0.648976966679757,-0.0496471323108661,3.212936980249,1.53259704782266
"435",-0.0356107631391164,0.708934292196761,-0.0391389104850271,3.2206326003181,0.491677607775176
"436",-0.0112135600256352,0.691433811192757,-0.0408713003349479,3.21878804918994,1.00391250283285
"437",-0.0221313316218935,0.698822152676486,-0.0401987956573583,3.21832090199701,0.110926245428578
"438",-0.00354463383072755,0.673064447119495,-0.0420594343057023,3.21671652449695,-0.319245187510331
"439",0.006918585218308,0.650469483218065,-0.0436227749171476,3.21535422916998,0.291525159612804
"440",-0.00659838515918531,0.628492012934764,-0.0447303035984447,3.21418742694194,0.428799329129842
"441",-0.00946708064653601,0.61092121285209,-0.045452331405914,3.21322997433816,0.564312281372636
"442",-0.0121448842748851,0.598192766581706,-0.0457579183791755,3.21250504337634,0.219358464707298
"443",-0.00496676306152529,0.577529113819147,-0.0464504312388963,3.21174629872231,0.410004674401349
"444",-0.00974686233284433,0.562477406764688,-0.0467693893094666,3.21115760467782,-0.643089033029032
"445",0.0151037493409803,0.556479053709229,-0.0482557337662353,3.21094448629403,-0.605812124048455
"446",0.013273931978094,0.54831586233931,-0.0492243027368357,3.2106619840768,0.206939440615184
"447",-0.00548624584983171,0.52975754615474,-0.0491999657046541,3.21017071800526,0.467483320773121
"448",-0.0105998588357884,0.517973532777304,-0.0488279332549693,3.20985331534977,0.901276072150797
"449",-0.0204471639646773,0.527895498275907,-0.0459951037972604,3.21104128884829,-0.435967992981035
"450",0.00949932727842483,0.513919301769222,-0.0469140004372228,3.21054428735452,-0.630052762229627
"451",0.0136997611857346,0.508145916236184,-0.0483103364540486,3.21039064208101,0.875518588467439
"452",-0.0207522280155352,0.517779407589377,-0.0456091216536897,3.21148293249639,-0.190865770281334
"453",0.00481800679505754,0.499997268892703,-0.0463978257157044,3.21087034583027,0.788368905854236
"454",-0.0176644872434865,0.502568344064757,-0.0451097187049967,3.21121470192649,-0.298305305954
"455",0.00650335917306694,0.486683730724247,-0.0460525492106235,3.21065045830861,-0.163087831744563
"456",0.00522750999821678,0.470927141696332,-0.0467794914359569,3.21016346853846,1.27045903971393
"457",-0.0303408112419183,0.515722353980087,-0.0367632075438617,3.21836751088788,-0.795527690392445
"458",0.0181985873385218,0.517483790287766,-0.0411296446239752,3.21756382988135,1.25110934397851
"459",-0.0290745302840443,0.55402844339548,-0.0350146924178211,3.2218438891207,0.692781880852006
"460",-0.0162569892376909,0.552808232947922,-0.0365045012803797,3.22034199734899,-0.34579100820768
"461",0.00783983866672553,0.536011840965161,-0.0392641169768891,3.21846703535476,0.690390421446813
"462",-0.0176014327758684,0.536713885744557,-0.0396689479976832,3.2175756756066,-0.730366436370561
"463",0.0161620238815196,0.533646371210593,-0.0428800092227142,3.21656874631248,0.783276490514945
"464",-0.0166051847904043,0.531742960429966,-0.0428494813036718,3.21577608898129,0.395935583888563
"465",-0.00853135284101732,0.51746399176365,-0.0439534366346231,3.21459013848828,-0.435615499758707
"466",0.0097528433497282,0.504603130559094,-0.0453449551503859,3.21359609228676,0.0132283881401962
"467",-0.000135577632857154,0.486115712978623,-0.0461609557096101,3.21267452072546,0.171809994024397
"468",-0.00460942613847183,0.469866159142668,-0.0467733532800532,3.21189077292355,-1.85252182566253
"469",0.0434590555746849,0.580120875896838,-0.0785095704311663,3.24792555488217,1.38928229698834
"470",-0.0315709501138486,0.621632864027613,-0.0645268141964799,3.24798575663371,-0.986543129990108
"471",0.0223932080391205,0.62986903223535,-0.0639562634364757,3.24339301727188,0.0535762134433571
"472",0.00300384606638827,0.606813337545137,-0.060954103878199,3.23815821585672,0.653989651585568
"473",-0.0149476302821634,0.598900373158726,-0.0576991225077504,3.23398576804506,-0.520174564040987
"474",0.0103789971688469,0.583158364946115,-0.056242413123718,3.23017693587632,0.0267415431463858
"475",-0.00132204304787781,0.561358956787623,-0.054816111482404,3.22685473240728,0.851975334477045
"476",-0.0205380560865462,0.569063776819133,-0.0511307943510962,3.22531668830625,1.5781495337403
"477",-0.0363880257057277,0.639788845360827,-0.0363596176034957,3.23577994588483,0.0521784514838752
"478",-0.000629077357392088,0.615611842995894,-0.0390234204540365,3.23164653296341,0.546236239184
"479",-0.0130689178958378,0.603921336113588,-0.0405678611515377,3.2282889397757,1.97771952696273
"480",-0.0456366269941121,0.72402087689472,-0.0168795270084526,3.25325601164111,1.03732745475418
"481",-0.0231992385555267,0.735884564207779,-0.020694647818106,3.24810662522461,0.113200439734301
"482",-0.00122454910590971,0.70762328994747,-0.0265809274168008,3.24218852068384,-1.17596347900816
"483",0.0271957195256821,0.730341238503464,-0.0354135965302536,3.23962328406711,-1.2800994052954
"484",0.0312354504280479,0.770845769221109,-0.0446679274884621,3.23936719947129,0.693288179376697
"485",-0.0145133799483511,0.753744411791495,-0.04514489397163,3.2348541065394,-0.525945667518377
"486",0.0130556138744681,0.73545754398861,-0.0463901550310013,3.23096045394199,-0.528726488019249
"487",0.0129642605169567,0.718919092996743,-0.047447810415681,3.22765616145465,-0.142330359797849
"488",0.00200606014986059,0.691540186422368,-0.047833667207957,3.22469904196629,-0.506264468081663
"489",0.0118111091260241,0.674502097970509,-0.0484953537820283,3.22226478053625,0.389661487972581
"490",-0.010030224301024,0.655126504868561,-0.0484562936962245,3.22013383643384,1.04456427237038
"491",-0.0245790354021386,0.67181661738318,-0.0450784208392254,3.22029134887479,-0.0641642627082856
"492",0.0010160421572598,0.646124652454715,-0.0459492758853153,3.21840041136362,-1.03226723074188
"493",0.0248558153429089,0.663434326437234,-0.050299455319391,3.21888888225349,-1.38437629490554
"494",0.0297335808643669,0.700277921832271,-0.056452627177913,3.22159909785896,0.197070286468992
"495",-0.00309606200689315,0.673736915544608,-0.0549804835363791,3.21951897671307,-0.157625147570845
"496",0.00455846446030804,0.649311493254618,-0.0538343074622378,3.21774191495246,-1.41658554728994
"497",0.0330461589350837,0.698983264004272,-0.0614957224603622,3.22279312360476,-0.749468176226054
"498",0.0163643119342409,0.691965063272752,-0.0600497889785486,3.22094406246712,-0.349885971260516
"499",0.00900621068042716,0.671351641173693,-0.0580176769769453,3.21899578015444,0.83233129189868
"500",-0.0188038680889367,0.669078207756186,-0.0547840695889679,3.21790116664608,0.957963685681368
"501",-0.0222555018976117,0.678345312406923,-0.0510246525953428,3.21771466575913,1.44606174352577
"502",-0.0346323782363299,0.735987617236649,-0.0410842472881158,3.22380488462998,-0.654709684455418
"503",0.0144558526624214,0.720138236409018,-0.0432744976198389,3.22155256029145,-0.606142322306547
"504",0.013320432522008,0.704969085749768,-0.0450304268680474,3.21963279751473,-1.27695270661117
"505",0.0275826577119045,0.730495645853013,-0.0504334901963333,3.22063058689836,0.267379838440218
"506",-0.00261064233267379,0.702520997294166,-0.0502010987217716,3.21869059820064,-0.0935016430906654
"507",0.00343138810509792,0.676259478857216,-0.050026065055213,3.21703202399833,0.44003004529975
"508",-0.00800324914072822,0.654613164485841,-0.0497686226355208,3.2156327642116,-0.146461646579377
"509",0.00284793057057801,0.630130321342618,-0.0496789353816685,3.21441658443194,-1.3684141624464
"510",0.0322120150823503,0.676760079868166,-0.0578985619068854,3.2196483809722,-0.0135089496997032
"511",-0.00268241963019915,0.651095582929624,-0.0561302746612322,3.21785060550472,-0.541859900713482
"512",0.0134450195494557,0.638410374406946,-0.0552903416006251,3.21648666861257,0.582381276293281
"513",-0.0122364953786221,0.623776149821185,-0.0536499551490099,3.21526047006115,0.283190803512623
"514",-0.00666700705308733,0.603413923944833,-0.0526732959464423,3.21411167705256,0.0269287735571
"515",-0.00182606348719625,0.580926296275887,-0.0519795822931377,3.21311555390247,0.75107649213837
"516",-0.0173522018202067,0.5796281951307,-0.0499640392251671,3.21288593711334,0.133529195965248
"517",-0.0035597206848679,0.558963702865459,-0.0498123808654987,3.21206886460919,0.146676471392959
"518",-0.00287380256252643,0.538720887921855,-0.0497016648913416,3.21136897187744,0.571316242087866
"519",-0.0129408991440057,0.530214723937386,-0.0489346388894013,3.21099614841585,1.57731976770943
"520",-0.0363923212739513,0.601764636069397,-0.0332262221771644,3.22524219722158,0.6110660631726
"521",-0.0134468247123747,0.592902125514811,-0.0357646119335518,3.22289844001429,1.12136252693407
"522",-0.0257716894457893,0.616659246197406,-0.0337562392543519,3.22365048289856,-0.849535293347164
"523",0.0197425493461151,0.618156110359655,-0.0387451021687233,3.22208420702834,-0.76559123052316
"524",0.019362803327724,0.621358671637013,-0.0428951293804111,3.22086001023129,-1.23199461269631
"525",0.0269025325541442,0.648472347277325,-0.0493686459569714,3.22221165985348,-0.343461368021558
"526",0.0103541610264257,0.631929584093354,-0.0496692192009535,3.22012185833587,0.541076872685098
"527",-0.0121253348681663,0.617510931948044,-0.0491831041584748,3.21837014640598,0.446487938055151
"528",-0.0110558738448693,0.60284920355049,-0.0488390885528796,3.21685672221254,-0.525487283835863
"529",0.0114582690326678,0.588617698648767,-0.0493068799204052,3.21556250948891,0.394374114404172
"530",-0.00993410571934531,0.572833525500044,-0.0490607651143448,3.21441412504961,1.25164606637586
"531",-0.0291993847722047,0.610034127166595,-0.0418589752886194,3.21861849065286,-0.754327936292715
"532",0.0178915852319365,0.607065058448683,-0.0447138751659382,3.21751154647912,0.78023802841849
"533",-0.0193696106639266,0.608483295723564,-0.0438826986648178,3.21682703190656,-0.0518268993202231
"534",0.000734056854543866,0.585517007547491,-0.0449995373602394,3.21543767196427,-0.885191929438239
"535",0.023807160861167,0.601963527935139,-0.0496105693654247,3.21640548394307,-1.28966124881669
"536",0.0276155654646037,0.632979950217423,-0.0554516739937058,3.21906167412788,0.317376621866972
"537",-0.00734425431368721,0.611995941458707,-0.0541144935053733,3.21736035919927,0.893801954510515
"538",-0.0199487618248295,0.616274779509582,-0.0510277814007447,3.21689732031867,0.417864280005242
"539",-0.00969296243549085,0.599946319828297,-0.0504076802940512,3.21556199075108,0.778820136034469
"540",-0.0187599016748892,0.601741552460716,-0.0483656062866567,3.21518365732591,-0.181182914842049
"541",0.00304798013680487,0.579523610762364,-0.0485648895014613,3.21403252795604,0.207039411430832
"542",-0.00525371029931659,0.559620732201956,-0.0486794995870421,3.2130526987784,-0.0905270026259175
"543",0.00287666384426727,0.539271984152684,-0.0488156444525491,3.21221022418825,1.18329354947404
"544",-0.0262872521450285,0.565835137742426,-0.0433007597627756,3.21521866755348,-1.04107360178386
"545",0.0247210019982138,0.584072389081825,-0.0486021572674918,3.21648525791413,-0.168099865018889
"546",0.00468023893736328,0.56402094840024,-0.0487880692886868,3.21515049453441,-0.350036009180871
"547",0.00572310338870077,0.545270310792299,-0.0489534671203968,3.21401220896076,0.311203570662982
"548",-0.00419495042399324,0.526144515028887,-0.0490065319197806,3.21303249292516,0.400543206223408
"549",-0.00820602737199828,0.511393988932533,-0.0488841785636746,3.21223190996385,-0.530093684246608
"550",0.0113221642206203,0.501003749299264,-0.04943756492839,3.21164260877658,-1.25229917296237
"551",0.0277602239270328,0.53583181514877,-0.057067264028585,3.21663966667528,-0.17079423451562
"552",0.00495375518447165,0.518114996129347,-0.05552670233557,3.21528526312215,-0.672870142099108
"553",0.0143731739154747,0.51325378166534,-0.0552540247194321,3.21449564895629,-0.45110863285166
"554",0.0125359434649915,0.505602566077759,-0.054746370994023,3.21368262505571,0.45110863285166
"555",-0.0117772863566887,0.496006217998073,-0.0531078850650325,3.21290484077489,0.435903206567279
"556",-0.0111659766523053,0.486746507501531,-0.0517982738002997,3.21224296590266,0.394633503471331
"557",-0.00926133104486598,0.475164074573645,-0.0509732210028132,3.21159681989956,0.131199179145042
"558",-0.00362123001463444,0.458942564643873,-0.050610061899915,3.21096690919502,-1.97292066271795
"559",0.0451523456763273,0.57994197020079,-0.0866719166582392,3.2553676710139,-0.348292381558002
"560",0.00934931612752756,0.565513162803375,-0.0792991716945215,3.24847779452002,0.788615996453268
"561",-0.018326366616673,0.566601825791623,-0.0714062892126735,3.24327770510051,0.0931532438111615
"562",-0.00180333507377165,0.545773347438338,-0.0668574588199135,3.23805888596514,0.132925714109222
"563",-0.00295342367897498,0.526115624591943,-0.0632394373709297,3.2335961126381,-0.746670135653704
"564",0.0155021997108255,0.522826392148404,-0.0615627001260834,3.23024920351384,-0.590605743608208
"565",0.0142812661689199,0.518060815029188,-0.0600661482732571,3.2273020192098,-0.431732996558093
"566",0.00955338892516183,0.505604844323769,-0.0581729641693645,3.22447760828125,-0.148839754153529
"567",0.0026453426605783,0.487629712398113,-0.0563579172595747,3.22198117256827,-0.17618761757664
"568",0.00598829437144981,0.472351952780714,-0.0549884199868553,3.21985849721233,0.379096040254728
"569",-0.00774579764876063,0.459174342445174,-0.0536531154748703,3.21806467326811,-0.542006746933921
"570",0.0119936645009346,0.452097871848042,-0.0534138715547582,3.21670816347317,-0.190398534330927
"571",0.00446625562091182,0.43739939187998,-0.0526131545174584,3.21534169531842,1.09660612896838
"572",-0.0268628378240245,0.470292725295742,-0.0437606420448437,3.22031681094888,-0.512960088064884
"573",0.0116877886288687,0.461578724506112,-0.0454212339970556,3.21857783391554,-0.97919999046176
"574",0.0225293442985846,0.480139752776755,-0.0508844241985722,3.21984469624399,-1.5147631959589
"575",0.0336612869228786,0.541809148501613,-0.0653717821458366,3.23160436542489,-0.263980702099142
"576",0.00808213090367842,0.527028964609511,-0.0622827579115298,3.22812363022751,1.68303048403745
"577",-0.0376033835202315,0.602357414993425,-0.0427208719198827,3.24128924055273,0.613708029171384
"578",-0.0146203084197631,0.595891273806332,-0.0430960895213231,3.2367220499464,0.515325252156201
"579",-0.0127592589730154,0.585075669505716,-0.0437721781461315,3.23264231326221,0.57994632842347
"580",-0.0147225369080014,0.578381991104492,-0.0439780498366197,3.22930402105382,0.963604886506481
"581",-0.0224793461813682,0.591963279444182,-0.041742174261497,3.22796788034089,0.358971335419628
"582",-0.00680642383818676,0.57333751252188,-0.0431928876390707,3.22498435750749,-0.478915375920635
"583",0.011596981837216,0.560742895309626,-0.0448771459124249,3.22253348989374,1.00836730761804
"584",-0.0223360522778244,0.572803458093146,-0.0426312824408637,3.22204859042608,0.513530656487282
"585",-0.0113456104868996,0.560896746404403,-0.0435306156897852,3.22004164636014,-0.289359665267885
"586",0.00752860306740283,0.543553902629897,-0.0448325885744824,3.21820719631508,1.12640352709793
"587",-0.0281684945591207,0.576443150559489,-0.0389989596756085,3.22138759929856,-0.0521104753845425
"588",0.000781592133313529,0.554855442949887,-0.0411205319099566,3.21933794204173,0.104193809895242
"589",-0.00122770194499953,0.534297450726443,-0.0428051008056944,3.21758505835457,1.31904149599909
"590",-0.0300011168657029,0.57557962366079,-0.0355883682751213,3.22262158816576,-0.231511357422842
"591",0.00509029971920633,0.555337344440443,-0.0384356369625066,3.2203958592688,0.795181822435434
"592",-0.0170804536016812,0.554140236260867,-0.0392178679995471,3.21910575241812,-0.076677320050747
"593",0.00172440786482088,0.533633819181656,-0.0412951070653783,3.21738649350466,0.420999537426206
"594",-0.00872943386023013,0.519004947210466,-0.0427366048265988,3.2159620713658,0.368511758288931
"595",-0.00734703563079766,0.503753091112684,-0.0439472856368722,3.21472559930877,0.75815374523977
"596",-0.0177074618610223,0.506938831803733,-0.0430791851822403,3.2145639477346,0.652448989528215
"597",-0.0143634264513744,0.50312400713325,-0.0432593518251506,3.21392739293917,-1.60104270853072
"598",0.0368962353643691,0.575216035643047,-0.0614063460621476,3.22915947567936,0.469097532164736
"599",-0.0131724637665076,0.563957207747975,-0.0583890584376917,3.22614435913804,0.831343747605456
"600",-0.0188691351005793,0.567795587403638,-0.0544680291753878,3.22438088753585,0.575361186976686
"601",-0.0126162675328518,0.558113225868066,-0.0527659176047361,3.22210437643084,-0.0124727159500626
"602",0.000862186232208147,0.537337614228283,-0.0520552471087885,3.21995094208076,-0.299812841693253
"603",0.00620269585215907,0.520058184865311,-0.05156620512716,3.21812120382757,1.14443343851882
"604",-0.0259595699906596,0.546025716764026,-0.0454415641967323,3.22031272765139,-0.695050582652329
"605",0.0167784984463054,0.543471915677799,-0.0475328201900328,3.21894599991796,0.0871459750141079
"606",-0.00384684304959994,0.524116475666051,-0.0478859571368098,3.21725095985707,0.780915031416482
"607",-0.0180401805033191,0.527037325326961,-0.0462416800665277,3.21670242292397,-0.681412535644715
"608",0.0154680938075961,0.522919017523458,-0.0479728365300671,3.21575505129,-0.723646326937608
"609",0.0153153677509684,0.520269979354806,-0.0495043072760624,3.2150271255052,-1.05741166518305
"610",0.0227849552996607,0.537353096927164,-0.0535377468683892,3.21632805310216,-0.316877126801179
"611",0.00888416900572406,0.523446697195205,-0.0529292517272628,3.21507324504493,0.367484415330652
"612",-0.00693029750668123,0.507207421176509,-0.0520858241262835,3.21395493454726,0.227416396181074
"613",-0.00585014196853338,0.491052581392446,-0.0514408600537471,3.21299304512898,0.201714642273992
"614",-0.00529392867701116,0.475144975127169,-0.050945364492561,3.21216705096285,-0.63171404012615
"615",0.013653922474905,0.470325321125488,-0.0515426171333849,3.21179312034533,0.606521950309066
"616",-0.015412333756525,0.468747823996615,-0.0497672823524443,3.21167140791488,-0.822217015854343
"617",0.0193061793502129,0.476120515047139,-0.0522898946607379,3.21237514953656,-0.982840255701581
"618",0.0236651148911469,0.498219581486602,-0.0569412378414619,3.21505077449357,0.766678940685039
"619",-0.0182909241351445,0.501324567523539,-0.0534111841487282,3.21483498510852,0.545859813011737
"620",-0.0131583939539617,0.495464802981887,-0.0516970410578228,3.2140445780256,0.227617700701457
"621",-0.00472126891796699,0.479080858289377,-0.051161324987691,3.21306403231209,0.541665366699504
"622",-0.0132292186734864,0.473739344470538,-0.0498977452294763,3.21253589565759,-0.857941169592277
"623",0.018942522167709,0.480099422324848,-0.0522266684846495,3.21300120724293,1.03366607987943
"624",-0.0222322567410223,0.494829038096619,-0.0477868528821078,3.21441183583697,-0.075272867686621
"625",0.00221826093499358,0.476959775007691,-0.0481022347344188,3.21337223682821,1.74177083074565
"626",-0.0383542033845599,0.558992445534259,-0.0273015288847845,3.23419165279481,1.03068397073985
"627",-0.023318964674285,0.577820642202421,-0.0276432133488896,3.23280836618513,0
"628",-0.00075508034040218,0.556285577162452,-0.0321004119885837,3.22910518363408,0.657016598755625
"629",-0.0142589883688443,0.549365626582749,-0.034775912469103,3.22624614012894,-1.07291933893416
"630",0.0247045398741966,0.569171374612779,-0.042154888336369,3.22617680474998,-0.0245188183157941
"631",0.000360941914711748,0.547955100484258,-0.0436274180365618,3.22343375240713,0.0245188183157941
"632",0.000506567213033733,0.527613838196295,-0.0447968113924375,3.22108784541542,-0.0245188183157941
"633",0.000566072798220174,0.508155239823951,-0.0457256442460783,3.2190815886468,0.538030155799862
"634",-0.0119827673135519,0.499213921970167,-0.045879180318493,3.21754819619144,0.438063489533563
"635",-0.0110579781950731,0.489656560818547,-0.0460758759046448,3.21620637983309,0.315189980902986
"636",-0.00729845820695807,0.475676801478195,-0.0465862937698663,3.21493803572701,-0.558321634831577
"637",0.0129117065251529,0.469431558840134,-0.0479251870765132,3.21408956819447,-0.573697026652489
"638",0.0115468356213909,0.461960553797404,-0.0488478881354279,3.21330150011874,0.110111958271833
"639",-0.00120461524574253,0.445372794565623,-0.0489429003791628,3.21242258911862,-1.35420018504852
"640",0.0316503403421726,0.497142766756721,-0.0621458133700909,3.22323745486729,-0.148846467570415
"641",0.00349382857645661,0.480185097460684,-0.0595318866121004,3.22092292489395,0.902075934817406
"642",-0.0211308140692707,0.492750638383701,-0.0539704478691336,3.22089428914466,-0.308014781805294
"643",0.00660630821396188,0.477308751648071,-0.0530936176966043,3.2189292980237,0.209553235389162
"644",-0.0064615127888259,0.462693711468076,-0.0522215132614344,3.21725151880461,0.34419210378088
"645",-0.00913830066960628,0.451854556307543,-0.051308724589375,3.21588043846822,-0.13507707585845
"646",0.0029875612593421,0.436165387883721,-0.0509064851509408,3.21462879798279,-0.0614590394859976
"647",0.0015541135028878,0.420809839723345,-0.0505801349840712,3.213557790841,-1.10033872742326
"648",0.0238348318993198,0.444516290711215,-0.0564670758745809,3.21684858435923,0.903415586863299
"649",-0.0188111571034832,0.451197929522837,-0.0524597851049187,3.21674724946398,1.9399132104258
"650",-0.0444843914419719,0.571617457847268,-0.0149146299600935,3.26125101275385,-0.169307090872375
"651",0.00378995770779516,0.550753707385129,-0.0219971289739629,3.25343017949511,0.120962879150052
"652",-0.00473592215189607,0.531736597447508,-0.0275861918519799,3.24674480030645,0.602629279467623
"653",-0.0148814865002113,0.527291848750961,-0.0309837236386347,3.24143362686913,-0.614718985098028
"654",0.0149872914006846,0.522342541693148,-0.0357661940688739,3.23686108650414,0.108754768739894
"655",-0.00276730263218603,0.503485788126844,-0.0385482079453971,3.23257140461112,0.590043255603515
"656",-0.0137715016577271,0.498005511097529,-0.039847855257346,3.22923414236211,0.58658215716397
"657",-0.0134361255746638,0.492609891932039,-0.0408812835239701,3.22637950199502,-1.37004907075056
"658",0.032161083551,0.543322207584222,-0.0541468124927656,3.23333778723302,-0.655580835300068
"659",0.0120363944100259,0.534218797401985,-0.0537949181138805,3.22976519779753,3.37716203766728
"660",-0.0777486619132611,0.920783206467834,0.0940540403610327,3.51608850257623,-0.685338851664147
"661",0.0163419106640862,0.898657852707571,0.0641293991369073,3.47149204447944,0.272334547571704
"662",-0.00829086944310509,0.867400699237309,0.0408628518913086,3.43324240265427,-0.0946409629377448
"663",0.000979212037487201,0.833294909162661,0.0223111138587734,3.40051955675692,1.14152460511255
"664",-0.0210681195280556,0.830605546141789,0.00908810653396804,3.37318264836588,0.303774038949728
"665",-0.0040410508024761,0.799433723226592,-0.00291136380174417,3.34915689118884,0.651165091557943
"666",-0.0156368018871677,0.78497165487746,-0.0117854202186006,3.32882808103697,0.219971145138326
"667",-0.00483885155037977,0.756212401532135,-0.0194807309618604,3.311225481283,-0.243154175264179
"668",0.00553047406622666,0.728851881936826,-0.0256476711403566,3.29617219363772,1.02647807463329
"669",-0.0288122918844604,0.756390379427547,-0.0258359450086768,3.28621894872975,0.080289044859036
"670",-0.00158630180769636,0.727377437193452,-0.0306634228712015,3.27478285121448,-0.252554376003664
"671",0.00640388852292856,0.702018407428264,-0.034551220480451,3.26500954261532,1.0632924736327
"672",-0.025056105918907,0.717013174501923,-0.0343461339521171,3.25843613561581,-0.341763832315148
"673",0.0076763951550124,0.692767590378731,-0.037497610514391,3.2510337698736,-1.55255835468036
"674",0.0365068379149073,0.757266141958299,-0.0504917631605164,3.25334944758682,0.254659241687799
"675",-0.00816128280320346,0.731498306527779,-0.0501755109838234,3.24668370282008,-4.20269591195984
"676",0.0968065379365335,1.33522228533217,-0.227875207968121,3.61462741330957,1.67387935001786
"677",-0.0357616805983297,1.3569814140463,-0.188125236357278,3.55726891069987,-3.13127701822826
"678",0.0719918771548542,1.64458893355006,-0.187700507089694,3.53854942019694,2.27392477922878
"679",-0.0469236194983255,1.71558989693826,-0.153804895802596,3.49413993181341,-3.2080515324404
"680",0.0742893081203784,2.00765542353869,-0.153849195486771,3.47498850241004,2.25881040061578
"681",-0.0475748966642625,2.06667552405967,-0.128159078398669,3.43873923878987,0.469738894462249
"682",-0.00937179935392504,1.98818388467909,-0.111889936301956,3.40522699327117,0.168087445026149
"683",-0.00663654169237041,1.90883789335602,-0.0990013719492935,3.37656160987778,0
"684",0.00200129794116885,1.82996856922621,-0.0887788514647861,3.35204524311301,0.40703994903728
"685",-0.0122208746258572,1.76430736208445,-0.0805691864894547,3.33109349950593,-2.24728558520585
"686",0.0538717048731373,1.88587575838247,-0.0822414263528002,3.31923924036027,-0.0366636117764163
"687",0.00679603319692758,1.8121424994152,-0.075491418377215,3.30302492462364,0.487746363843519
"688",-0.0173904354580521,1.75732296162357,-0.0698464602719135,3.28921711514748,1.19703986631208
"689",-0.027636393319489,1.73798483016629,-0.0644543172621367,3.27780596508629,-0.409491117790711
"690",0.00981227452416798,1.67195726751757,-0.0613805014102319,3.26759321093641,0.265156235865577
"691",-0.00721627016045487,1.60638915314831,-0.0588779945679967,3.25885567863387,1.06555931875603
"692",-0.0246331331549616,1.5819823210592,-0.0559854850279433,3.25171756092542,1.0543247578707
"693",-0.0239122206330237,1.55756532379908,-0.0537025912935307,3.24560589554105,0.352900025109992
"694",-0.00709397772443915,1.49758516658544,-0.0527707893444498,3.24005304838204,-0.0469814431944549
"695",0.000724277537100272,1.43625725386949,-0.0520590733665554,3.23530093249478,0.0352381515363126
"696",-0.00048147292762506,1.37756986222468,-0.0514937607468084,3.23123684699398,-0.400094673508869
"697",0.0101749039397887,1.32839486799614,-0.0511248817659907,3.22777407813954,-2.33817165010367
"698",0.0526767462497419,1.46389112755726,-0.0626896872369504,3.23499072408129,-0.435466999993164
"699",0.0106746560059272,1.413568863968,-0.0600544511891544,3.23099295568522,1.07313985800105
"700",-0.0235488102554355,1.39260856235754,-0.0569153003086153,3.22789115189681,-0.0359863255847803
"701",0.000861839694138794,1.33579745918505,-0.0553509183599936,3.22489988416899,-1.38933071346689
"702",0.0289858597276648,1.3383920049769,-0.0560587017205233,3.22325186843358,-0.0486736441831392
"703",-0.00127627272806397,1.28393921033204,-0.0546705288540834,3.22093229497134,0.279550470719583
"704",-0.00505816124902891,1.23356427806401,-0.053556796239632,3.21894949097569,-0.633144693914184
"705",0.015562066460867,1.1997621987624,-0.0530151881506155,3.2173386402009,0.548146813743744
"706",-0.0158687700580227,1.16755369571647,-0.051902900374305,3.21596743560766,0.714159060233308
"707",-0.0177107496358413,1.1425739640678,-0.0507919779742481,3.2148822641102,-1.05487489239474
"708",0.024311352875723,1.1352287669195,-0.0518669966285839,3.21434815039806,0.182670695622872
"709",-0.00698943291078849,1.09231792636251,-0.0513141118789844,3.21332073261508,-2.82577873881795
"710",0.0646823067146462,1.33030343692503,-0.0799318492406439,3.24576392274806,-1.67859055844989
"711",0.0425925964748068,1.40775909291676,-0.0805225552992705,3.24508233388207,-1.25513942818722
"712",0.027805829611822,1.40640002848987,-0.0758640419369018,3.24039734579366,0.424410642842168
"713",-0.00672218465571655,1.35148967209799,-0.070384675391501,3.23559696639075,1.11034259233171
"714",-0.0254740193458275,1.34091733218757,-0.0647271529578375,3.23203199579853,-2.0645729148124
"715",0.0451783821426998,1.42094258646802,-0.0686006437194246,3.23348572215325,-0.311445878532374
"716",0.00335286482727365,1.36420989870132,-0.0646384038635062,3.22968487438138,-1.03208179829782
"717",0.0242564905757339,1.34870693374799,-0.0626009137685835,3.22686616780739,-1.20220749083412
"718",0.0290355393501229,1.35308424753717,-0.0619088790800073,3.22499098854287,0.926055037082663
"719",-0.0215790359048769,1.32756997629633,-0.0586005889426043,3.22265912681626,0.76085897683959
"720",-0.0193832092711584,1.30032010184243,-0.0560555876055782,3.22062876667018,0.625327728163172
"721",-0.0147112215122508,1.26304282197065,-0.0543782200509288,3.2187606259765,-0.0779524529534836
"722",0.000891367237005802,1.21183806858866,-0.0533358076565397,3.21709131260551,1.71384904925977
"723",-0.0426734869717644,1.28599183631032,-0.0453308147605673,3.22083462964346,-0.499520731274769
"724",0.0123476023258239,1.24251653601347,-0.0462738370553634,3.21888815772297,2.00845698824539
"725",-0.0460990693988656,1.33427918051879,-0.0383321748547463,3.22374753333564,-0.226786036472038
"726",0.00578622802606735,1.28148849350364,-0.0405993536528864,3.22135683603223,1.57680654015756
"727",-0.0314688921887316,1.29594397943355,-0.0397747265548232,3.22065864145691,-1.5011540337124
"728",0.0361659331052431,1.32832933627588,-0.0454592876072724,3.22086947588444,0.025204789043326
"729",0.00174892261191258,1.27473795362175,-0.0462531565026867,3.21889489257887,0
"730",0.00176765778367785,1.22322909978807,-0.0468828178757744,3.21720615450499,0.050390527647276
"731",-0.00136297622925243,1.17384061507836,-0.0473822205583067,3.21576190831324,1.16447819326311
"732",-0.0254968738443496,1.17058696541533,-0.0461650322346694,3.21523395148729,0.186555616570783
"733",-0.00562823827938588,1.12596906044992,-0.0467889080141629,3.21407774529741,-1.1120249533671
"734",0.0256958132290102,1.12491157364854,-0.0490335105867324,3.21385957021149,0.513817785612361
"735",-0.0116591318003245,1.08793894224055,-0.0489505239156831,3.21292703893148,2.8830381667877
"736",-0.0665171573338256,1.34625240839146,-0.0166339696651191,3.25066842138812,-0.291899988337618
"737",0.00776404229107372,1.29406170250692,-0.023375809650794,3.24438127406244,-1.55898327126295
"738",0.0339720695778602,1.32045956465467,-0.0320500858197111,3.24086623525112,-1.88578800941578
"739",0.0403457636861388,1.38128686795141,-0.041259175818855,3.23976214102645,-1.34536868693289
"740",0.0358320191378161,1.41646103518318,-0.0466922522132786,3.23724880695731,1.62234229972782
"741",-0.0369253583323485,1.44683459389295,-0.0437882759293943,3.23484444447679,-0.201359242462532
"742",0.00439193367285303,1.38852416175227,-0.0449276778846486,3.23084662310576,0.188786161412463
"743",-0.00300464323654947,1.33245315695291,-0.0458276798993846,3.22742753491284,0.23861863755501
"744",-0.00716875096242298,1.28177870991366,-0.0465139481304904,3.22450693852086,-2.18116686550022
"745",0.0491731389942122,1.39234865202925,-0.0570972094718555,3.23006115872838,-0.346754344746347
"746",0.00644948715163083,1.33943673680703,-0.0555281700968423,3.22675962551841,1.04940814595018
"747",-0.0241941673219273,1.32405770067741,-0.0531426128691729,3.22435968667334,-1.02368136422867
"748",0.0238001693125417,1.30676957843903,-0.0533711119565364,3.22226158714536,-1.0862643990381
"749",0.026034659496847,1.30150316998409,-0.0540876749164912,3.22075644312456,-0.770087992893143
"750",0.0138783547109401,1.26281175311992,-0.0533572839167916,3.21885770308485,-0.617732134548987
"751",0.0172668492427399,1.23253750636952,-0.052997885843743,3.2173119855451,-0.264026556017632
"752",0.00633394917301805,1.18569768078624,-0.0522669548143331,3.21585551510801,-0.942964686882358
"753",0.0192632179220215,1.16331615218391,-0.0523576675223528,3.21483843161503,-0.10680908892583
"754",0.00464210987246393,1.11814727262535,-0.0517438757413906,3.21373812434733,-1.22305133194741
"755",0.0292225505934466,1.13141599428229,-0.0538763549482436,3.2141539834852,0.229621226035015
"756",-0.00651986650128361,1.08818533328113,-0.052916702168392,3.21315373045644,-0.0539811079235064
"757",0.00101390518120047,1.04455801225116,-0.052175025423288,3.2122962068947,1.89870659170551
"758",-0.0417486679840822,1.12063299687077,-0.043190035862091,3.21793659090984,1.0802370885052
"759",-0.0250337384705901,1.12131298966446,-0.0426218177466015,3.21722116934685,2.03625477918262
"760",-0.0480879986027207,1.23654990810845,-0.0320209750240076,3.22601030477999,0.0513412923612344
"761",-0.000983239407157208,1.18676480087447,-0.0355773147292604,3.22329138246459,-0.256970461334127
"762",0.0058852395546889,1.14115880185818,-0.0384220563731426,3.22096801215086,0.346754344746347
"763",-0.0104316219410935,1.10237107420513,-0.0405518513946684,3.2189989015964,0.0256377388918705
"764",0.000358818985714456,1.05808191323515,-0.0423539443951934,3.21729508959069,0
"765",0.00179212282415759,1.01592296852774,-0.0437859514957196,3.21583798386713,-1.00477465181968
"766",0.0232426985276813,1.01206903242361,-0.0464437643869896,3.21524522123979,0.400543206223408
"767",-0.0101345494262976,0.977913510511657,-0.0469265570195361,3.21410389100829,-1.84804843044266
"768",0.0429715906967314,1.06265411639163,-0.0573768515583818,3.22111274630833,-0.725070739677824
"769",0.0157240918291731,1.03899649961907,-0.0562436368861553,3.21926152946573,-0.850390455580169
"770",0.0176258954745659,1.01935048027634,-0.0554956376605979,3.21774225797531,0.850390455580169
"771",-0.0160833269513866,0.995281698824838,-0.0537614540618162,3.21635374053792,0.777598646335387
"772",-0.0176001158416616,0.977480020370201,-0.0521246506746317,3.21527450910018,-0.671806517981355
"773",0.0138837034567509,0.950878146993435,-0.0518584031375803,3.21418915571157,1.52154037128754
"774",-0.0381704072467922,1.01011837496278,-0.0441188029679822,3.21838973047761,0
"775",-0.000748434901404012,0.969990089584881,-0.0451865353903694,3.21677413257537,0.752175767792274
"776",-0.0166172568763806,0.950147870755045,-0.0454406350596513,3.21557914362192,0.0645786267196136
"777",-0.000806574475793684,0.912524260922194,-0.0462367263712614,3.21437046301869,-0.0645786267196136
"778",0.000899682906908368,0.876481288249835,-0.0468693580448798,3.21333677661061,-0.28464244862087
"779",0.00734254627303979,0.845612241438818,-0.0474317711265116,3.21246152937895,-0.597792553429
"780",0.0143006361322206,0.826580800802072,-0.0482992072587514,3.21184489858914,0.584834989432897
"781",-0.014865819697484,0.808499465155912,-0.0480031801284545,3.21132678243614,0.735914495456536
"782",-0.0169334271222588,0.797102032316313,-0.0473970673039321,3.2110464806008,0.423593470812242
"783",-0.00983645675104118,0.773070259032284,-0.0476054062401663,3.21053356123371,1.1841992334822
"784",-0.0275904539621873,0.795383327853676,-0.0440489096654396,3.21235419847117,-0.456737662811044
"785",0.0100187082049074,0.770303024649328,-0.0452751782983611,3.2116405290612,-0.714653373407398
"786",0.016664873168434,0.75967408235406,-0.046985849327465,3.21131722550179,-0.0128081972637611
"787",-0.00096615267971467,0.73019908739027,-0.0474642293647346,3.21072559788542,0.981462215231993
"788",-0.0208655605406336,0.731512212689852,-0.046042100285498,3.21103876762243,0.7329743418586
"789",-0.0158801606361502,0.721354612622836,-0.0458508358878524,3.21079475033834,0.477327875265771
"790",-0.0114221799915375,0.702919765535326,-0.0462328076906595,3.21036393042178,-0.552904147914582
"791",0.0121360806049591,0.685414505324347,-0.0472165126248663,3.21000258199455,0.138512897547066
"792",-0.00244825295362056,0.659440210935004,-0.047645258668239,3.20960140120012,-0.0881223698997902
"793",0.00289829785862924,0.63481558247274,-0.0479933017945261,3.20925854115697,0.840288383145232
"794",-0.0182114241457856,0.632996305726749,-0.0468072184266254,3.20958206981916,0.324189810117878
"795",-0.00706456080450048,0.612759416598722,-0.0472196447031002,3.20925963803647,-0.0871785346950538
"796",0.00152610013817917,0.58972875708749,-0.0476506136397551,3.20896593683738,0.472343948428783
"797",-0.0126214997813163,0.578291430552898,-0.0474490450384038,3.2088802946611,0.59347355198146
"798",-0.0137792465964259,0.570026693696919,-0.0470505634010904,3.20891041726459,0
"799",0.000739543993072193,0.548726804052401,-0.0475156877942476,3.20866725678549,0.761393829325818
"800",-0.0172931898969747,0.548541013562651,-0.0463199017306796,3.20913809309537,0.390720887790877
"801",-0.0090974086021123,0.534262356018365,-0.0466752103483273,3.20892398828448,0.498390383122399
"802",-0.0110907644191102,0.523140317391665,-0.0467615394158069,3.20880995936411,-0.644731872653898
"803",0.0154074250410634,0.519394240392384,-0.0484203142214922,3.20902315314984,0.65685675899794
"804",-0.0152524261299663,0.515291800435384,-0.0475139569067942,3.20918249396591,1.01327766840669
"805",-0.0227237158788376,0.532393642815526,-0.0437849062741161,3.21135006875011,-0.192215340295912
"806",0.00478160551198827,0.513933020328414,-0.0449463608424972,3.21075634379928,0.52770571008437
"807",-0.0145156098565675,0.509091276671811,-0.0448432937539251,3.21061997287425,-0.299491089385287
"808",0.00634700105829675,0.492856531130708,-0.0458363093252273,3.21014085996283,0.203751493752563
"809",-0.00380150291022195,0.475780023813728,-0.0465338111347732,3.2097212364336,-0.191754612927186
"810",0.00531888537722447,0.460388836201508,-0.0471590458162207,3.20936827187105,-0.0479961612285473
"811",0.000955307064358279,0.44388803871545,-0.0476023254515105,3.20905883576312,-0.795280730918502
"812",0.0190928473306204,0.452757850075684,-0.0508677918550843,3.21034873985582,0.627112523117929
"813",-0.0138401080196609,0.448663124270122,-0.049573224512253,3.21025812878629,0.407918981956307
"814",-0.00923841613952324,0.438774671031746,-0.0491608453255877,3.20991496317643,-0.335812260889495
"815",0.00758422669852861,0.426806456843372,-0.0493618054135194,3.2095615383349,0.407625549433563
"816",-0.0120742615767826,0.421262505331991,-0.0486058780827801,3.20947660942206,-0.443672410743087
"817",0.00954325628661569,0.412182823355294,-0.0491098441088907,3.20924671886019,0.634922767865886
"818",-0.0141459925699039,0.410813229027275,-0.0478921357871012,3.20946273187658,-0.263063645666867
"819",0.00643243627121811,0.398897663148399,-0.0482907691468839,3.20915850033225,-0.793368748507289
"820",0.0187228575472656,0.409083124860908,-0.0517921403712681,3.21070817157695,1.04448995670848
"821",-0.0239757169760772,0.432245244050418,-0.0451277350160864,3.21441705077858,-0.155381612568464
"822",0.00319685927911704,0.417353597225909,-0.0459964433843206,3.21337721707041,0.524935588614381
"823",-0.0121565211259074,0.412515690696344,-0.0458711722113899,3.21276808133302,-0.0238010235563746
"824",0.000317976618877531,0.398002699632779,-0.0465789131123013,3.21196639252458,-0.620823388442621
"825",0.0148845603820256,0.399130323158446,-0.0487639306236798,3.21199312434349,0.454057417690945
"826",-0.0102665567031375,0.391861264874464,-0.0483984487511566,3.21144327099269,-1.16315239055919
"827",0.02671727121224,0.425712835619279,-0.0579259455155696,3.21818001130199,-0.908711650782451
"828",0.0213703601587249,0.443359901211575,-0.0608753496996178,3.21955352011006,-0.990773195525596
"829",0.0234216826317609,0.466236492412729,-0.0642129587772978,3.22158742365529,0.110571913716581
"830",-0.00184205889790182,0.449519243347476,-0.0611463619616602,3.21950886529094,1.17188841132133
"831",-0.0266560953853275,0.481668294903073,-0.0509202229411369,3.22350051801101,-0.316032838701341
"832",0.00627263932428602,0.466337054394988,-0.0506560421052953,3.22115507322898,-0.207178186347329
"833",0.00293765885502697,0.450144101074488,-0.050390732318873,3.21914003452612,0.255863679032439
"834",-0.00619530063829839,0.436548769778976,-0.0500746668854784,3.21743175075661,-1.71825533199969
"835",0.0397671553293612,0.527295845807289,-0.0765306952823363,3.24563301712069,1.37695807237569
"836",-0.031337095713823,0.570474345107805,-0.0618605879303413,3.24713836716187,0.645045746611253
"837",-0.0151704939221138,0.566245991184391,-0.0581290365049217,3.24181031731279,0.133357599929959
"838",-0.00326120315824861,0.545980281051866,-0.0563013087394743,3.23680499411638,-0.949489786904151
"839",0.0221463230875376,0.558686191498844,-0.0581515135855727,3.2343495647238,-0.588814262522255
"840",0.0126841238136265,0.549652060966527,-0.0570116659289384,3.23064607653826,-0.234033487370586
"841",0.00616823192604386,0.532045868858769,-0.0555091233072816,3.22726917422888,0.896206354478668
"842",-0.0187931919800642,0.535923752449136,-0.0521713485442365,3.22534870008887,0.524167714422874
"843",-0.0119842372389617,0.526524227012967,-0.0509806923182587,3.22291550727982,-0.365408445564261
"844",0.00760063376441746,0.510721632401906,-0.0507641182433482,3.22066844608328,-0.14653806505483
"845",0.00087489857670977,0.4920442669284,-0.0504656176666906,3.21872292142418,-0.110044640315912
"846",0.00225525526767678,0.474448940588182,-0.0502323480611759,3.21705932099184,0.12226435072398
"847",-0.00273752592501142,0.457750807649998,-0.0500355456065899,3.21563685936153,0.766846920189296
"848",-0.017243084900911,0.461562558172331,-0.0478214805760423,3.21540206617745,-0.987030495383434
"849",0.0224662497252445,0.477903690159747,-0.0523567844551443,3.21677328978514,-0.0980152002017315
"850",0.0030585487014353,0.461434547671927,-0.0517473265554321,3.21539335582597,-0.0245188183157941
"851",-0.000893922158347098,0.444855812855898,-0.0512459375975417,3.21421157417721,0.477035948358426
"852",-0.00974665842597218,0.435405605217065,-0.0504604306987988,3.21330640784427,0.146323645178159
"853",-0.00270330719386244,0.420485052371421,-0.0502132323368134,3.21242766789207,-0.795159856678745
"854",0.0174893846222181,0.426189142647957,-0.0524226733792068,3.21287214612624,0.612221821636488
"855",-0.0145583979090594,0.424650236320649,-0.0505249250735231,3.21256244148635,1.43015405702047
"856",-0.0330399448623828,0.485031189086304,-0.0336975761522806,3.22757905333506,-0.967359417837838
"857",0.0227535395845427,0.500128392226535,-0.0407942650057018,3.22691375555368,-0.462794639182637
"858",0.0100099522928056,0.489347994167307,-0.042954410400639,3.22417700056718,0.365542017853471
"859",-0.00953227353405797,0.477375560437285,-0.0439721854129823,3.22179519247145,-0.622218807311628
"860",0.0149041601114348,0.474660999431326,-0.0462550550970175,3.22015461449506,-0.306429117634963
"861",0.00612490247867933,0.460298670049885,-0.0469859604266148,3.21830130759276,0.502052116809026
"862",-0.0135145502960808,0.455831028940238,-0.04651941000266,3.21704484882524,-0.772488667617283
"863",0.017427352393012,0.459280653296356,-0.0491038798792984,3.21657149413688,0.172180586135992
"864",-0.00372419092828107,0.443496068622501,-0.0491320202667584,3.21522045634986,0.196415481756348
"865",-0.00508231837305144,0.42945416151916,-0.0491112287640662,3.21407202574509,-0.270170863096142
"866",0.00596781956042074,0.416527268135613,-0.0492401819518462,3.21309612124704,1.08849604038962
"867",-0.0253904320293817,0.445014581639361,-0.041863507014212,3.2176247445366,-0.463302462475171
"868",0.0100165202296787,0.435119549626236,-0.0437443159626814,3.21621151524051,-0.416361120716202
"869",0.0106594320941107,0.427660765839948,-0.0454449060217366,3.21508175008405,-0.998960024611739
"870",0.0221117696973509,0.446336623545571,-0.0511710285870278,3.21707971284045,-0.746457807904588
"871",0.0178378571095372,0.453156516194552,-0.0533444352306429,3.21695912150326,-0.664038022316923
"872",0.0164081644551135,0.456043025162707,-0.0544394225425376,3.2164449115568,0.188383101237355
"873",-0.00353250053497967,0.440324467178477,-0.0533718379018928,3.21511196774023,-1.4406921749959
"874",0.0328952196512394,0.49750865098227,-0.0674565041356302,3.22769039446443,-0.203873668984822
"875",0.00601935321852172,0.482437998211145,-0.0638329899998706,3.22474776711392,-0.0127559155731316
"876",-0.00243973148717878,0.465265158788455,-0.0608409342924313,3.22221188748287,-0.127648728080801
"877",0.00525697547350306,0.450306316520535,-0.0585236106575995,3.22005063988572,-0.730725641058355
"878",0.0150357039938936,0.449715760817423,-0.0580501814364236,3.21879173879768,-0.982681815178832
"879",0.0229666637385104,0.470395446077613,-0.0614367004372315,3.22046942668938,-0.442766708494807
"880",0.0106560051663443,0.461855765173468,-0.0594774537636304,3.21871506461434,-0.287544310002807
"881",0.00841588597554058,0.450292570323381,-0.057641427177587,3.21711289638023,-1.05264129869875
"882",0.0232262719156502,0.471285195825639,-0.0611735024571478,3.21908673589183,1.44454251877232
"883",-0.0324009185358895,0.522977533568198,-0.0463943953250973,3.2280198535925,-1.93516208010803
"884",0.0438127612747332,0.629255196707577,-0.0730503516507203,3.25386250808451,-0.439619704895639
"885",0.0111137230256332,0.615340436331893,-0.0686071310908029,3.24723625136527,0.66533844907366
"886",-0.0190334631765949,0.615942494033252,-0.0629451275403394,3.24219735089019,-0.0132634790299846
"887",-0.000620219717269049,0.592724684833236,-0.0601399139624831,3.23713478179241,1.06868224689901
"888",-0.0256028796566149,0.614862092488344,-0.0533666350965228,3.23561763339576,0.0655952794920367
"889",-0.00321756691142921,0.592596984796192,-0.0525181840357433,3.23150897164382,-1.21389536499177
"890",0.0276386283803025,0.621750630572553,-0.0575230231371674,3.2317655906551,-0.0398327031755408
"891",0.00202999253342437,0.598688052185394,-0.0558383912069695,3.22821366687231,0.291738703139738
"892",-0.00902379256621406,0.581594804208168,-0.0543028762634072,3.22521727349132,0.198425886918502
"893",-0.00364055868989126,0.560786505029321,-0.0532600884373751,3.2226146291737,0
"894",5.77308884607572e-05,0.539873483616295,-0.0524476963538678,3.22038731759843,1.83323190834717
"895",-0.0433926947146001,0.647333819551536,-0.026390538696479,3.2463882089697,-0.376991021725026
"896",0.00866863982853293,0.62666456480003,-0.0312128223900565,3.24073778069133,0.325076679222269
"897",-0.00847274655790407,0.607541212044667,-0.0347954355838305,3.23591388944806,-0.16890798532761
"898",0.00407426185988009,0.585628525719139,-0.037797008061096,3.2317624643319,1.1378452216003
"899",-0.0222186764867474,0.596783379192329,-0.0371841929343048,3.2298136515061,-0.438088575927975
"900",0.0117277140622013,0.582831497824961,-0.0400566118614604,3.22664593987758,1.05331738139448
"901",-0.0238755677568897,0.598689747957879,-0.0383134536999135,3.22593186961555,0.66225407604934
"902",-0.0150035422170509,0.592521252564717,-0.0395736282624524,3.22359900099194,0.54433959334286
"903",-0.0127159772019046,0.581790128534038,-0.0409740309458184,3.22141942656983,0.754625641172921
"904",-0.0164208267304241,0.578884555021022,-0.0413909280590336,3.21989420919972,-0.200677353186005
"905",0.0042475290525774,0.558203441989437,-0.0430366136158629,3.21806230421202,-1.23801480149064
"906",0.0280987861177583,0.591229471851667,-0.0509600286193867,3.2211486874659,0.557740069215398
"907",-0.0120127579729475,0.577745527544987,-0.0502225144764073,3.21924308752275,-0.456101132756265
"908",0.0110092113698902,0.563897923673138,-0.0503823325228916,3.21759509981015,0.392878016279702
"909",-0.00618601996824743,0.545232784042842,-0.0501011672179408,3.21610346939617,0.164297035378175
"910",-0.00396978910416768,0.526136165499181,-0.049917346913022,3.21482107754852,-0.531781450708826
"911",0.011187800755807,0.515054571200294,-0.0502343697696201,3.21384779610581,1.74924236213217
"912",-0.0414027348213072,0.61072643930099,-0.0267946827651932,3.237675542347,0.174498361616141
"913",-0.00443011031787504,0.589621724459838,-0.0313866671813325,3.23327282768509,0.0871351271910986
"914",-0.00166593815375494,0.567675686262224,-0.0350728206230961,3.22950244381199,0.0621929244500968
"915",-0.00129126636554222,0.546584962128845,-0.0380014444972152,3.22627790901274,-0.0746361522394351
"916",0.0012551208969442,0.526386538413657,-0.0403287981209573,3.22352023037207,-0.69930354909705
"917",0.0171276154586283,0.526886417140073,-0.0438083333246104,3.2218792309837,-0.137939704610632
"918",0.00288972443060378,0.508167277324525,-0.0449519033643465,3.2197593559303,-0.402364430687269
"919",0.00878654043325101,0.494831994442432,-0.0460851215824165,3.21800002598336,0.502703082025396
"920",-0.00855036483447207,0.48148335679772,-0.046542665115381,3.21648633148347,-1.00794604135485
"921",0.0232050436060016,0.499831686864669,-0.0516101560439277,3.21791955455524,0.794605934084783
"922",-0.0180980664659543,0.502431478451664,-0.0492458407132489,3.21724567916606,0.250941160542575
"923",-0.00591495032561152,0.486752402286202,-0.0491713157048553,3.21581032380359,-0.0125321135573508
"924",-6.47914964142141e-05,0.469037697564218,-0.0492001100835774,3.21456816692025,0.300338105876519
"925",-0.00972220232228028,0.45848616758254,-0.0488698425669741,3.21359908853523,0.386606455218133
"926",-0.00981279181179161,0.44880957610689,-0.0485587603216686,3.21278786557917,-0.449102551246391
"927",0.011067894415454,0.440687275866569,-0.0492364830180591,3.2121406643737,-1.57523262222964
"928",0.0368827931842444,0.518337006434328,-0.070855980224289,3.23390442691067,-0.369027586823031
"929",0.00685172827589812,0.503273698644669,-0.0665746950616311,3.2300726032311,0.597396120479815
"930",-0.0108314146879288,0.492555624260938,-0.0626028783002381,3.22688305053995,1.62155523395252
"931",-0.0370970428470739,0.569019396404357,-0.0412752116284207,3.24243620664123,0.906106863514167
"932",-0.0213148003874022,0.581031091002791,-0.0397955873344457,3.23905131769752,-0.0494376477749359
"933",-0.00024499306401085,0.559280965628128,-0.0417531559466751,3.23444423830959,-0.0123632317645256
"934",-0.00117718133203251,0.538527605335021,-0.0433076143650259,3.23050420274219,-0.160861260945
"935",0.0035487753114143,0.519414944334966,-0.0445563954335593,3.22713582376568,0.333807567177863
"936",-0.00747383981710578,0.503986922200158,-0.045401501194104,3.22427930540084,1.06808455075523
"937",-0.0238616946536175,0.524633489065776,-0.041418157934885,3.22482500540377,0.146430776622308
"938",-0.00342419862598957,0.50635072843587,-0.0430216291148844,3.22227974802197,-0.464434958505525
"939",0.0107116584743703,0.495441238567436,-0.0447272407420401,3.22021529387777,-0.220750641521053
"940",0.00297439174675513,0.478051447177392,-0.0456821556165996,3.21833637468098,-0.307408788042179
"941",0.0070436202721545,0.464134269569174,-0.0465630849757297,3.21675417532323,0.172265331144617
"942",-0.00313924376337768,0.44799297572242,-0.0471181862343002,3.21537619993792,-0.542407641463244
"943",0.0126515913330412,0.442661368564461,-0.0483884238323986,3.21448313179504,-0.433571444146269
"944",0.0106523062450415,0.434956448536292,-0.0491274903214474,3.2136011229649,0.210826642237019
"945",-0.00488409702857711,0.420931178808065,-0.0491223863701396,3.21268443555105,0.407987213633154
"946",-0.00968986735097503,0.412560468930809,-0.0487356749322082,3.21201442450823,-0.358445473704838
"947",0.00842714262961811,0.40260156703478,-0.0491111489077388,3.21138290107863,0.14847812675792
"948",-0.00387051120075254,0.389431252637612,-0.049128332738721,3.21078434882777,0.283968337003748
"949",-0.00693764563253333,0.379257649090351,-0.0489898038604122,3.21030676066037,0.356901492624115
"950",-0.00805433424120916,0.370748545892206,-0.0487631189731917,3.20993406261005,-0.147528917832282
"951",0.00376511383136339,0.35890559769694,-0.0489009557596288,3.20954543366256,-0.184717742319807
"952",0.00430751807449274,0.348013956131854,-0.0490340721860411,3.2092169750511,-0.308623169475775
"953",0.00768556174764571,0.340388229078356,-0.0493746667836461,3.20899901340676,-0.508213055417447
"954",0.0124700658790439,0.339818091991656,-0.0506185784862107,3.20924970623501,-0.523300471531776
"955",0.0113486040268342,0.337610393510324,-0.0513310668032117,3.20932172365493,-0.300262955480612
"956",0.00768361560105336,0.330604780774118,-0.0512310543423241,3.20909924380013,0.674328229560403
"957",-0.0151716709022148,0.334848720926619,-0.0486479429360987,3.2098898238084,-0.736996652993874
"958",0.0167436257962155,0.341882535251425,-0.0515898205195287,3.21098273689912,-0.414599500854215
"959",0.00880281771899672,0.336135379120341,-0.0516000258497425,3.21057951409784,-0.0125904941935262
"960",-0.000953852372756093,0.324957330147963,-0.0511288932039184,3.21009470129526,0.914965335245652
"961",-0.0194117538143144,0.339792890104799,-0.0458662106220408,3.21277920828569,1.36309421542849
"962",-0.0308766551600866,0.394851385456993,-0.0274275812960226,3.2311092097263,-0.431699714540082
"963",0.00931813555560522,0.386114179324896,-0.0322466408059816,3.22773271545202,1.02073074635923
"964",-0.0244546883102256,0.412519635563463,-0.0284330834768639,3.23007728431875,0.439507483213639
"965",-0.0101581128564949,0.405790554567115,-0.0321542572440363,3.2269477342803,1.21081513167152
"966",-0.0271491589851231,0.442335459921419,-0.0258826039958091,3.23192785404116,-0.240993007345511
"967",0.00676354204343312,0.429084873791793,-0.0307995518027047,3.2283687671012,-0.326264563481629
"968",0.00862352034943815,0.419075271142295,-0.0349050882168314,3.22538239249533,0.133051123347303
"969",-0.00332501566911772,0.40494059325672,-0.0378550063043583,3.22275560038597,-0.084648411850527
"970",0.00234111526997476,0.391101609488159,-0.0402174843207689,3.22050824626916,0.31404784839926
"971",-0.00909725960333863,0.383049519826216,-0.0417152898135467,3.21868622246326,-0.012060543945161
"972",6.63454222655137e-05,0.369809714323161,-0.0432780251425531,3.21702768140532,-0.762761734337089
"973",0.0170737270594982,0.376879600024211,-0.0472507486745196,3.21703545835895,-0.145949916445362
"974",0.003430342007373,0.364894999524461,-0.0477045000480351,3.2156193775275,0.315956029036857
"975",-0.00855561058910082,0.357301807400459,-0.0476941497058805,3.21449382292413,0.893833707914085
"976",-0.0203597923345215,0.373783227428867,-0.0430079085064206,3.21665193823821,-0.192585519321431
"977",0.004435661034654,0.362006686792622,-0.0443383846849274,3.21529199030922,-0.289575491925559
"978",0.00585953262746997,0.352080241650683,-0.0454815157896539,3.21414699962533,0
"979",-0.000435430415564382,0.340181900117068,-0.0462694053032484,3.21314566563525,-1.00796287236189
"980",0.0235491952428383,0.366304327907736,-0.0550061422740456,3.21837632261005,0.304673930154029
"981",-0.00755126120131901,0.357110515613767,-0.0536430157554598,3.21680388366018,-0.451247792965676
"982",0.010248587742603,0.35186009474543,-0.0533429958703139,3.21560318980928,0.146573862811647
"983",-0.00158272889708574,0.340087835132709,-0.0525121051422255,3.21439108345139,-0.17102374068407
"984",0.00394847280991313,0.329737099892035,-0.0518908404764257,3.21335905553054,-0.195814528361801
"985",0.0042515308934432,0.32007387788253,-0.051413514996875,3.21247930833277,0.146896831409812
"986",-0.00415205703708578,0.310663592614498,-0.0509356261443759,3.21172547785766,-0.0856635920952697
"987",0.00158059274225897,0.300696111317764,-0.0506037814721306,3.21107485689553,0.207912996073384
"988",-0.0056532508269667,0.293145495749399,-0.0502052792824172,3.21054357518159,-0.53901882312575
"989",0.012293958680632,0.29380143953015,-0.0514203321119353,3.21064837713591,0.965718647624775
"990",-0.0227771502063736,0.318666516292865,-0.0421689478805939,3.21695768113121,-0.43891804187631
"991",0.0102627082561949,0.314622952192131,-0.0442715159891408,3.21575248397296,-0.305941620266229
"992",0.00769799637799595,0.308598079773501,-0.0456576655182049,3.21461058891666,0.20814210146855
"993",-0.00670101721757932,0.301451470502288,-0.0462095405025864,3.21358576040077,-0.736561149778031
"994",0.0165307983007968,0.309888549108919,-0.0501216017356316,3.21448149396302,1.07844182465659
"995",-0.0252570852699583,0.341698635828057,-0.0389453595010658,3.22257993310821,-0.292968959547857
"996",0.00637756109520849,0.33251545422271,-0.041198139304802,3.22037979756687,0.585082117605509
"997",-0.0130155411526258,0.332666559552045,-0.0414960377149181,3.21904507094999,-0.450698125724566
"998",0.0105885807512981,0.328766033124502,-0.0438041354962081,3.21756683971506,0.207329789494864
"999",-0.00466580908818218,0.31919139731601,-0.044880559324048,3.21607847902768,0.206900822302192
"1000",-0.00382763241101588,0.309755082238435,-0.0457504001449437,3.21480289881747,0.545621238416427
"1001",-0.0128547538761209,0.311019372129536,-0.0449311191406791,3.2143776954271,-0.217891382659444
"1002",0.00554545421406434,0.302752391843513,-0.0459351152816288,3.21336096083567,0.0242336121384662
"1003",0.00125384989872228,0.293106429287103,-0.0466316555922194,3.21247352382891,0.193657770520977
"1004",-0.00428855849643184,0.284975953470641,-0.0471228462607199,3.21172327434803,-1.03312982125016
"1005",0.024034251321964,0.314754407924742,-0.0586946545078527,3.22034540063233,-0.440799048501556
"1006",0.00879043113022883,0.310373887056165,-0.0573344828416151,3.21862328015129,-0.0982197746241947
"1007",0.00275732883948019,0.300862957043324,-0.0557023705971809,3.21697568116508,0.416769419147636
"1008",-0.00807514256141457,0.295514666088478,-0.0540030642297567,3.21566921788636,-0.183654780730153
"1009",0.00441052878475172,0.287259842261108,-0.0530957078722311,3.21445585539006,-0.725665812766133
"1010",0.0155259509663806,0.294688094682883,-0.0553758885772624,3.21506825725337,-0.111159154285517
"1011",0.00217458073975192,0.285695332446938,-0.054140745285269,3.21393462741398,0.406980891030212
"1012",-0.00851494976987344,0.281507342760863,-0.052657111063009,3.21310835698672,0.931036983847303
"1013",-0.021128308733451,0.303436851682409,-0.0439576833269891,3.21824472038962,-0.354242109889855
"1014",0.00801685048554188,0.297469883180637,-0.0453741426529655,3.21673017539076,-0.306391562687097
"1015",0.00683171867822692,0.291256016097007,-0.046446873935774,3.21541769313054,0.134927956686198
"1016",-0.00338413305680681,0.282681762557446,-0.0470098108714841,3.21423531371117,0.975855511852228
"1017",-0.0221716615477354,0.307289123742079,-0.0384406322354696,3.22025794762176,-0.243072555267099
"1018",0.00643129639564533,0.299690306978347,-0.0408273076115143,3.21840167800975,-0.194884349135041
"1019",0.00471462139719342,0.291648378036538,-0.0426592265116061,3.21679862246859,0.425817298924411
"1020",-0.0104728844506128,0.289624558559345,-0.0431556729169607,3.21572459091356,-0.121477177231843
"1021",0.00292332856615231,0.280902787720032,-0.0444373414394442,3.21449626102686,-0.316533013251902
"1022",0.00586327381239386,0.274452022503782,-0.0456129539532145,3.2134803339431,0.0975015311854843
"1023",-0.00290716486477329,0.266418485422565,-0.0463555437628097,3.21257732028892,0.35264826477599
"1024",-0.00831320801416766,0.262966289666982,-0.0464355518754764,3.21196268399793,0.605108950323827
"1025",-0.0135955541970802,0.267778237597556,-0.0446290660020895,3.21247656202976,0.469456173655503
"1026",-0.0109453785986831,0.268095317546688,-0.0443213861651888,3.21223130587161,-0.0240211387174699
"1027",0.000275999694896959,0.259816050941055,-0.0453479668897028,3.2115073335716,0.275895334844675
"1028",-0.00614608726438915,0.254446230386094,-0.0459477166878362,3.21093647844134,0.549517569644487
"1029",-0.0123764970892782,0.257365727965621,-0.0447538168954961,3.21127027152079,0.499109770512901
"1030",-0.0109905256607548,0.25815819562589,-0.0443364461308051,3.21124548786308,-0.0711490602764125
"1031",0.00205581003737833,0.250527679796852,-0.0453654334474047,3.21066460931547,0.390694867420494
"1032",-0.00922363844315372,0.24870735632912,-0.045416952507808,3.2104266484852,-0.165562951726125
"1033",0.00406521556752235,0.242269618143621,-0.0462750104596328,3.20997213042287,-0.415110600237856
"1034",0.00997664323500031,0.241971089760687,-0.0479564128724207,3.20997729134435,-0.859398939357561
"1035",0.0186617500435704,0.258983123591552,-0.0552248719402564,3.21457145810541,-0.0359690669905294
"1036",0.0017882212713623,0.251430525227149,-0.0540184918660978,3.21350949863974,-1.1942961183468
"1037",0.028104104409257,0.297501849873669,-0.0748703404644899,3.23537540303599,-0.206523793262181
"1038",0.00522962276594711,0.290292789424183,-0.0697665011581763,3.23133149114143,-0.085163336250138
"1039",0.000351591428785193,0.281070455209738,-0.0655583028544367,3.22784211861501,-0.231523895536351
"1040",0.00733202908998589,0.275878742208726,-0.0625432392467523,3.22494225497846,0.146287969523548
"1041",-0.00511585247357619,0.2689200569637,-0.0597179476503928,3.22239598910428,-0.134089128398329
"1042",0.00204464430541039,0.260856433802036,-0.0575832968391133,3.2202007701595,1.06771215730643
"1043",-0.0247311809368998,0.294140551364214,-0.0419528579842459,3.23084055906493,-0.120758377191346
"1044",0.00271302946164968,0.285047672904726,-0.0434743215300191,3.22742282261294,0.782335337617809
"1045",-0.0187509710540078,0.299681947668085,-0.0393834015054266,3.22794374549401,-0.734014486230644
"1046",0.0170751463232046,0.308790357091862,-0.044892527826218,3.22690456420926,0.445864448938219
"1047",-0.00871227575889351,0.3034388188486,-0.0453877639107228,3.22417133112256,0.647173879136884
"1048",-0.0140017825518581,0.307291073777501,-0.0440800466086919,3.2227326226355,-0.0597478657912598
"1049",0.00127313530785924,0.297381004050398,-0.0451568992528921,3.22048824727259,0.369862618141947
"1050",-0.0102893847151794,0.2949644628449,-0.0451898447435462,3.21885629378308,0.700174936651038
"1051",-0.0168111456369881,0.305203620717186,-0.0422210869420764,3.21940099886856,-1.09394670015494
"1052",0.0256486612179978,0.338523094357985,-0.0554750531536198,3.22766791245158,0.809721023261925
"1053",-0.0184061320543571,0.348688347976721,-0.050665651955286,3.22672515335452,-0.415949259758028
"1054",0.00955055205652721,0.342568342169674,-0.0508424183366209,3.22403357229491,0.154697478343049
"1055",-2.21238124451463e-05,0.331077138548224,-0.0505274220032469,3.2216008204625,-0.572384105048332
"1056",0.0138310206225314,0.333029590616,-0.051990733299701,3.22028616832159,0.107571874354595
"1057",-0.0017953976589075,0.322094964999714,-0.0514374228283924,3.21839607887112,-0.131492458130908
"1058",0.00374844449654216,0.312415165514466,-0.0510343943963352,3.21678372218458,0.584413375415069
"1059",-0.0123500245669421,0.312404797107604,-0.0493767049898615,3.21593231885613,0.178221398091352
"1060",-0.00397849674460033,0.303443640389495,-0.0493084794193651,3.21468026766044,-0.54755523068313
"1061",0.0121378008913192,0.303462499854481,-0.0505992999735688,3.21412637769947,-0.0596979302548262
"1062",-0.000886414941333198,0.293681480317967,-0.0503341515372804,3.21312803264864,-0.382912996282014
"1063",0.00992008628774782,0.290932773493349,-0.0508758699287834,3.21252972539254,0.645317727002948
"1064",-0.014660662305954,0.295768223142774,-0.0481906647964026,3.21293836701554,-0.429748781248515
"1065",0.0100785839600063,0.292717347431587,-0.0491300223910029,3.21234808031759,0.346331032265448
"1066",-0.00780175747872029,0.287253979728278,-0.0488294679395158,3.21169509053003,0.783758910492471
"1067",-0.0181474011917044,0.300888804111345,-0.0439948400438891,3.21418598901672,-0.260571034559179
"1068",0.00567887161627196,0.293067086917921,-0.045197391365987,3.21319840802665,0.2132449570076
"1069",-0.00659567576331047,0.286539221962199,-0.0458336469063371,3.21238106865007,-0.629194216765627
"1070",0.014148157335701,0.290725660167937,-0.0487545208408484,3.21270766539898,-0.801104302267489
"1071",0.0194867000487471,0.308047356579324,-0.0549913502513124,3.21609811448787,0.371458098916952
"1072",-0.00813008010740003,0.302036998269771,-0.0534958535229795,3.21489841333209,-0.0957281394151521
"1073",0.00198077177286839,0.292510301231441,-0.0526392422959514,3.21378854647156,0.596802917231196
"1074",-0.0126298677141353,0.293898526958756,-0.0504003171268702,3.21351158476929,0.628746362185531
"1075",-0.015069801121655,0.300481334224547,-0.0473691515513623,3.21408132781552,0.601310542581077
"1076",-0.0145876820329864,0.305906633894809,-0.045272925079417,3.21435400581953,-0.684126282303957
"1077",0.0161215373311612,0.312863840618489,-0.0489718480462805,3.21484477853927,0.0236686391637458
"1078",-0.00150449502368147,0.302738942511354,-0.0490406586272111,3.21374245569267,0.212766037711676
"1079",-0.00438693822407904,0.294287938609049,-0.0490323004712024,3.21280926221358,-1.34325942451426
"1080",0.0315655693519104,0.351903487123124,-0.0731643641494104,3.23796675950258,-0.191662732366402
"1081",0.00306506385432807,0.340981124235434,-0.068289309926207,3.23352054299804,0.466535926049402
"1082",-0.0103732094845912,0.336741722429515,-0.0637073061925938,3.22993654235559,-0.550504023107959
"1083",0.0127304708935591,0.336062591925943,-0.0619761714800038,3.22714169187767,-0.928332666086287
"1084",0.0199134235226706,0.352494880200851,-0.0645965195668752,3.2276462835731,0.266118458733372
"1085",-0.00831944983405615,0.344754850949015,-0.061165610368662,3.22476093541663,-0.375189547532229
"1086",0.00849342196468551,0.337832136014398,-0.0590754982082321,3.2223145452665,0.0606097357787105
"1087",-0.000644312519842798,0.32655630412266,-0.057066636463361,3.22013068185666,0.302498869425327
"1088",-0.00746837842754493,0.319544853020926,-0.0551940410264742,3.21833047603492,0.421966989366762
"1089",-0.0105591020100775,0.316841762266889,-0.05313956088388,3.21702146213339,-0.337431026358859
"1090",0.00802457705019049,0.310557114899663,-0.0526778571758108,3.21568771924211,-0.0603755376668985
"1091",1.32732562997021e-05,0.30044765301691,-0.0519852539986218,3.21446331356095,-0.715197908858028
"1092",0.0161132836795185,0.308350658304541,-0.0545697851955862,3.21512972826907,0.739352498347448
"1093",-0.0147886683678798,0.312405026320372,-0.0513287534046272,3.21502850641144,-0.132922501596308
"1094",0.00344019512867787,0.302863233702505,-0.0509347236967199,3.21390171179395,-1.04534803862745
"1095",0.0255135106251002,0.337428140549982,-0.0630102746855527,3.2236671695723,0.426751851703752
"1096",-0.0114752013505975,0.334179455252737,-0.0593798462183049,3.22157047647606,0.67903740967637
"1097",-0.0163065770469122,0.341639764084182,-0.0544018504017155,3.22104370322259,-0.0967234992588051
"1098",0.00288379198701933,0.330611598016613,-0.0533643014907553,3.21904461351879,-0.230093955587979
"1099",0.00385886440213928,0.320677065723372,-0.0525697298647051,3.21733916721197,-0.267087690642642
"1100",0.00518623904489109,0.312012212313389,-0.051999116158662,3.21589293754608,1.08815001875342
"1101",-0.0226827965502186,0.336303986118782,-0.0433140605589979,3.22074701601236,0.515743272125252
"1102",-0.0113094829711432,0.334560459300913,-0.043499616901482,3.21918784940989,-0.107726385425497
"1103",0.00240198204776868,0.323722548793914,-0.0447015179098563,3.21745711138766,0.525562604863511
"1104",-0.0122781508900575,0.323156490428737,-0.0444266670944173,3.21646516285589,-0.334129189139248
"1105",0.00747906795514454,0.316005919845732,-0.045681822481768,3.21518709449007,0.0358530030730275
"1106",-0.000966668778667597,0.305701278018022,-0.0464281708858093,3.21403518036707,0.0716674660393185
"1107",-0.00120069732955909,0.295900012402832,-0.0470199841687641,3.21305009079674,-0.0597193209746244
"1108",0.00128394583762275,0.286527384340336,-0.0474928978899759,3.21220763678433,0.571838584699497
"1109",-0.0123418052564456,0.287715433860025,-0.0463655202348367,3.21212928981915,-0.0118800118939832
"1110",-1.97924109221588e-05,0.278595531858456,-0.0469715355179635,3.21142008805218,0.0831304602235378
"1111",-0.00246122141921997,0.270273262608347,-0.0474403800455547,3.2108146526563,0.118638049269373
"1112",-0.00267595467417194,0.262405556342562,-0.0478073639460507,3.21029754086406,0.307801829376372
"1113",-0.00715886611323852,0.257901694874074,-0.0477712007521533,3.20994412478036,0.765384955144865
"1114",-0.0171673766221685,0.270401599171457,-0.0431825907673219,3.21266456537745,0.56147065270383
"1115",-0.0129732852726272,0.274124348379248,-0.0423464022213174,3.21288045463285,0.697433955676674
"1116",-0.016028688560575,0.28363495692083,-0.0400368208110734,3.21423281143468,-0.510975446929787
"1117",0.0119014469055482,0.283687479071002,-0.0431973505926741,3.21372333226184,-2.14176226309279
"1118",0.0489134624706192,0.438539837941563,-0.141637833000403,3.37967274308358,0.994208686406653
"1119",-0.0231339102481712,0.455685186052334,-0.118116525092304,3.3575029909604,-0.578753165691939
"1120",0.0138559902407366,0.451324053855599,-0.104909463112256,3.33609401521522,-0.344111879163037
"1121",0.010336852721425,0.442824547085875,-0.0939636674944924,3.31758197554962,0.0950457479178518
"1122",-0.00570452631723765,0.429025868634549,-0.0847088913107188,3.30161535327497,0.0356188783819322
"1123",-0.00270732371903848,0.414345821185683,-0.0774164419945258,3.28795080917715,-0.321027563024825
"1124",0.0082866632866149,0.404332910145459,-0.0718916594941555,3.27632499989502,0.960007372901922
"1125",-0.0239800789318706,0.428486149877048,-0.0607855756587607,3.27081570211516,0.235626876217443
"1126",-0.00574283882020319,0.415967812878616,-0.0583151410431909,3.26162928724103,-0.235626876217443
"1127",0.00552363388421365,0.403273380027185,-0.0565348254640572,3.25376447717924,1.05597602150023
"1128",-0.0277323767802282,0.440750316678579,-0.0449137532726227,3.25521948127463,-0.18691594227036
"1129",0.00403284177926762,0.425797733400689,-0.0458349305386435,3.24827307276199,-0.633433203012423
"1130",0.0157068345745575,0.427612434504914,-0.0483016944443245,3.2431194697594,-0.0235377193036762
"1131",-0.00122009743917687,0.412497489541674,-0.048509122098784,3.23792339174435,0.422833610952103
"1132",-0.00860538325842726,0.403031603712078,-0.048374443110395,3.23355453286443,-0.199448649445244
"1133",0.00553409887959014,0.390855157167353,-0.0486404248135372,3.22975474427846,-0.683481331456645
"1134",0.0141484477006903,0.391075470802493,-0.0502476426166415,3.22711751476239,-0.664375441737514
"1135",0.014256326298139,0.391885634282141,-0.0516196399543212,3.22491672253416,-0.107187528871405
"1136",0.00447153476479862,0.379823328666179,-0.051200385721078,3.22236403976964,-1.10233562914438
"1137",0.0247117977375249,0.408411542273814,-0.0588662179518428,3.22620360700786,-0.61635339239576
"1138",0.013958786992574,0.408367646158942,-0.0583504206405302,3.22406965221464,-0.620175879644883
"1139",0.0144061161357176,0.408719968493659,-0.0580014019021663,3.22227909073044,0.547413324894475
"1140",-0.0108847224305549,0.401909199952657,-0.0556587597288074,3.2202706430608,-0.987511834747654
"1141",0.0227046246714895,0.421986207985295,-0.0598345873567121,3.2219929010277,-1.19555254064418
"1142",0.0273203268747075,0.459555131991028,-0.067386718208979,3.22760069223995,1.33023269568205
"1143",-0.0319652478085265,0.509485240179272,-0.0514829920803316,3.23512468729943,-0.048953617426048
"1144",0.000584384463556843,0.490788144544643,-0.0510362035044618,3.23108611923933,-1.1325985899573
"1145",0.025709263238,0.517692452065625,-0.0567890198916221,3.2318023664569,0.72781422860996
"1146",-0.0192385396782717,0.522175239660776,-0.0531035587413661,3.22927940774387,-0.49285462011491
"1147",0.0103264575072881,0.509540586039336,-0.0526389529917632,3.2261673959395,-0.135961951603955
"1148",0.00581765603894895,0.493322551505899,-0.0520296955587977,3.2234375874237,-0.123762392034993
"1149",-0.000982883047156847,0.475370257508816,-0.0514702164900037,3.22109112953398,0.24737180208782
"1150",-0.00411812974623184,0.459304960744263,-0.050999328841685,3.21908738137278,-0.259756469884936
"1151",0.00663762474334896,0.445670252195104,-0.0507630543015996,3.21739068626372,-1.68616996877727
"1152",0.0373213770737298,0.524803712280207,-0.0722894987957076,3.23870140625883,1.85941589751938
"1153",-0.044372097093511,0.633615160599301,-0.0408289777927852,3.26400187778476,-0.894193737566129
"1154",0.0205355760707552,0.635331766210876,-0.0443911419264294,3.25661057090862,-0.550414199196064
"1155",0.0133443165308476,0.624128709654995,-0.046046267016465,3.24966844166734,0.650164830908612
"1156",-0.0190107004529281,0.624162995295225,-0.0450809383299789,3.24424482193255,-1.72212162437806
"1157",0.0382750917397987,0.6974354854474,-0.0595044081242982,3.2509555340802,0.202659980698447
"1158",-0.00462592898103406,0.671572219785385,-0.0573962604113921,3.24462583750679,-0.354924951114155
"1159",0.00740726486374363,0.649485499282072,-0.0558201597752468,3.23922610516169,1.44975750664866
"1160",-0.0316339237755389,0.691763383488007,-0.047139191956405,3.23992363875519,1.3426357831786
"1161",-0.0304255920127232,0.730914967407051,-0.0411004451823351,3.23970790399944,-0.6193504252586
"1162",0.0127834641201421,0.712539680464118,-0.0431378325272197,3.23509724334264,-0.66072670714658
"1163",0.013461646753378,0.697888924896775,-0.0449419825814202,3.23122449901829,-0.087593073234879
"1164",0.00317447612329007,0.671880335184718,-0.045849846777343,3.22775131096943,-1.13308526891111
"1165",0.0262355851673262,0.693032657530095,-0.0506417314486672,3.22721523646525,-1.78849938466821
"1166",0.0436585445370031,0.799062173420684,-0.0689158927969763,3.24266056284964,-0.0386772389273426
"1167",-0.00032699314259738,0.767895533916577,-0.0648826628618511,3.23753092121063,-0.0386922040036985
"1168",0.00403186749466055,0.739139230433091,-0.0616910914793038,3.23314498946778,-0.129082243300871
"1169",0.00353879455877661,0.711420750478633,-0.0591534782113328,3.22939378070767,0.643751418477759
"1170",-0.0190561261567103,0.708380485727711,-0.0557239372452603,3.22677256149304,0.0384936169505828
"1171",-0.00246278434992368,0.681667102110421,-0.0543995921954007,3.22394357237758,-0.669329310515332
"1172",0.0154189523850433,0.671513672515378,-0.054147568529629,3.22179884372141,1.01510669287359
"1173",-0.0253685362549663,0.688177649068431,-0.0496438056214665,3.22168117387441,-0.9118409033948
"1174",0.0209383190708214,0.689810167621896,-0.0513975126905656,3.22042028737142,0.386299733541873
"1175",-0.00590776247641441,0.665319951390369,-0.0509339383499381,3.21851485584865,0.666071375030838
"1176",-0.0153438971267337,0.656118941888046,-0.0497566634844964,3.21717878531733,-1.59571009079763
"1177",0.0362515223506591,0.718333164115014,-0.0604043326038934,3.22458852959708,1.18634531290509
"1178",-0.0282399535084271,0.741459105009685,-0.0539518091181834,3.22458272159779,0.664369378656149
"1179",-0.0161409990703375,0.731839814708624,-0.0520819040682905,3.22240235700961,-0.229474858475345
"1180",0.00563793531169511,0.705420303466687,-0.0515406694421245,3.22020907150108,0.229474858475345
"1181",-0.00704427241100467,0.681500744833093,-0.0510131822351768,3.21834058313254,-0.921075975794447
"1182",0.0198607417961231,0.681646716155516,-0.052339301864984,3.21747583963023,0.346398447599833
"1183",-0.00548608558447857,0.657228086143421,-0.0516884836007223,3.21599569746357,1.09541281298639
"1184",-0.0247053848075767,0.673899535885369,-0.0476535036341043,3.21674637777931,0.202480453890719
"1185",-0.00487668523544563,0.65011280474528,-0.0479585164922183,3.21537314280803,-0.101188979036354
"1186",0.00253814069923837,0.625742356324968,-0.0482401838884117,3.214194470631,0.391538233066688
"1187",-0.0108891238272426,0.609967030269839,-0.0481438644948699,3.21326688870307,0.465321848225783
"1188",-0.0104381474917815,0.594667234365891,-0.0480676793503212,3.21247349777743,0.338197854762909
"1189",-0.00684398733423693,0.57569018098603,-0.0482278388543219,3.21173080814774,-0.803519702988692
"1190",0.0187292880708939,0.577483840152822,-0.0502600263079724,3.21190278129025,1.88555252215087
"1191",-0.0422924256326281,0.674482265179069,-0.0294417508331313,3.23235066338502,0.0247371677204539
"1192",-0.000226518210007667,0.648759585478731,-0.033529153781135,3.22871374021101,-0.645163528148865
"1193",0.0153046035338304,0.639896384089887,-0.0376216283017144,3.22590204456286,-0.599252729606092
"1194",0.0100485935498848,0.622894018822022,-0.0402978562810301,3.22326436741189,-0.0250469631866701
"1195",0.00323429668331114,0.600113588594435,-0.0421626568659589,3.22094383780534,-1.19701548962102
"1196",0.0284843140514411,0.632722108705058,-0.049815561433166,3.22319650205556,-0.712380572785112
"1197",0.0162451412883002,0.628046805803483,-0.0508957284184246,3.22135275439125,-0.127746568215792
"1198",0.0011520661070043,0.604388392936074,-0.0505706425910022,3.21930817375363,0.979464677003228
"1199",-0.018392220088658,0.604429028620255,-0.0486848521157321,3.21827417007518,0.907264287757245
"1200",-0.0209683077183928,0.612616672352138,-0.0462429890222866,3.21799067884391,0.438075673994842
"1201",-0.0111674774370724,0.598657623941225,-0.0464671961222151,3.2165455158737,0.3988538255327
"1202",-0.00983542092162262,0.583006968106193,-0.0467784171883342,3.21526335509714,-0.323947454989021
"1203",0.00736663456634453,0.564585788086413,-0.0474003808657616,3.21411792944412,-0.613383659398364
"1204",0.0135886526898508,0.556324961117301,-0.0485510547832774,3.2133787434612,0.800404473214178
"1205",-0.0177298386354151,0.556140021905046,-0.0471366400687309,3.21317068402453,0.558972947878683
"1206",-0.0125196107523833,0.546744480498511,-0.0469410827207942,3.21251798036353,0.383260653350379
"1207",-0.00849741142957352,0.53166426834711,-0.0472216809547502,3.21179824786389,-0.445214685441697
"1208",0.00999368709940026,0.518507061378911,-0.047950913282923,3.21121176676096,-1.09672086302478
"1209",0.0248428577059817,0.541982387718858,-0.0534401242562883,3.21400843995024,-1.70620252767216
"1210",0.0393823349923401,0.629965987224813,-0.0723162797278931,3.23293467992391,-0.191387618228411
"1211",0.0046982568307534,0.60819567342943,-0.0676269390374391,3.2292189060736,-0.358239891824699
"1212",0.00903531685325739,0.590896745018137,-0.0640577072323981,3.22607876000979,0.65155133082728
"1213",-0.0126093044114702,0.579095091048168,-0.060505896160276,3.2235052887955,-0.702833383233192
"1214",0.0152612782741964,0.57256424140369,-0.059142147228667,3.22149263774179,0.0256443135140422
"1215",-0.000651505221225477,0.551148856461033,-0.0571196226384905,3.21942777265105,-0.385356931598996
"1216",0.00872840132690442,0.535791931380247,-0.0557126916941994,3.21770540501686,-0.567890013546662
"1217",0.0143443085985749,0.530282265839803,-0.055363968452561,3.21654665808667,1.08136996075051
"1218",-0.026078112277564,0.555566122877018,-0.0486651634994604,3.21878341482912,-0.115303324541854
"1219",0.00204347118311969,0.535019048347106,-0.0487989846120953,3.21711083395019,1.32435400552592
"1220",-0.0303706416397643,0.577471378011743,-0.0401131887138248,3.22245743705159,-0.278692858366411
"1221",0.00609510429230175,0.557807885752518,-0.0420496533308456,3.22025870841984,1.44829683468554
"1222",-0.0334182610574724,0.611996634064445,-0.0326293980553857,3.22741523159869,0.224803391788239
"1223",-0.00423837695270035,0.590572401899944,-0.0360289827106458,3.22449672862126,0.646607574945635
"1224",-0.0150298887651683,0.58386723974365,-0.0378203810073523,3.22234143895805,0.173374656431668
"1225",-0.00283717534607112,0.562644343353339,-0.0401754947548446,3.22015437282837,0.678219505823821
"1226",-0.0159035225635699,0.558915847661924,-0.0408644606840891,3.21875458054982,-0.0737644488819661
"1227",0.00297767711670568,0.538544899532829,-0.0426074930874783,3.21708648341868,0.502975972967515
"1228",-0.0097480972369363,0.524934894397382,-0.0437035552638765,3.2157289982873,0.804391905851329
"1229",-0.0180021362356562,0.528062126280899,-0.04289267770592,3.21541765191288,1.60157556640303
"1230",-0.036823433564979,0.60244764035952,-0.0276083875624341,3.23005534213833,0.0477726033210862
"1231",-0.000506033438683318,0.579860825738619,-0.0320727006764909,3.22675075562266,-0.0836170388563068
"1232",0.00186556926727319,0.558357116567978,-0.0356210025009348,3.2239246796408,0.0716760274384554
"1233",-0.00344910088514227,0.538334328601026,-0.0384258409828622,3.22150868414727,-1.09264459808245
"1234",0.0259341418788928,0.563646426429923,-0.0460641081557647,3.2229790683302,-0.508352583488056
"1235",0.0110374660718017,0.551776913720652,-0.0471915553508123,3.22083139471166,0.604889335283504
"1236",-0.013616357604267,0.543339677542233,-0.0469095453490504,3.21910246101683,-0.0844645600743849
"1237",0.0018764648890779,0.523344891041349,-0.0474048344591257,3.21738370153782,0.0603391076051396
"1238",-0.0014969690767548,0.504191019085238,-0.0477960516134678,3.21591378209173,-0.156957472609254
"1239",0.00266207639900313,0.486188252686017,-0.048114035976884,3.21465707627056,0.63836410699068
"1240",-0.0140470598189654,0.481737533884202,-0.0473647101189183,3.21395323792461,-0.433161548413669
"1241",0.0105328890606633,0.471292157032732,-0.0481577789859368,3.21308733274691,0.288982741748373
"1242",-0.00746614362247146,0.457774153849957,-0.0482513860758465,3.21226753697842,-0.144386982129224
"1243",0.00338660742745564,0.442006979316276,-0.048482670758596,3.21153948760922,-0.192840845586906
"1244",0.00692656025018395,0.429542845309946,-0.0487974549670098,3.21094395279977,0.192840845586906
"1245",-0.00613579876790175,0.416712528900987,-0.0488096348890928,3.21042222706041,-0.253179953192045
"1246",0.00546400753822223,0.40393612230667,-0.0489819958725315,3.20997078286424,0.469682323062037
"1247",-0.0109697035546389,0.397753991968724,-0.0484369528587446,3.20976851123271,0.407674425534099
"1248",-0.0095391692331589,0.390370176531815,-0.0481549669707271,3.20953446344226,0.239034415237332
"1249",-0.00568837487365848,0.379176584869695,-0.048288506039311,3.20921930148794,0.595098161854388
"1250",-0.0135694766230735,0.378811105364361,-0.0471398566382597,3.20949371603669,0.685906189597335
"1251",-0.0160585330804282,0.383899544023786,-0.0452642707787609,3.21031480164585,0.200153125040867
"1252",-0.00420762016167374,0.372040790203621,-0.0460470885634372,3.20987514877609,-0.589833018278813
"1253",0.0139764366963048,0.372316601644616,-0.0481723607020088,3.21010742006407,0.742621436084143
"1254",-0.0178166348151391,0.380258208207713,-0.0454988992294919,3.21124116618339,-1.44312890139611
"1255",0.0338416697953818,0.442800781388644,-0.0659425928642756,3.23047900256808,-0.453786305333348
"1256",0.0113131547711963,0.436883706008727,-0.0632618302557793,3.22736343234281,-0.90171936501888
"1257",0.0188717679163515,0.446102606569052,-0.0633844624804157,3.2260594415749,0.265348123367881
"1258",-0.00307382712575017,0.430610960667999,-0.0604815642695399,3.22333393465965,-0.555624089164017
"1259",0.0134814349371262,0.427492447313757,-0.059236586823089,3.22140267245243,0.121050735033371
"1260",-0.00275386942825328,0.412736841893656,-0.0571882072617939,3.21935127976275,-0.036299837049325
"1261",0.000438683795586602,0.39822373670444,-0.0555677018923264,3.21759644929629,0.0604924100474441
"1262",0.00102360459390063,0.384399898306272,-0.054281103368553,3.21609570649153,0.193330171381595
"1263",-0.00422993276088176,0.372298262650333,-0.0532201270230272,3.21481709143991,0.973039090544955
"1264",-0.0229538337741016,0.395496219656887,-0.045762828440284,3.21839262626814,0.143352073288514
"1265",-0.00320307166226778,0.382661223967476,-0.0464670524701933,3.21677944174959,-0.646708840771432
"1266",0.014898799658763,0.384316147341138,-0.0487505022923558,3.21615379870992,-0.929453247924986
"1267",0.0195730242413237,0.39787690412623,-0.0529575754945268,3.2173063687213,0.084853632583895
"1268",-0.000242173942919935,0.383998667046323,-0.0522074243979028,3.21584760845472,-0.376328213486049
"1269",0.00954477331327864,0.37687713895543,-0.0520616934490702,3.21472889291381,0.811584613370242
"1270",-0.0181610295726563,0.385693554164237,-0.0484163409732096,3.21531678361363,-0.181126657016936
"1271",0.00361254844509943,0.37302857818987,-0.0486172331722327,3.21414768712147,0.806504522025492
"1272",-0.0173654260473937,0.380440470221368,-0.0459646752321271,3.21461706888411,-0.0719597056717369
"1273",0.00173603410552159,0.367432565761172,-0.0466544309725608,3.21354772659649,0.430983547516195
"1274",-0.00951040710520553,0.360937483181987,-0.0467304938947214,3.21276985768302,-1.17761514698734
"1275",0.0279022109996707,0.400532989699516,-0.0593323522546389,3.22231052553122,-0.825347566599166
"1276",0.021271139587468,0.419053321534378,-0.0623940260417165,3.22342622037198,-0.121951234626122
"1277",0.00171581108558347,0.404587784211987,-0.0597073840156273,3.22108171328832,0.146323645178159
"1278",-0.00012400679326067,0.390417382376142,-0.0575685797400888,3.21907634343599,-0.158526952289523
"1279",0.00403926776365974,0.377961196739179,-0.055903057767262,3.21736531471416,-0.513888320425562
"1280",0.0120013851451161,0.374843151573623,-0.0554863730116003,3.21624168999318,-0.41794775037178
"1281",0.00829489709774358,0.36693085645725,-0.054554600574806,3.21502524167362,0.147710514301322
"1282",-0.00255186377484844,0.354762590774484,-0.0534685865614078,3.21389728106039,0.674228726337908
"1283",-0.0154373261701342,0.358999975403142,-0.0504404099645781,3.21398332325483,0.693982209352742
"1284",-0.0161616815983789,0.365269252145882,-0.0476228622211118,3.2143309873602,-0.547479924573208
"1285",0.0121875448489046,0.36224544339478,-0.0488919098999155,3.21363804721284,0.268031349546932
"1286",-0.0066365496021253,0.352636608088591,-0.0488329308761497,3.21273892243757,0.799810371216333
"1287",-0.0183354440439398,0.363850898991579,-0.0452075065942625,3.21409736962274,-0.0241429262399118
"1288",0.00115078813941985,0.351474217000645,-0.0460520008424234,3.21310322596748,0.361533293282398
"1289",-0.00911972575025175,0.345193939226003,-0.0462773251920406,3.21237999377339,-0.675922911365961
"1290",0.0151233796972662,0.348643238246469,-0.0489191804812277,3.21258680333153,-0.0969344556696894
"1291",0.00364626708265359,0.337967913975638,-0.0490380780517179,3.21181617077391,0.217970539194395
"1292",-0.00570873867075322,0.328814426948011,-0.0489825444655501,3.21117240665235,-0.0968171441958626
"1293",0.00221399604898749,0.318207761680542,-0.0490560855120672,3.21060214492339,0.157280293749346
"1294",-0.00340768147055081,0.30852816874587,-0.0490825946373957,3.21011692532222,-0.411872175218442
"1295",0.00891412307389549,0.303788811887683,-0.0496262472378576,3.20984597044703,-0.584369814891098
"1296",0.0129115966401496,0.305618116168406,-0.0512246753007962,3.21020341384093,0.24390255993588
"1297",-0.00559835631235605,0.297621121257447,-0.0507222919818,3.20979243422625,-0.146270138219101
"1298",0.0032917700030716,0.288744488899325,-0.0504560410085353,3.20942416257568,-0.158701125904753
"1299",0.0046679208547097,0.28109750762951,-0.0503054296325656,3.20912055729157,-0.0244379277853535
"1300",-0.000135469408652609,0.272257027791264,-0.0501009039792313,3.20884697167219,-0.20796386478607
"1301",0.00493799484292871,0.265446837701168,-0.0500428371034577,3.20863135413795,-0.208397255930132
"1302",0.00510758170814462,0.25912775644525,-0.050020776835238,3.20845280309155,0.67266198720515
"1303",-0.0162423658937256,0.268837993106798,-0.0459533443342801,3.21058570343408,0.085287851651758
"1304",-0.00210873845239133,0.260944283074836,-0.0466306172223232,3.21010119616221,-0.170648505575818
"1305",0.00391830165211241,0.253987418685171,-0.0472357512186252,3.20969318480848,-0.146502284779534
"1306",0.00182121893160666,0.246564490879433,-0.0476694895055774,3.20933716688538,1.08148572161215
"1307",-0.0242633001606965,0.278933433902098,-0.0336867221443424,3.22202163296727,0.217312653431342
"1308",-0.0044251430834853,0.271868945297373,-0.0367974134488962,3.21989839296876,-0.0965251040195458
"1309",0.00230356446933364,0.263754853137228,-0.0393811983671163,3.21806507800924,-0.217522744379714
"1310",0.00346543881582258,0.256501104879323,-0.0414638123977197,3.21650152411279,-0.133163871744926
"1311",0.00491037455004246,0.250408309673108,-0.0431963270887501,3.21518092068017,0.579781790780226
"1312",-0.0137176013310022,0.255422478967156,-0.0419751512419802,3.2152832145015,0.887295989177883
"1313",-0.0202939915556535,0.276450199937197,-0.0351157949170424,3.22046361272551,0.0596694331207265
"1314",-0.00146255730259293,0.268062734783137,-0.0380301429901087,3.21854815144077,-0.526317004427457
"1315",0.0119597841335224,0.269414138436211,-0.0418590155480587,3.21755551242925,0.215646423571422
"1316",-0.00655815472600284,0.263749713751633,-0.0431734396067386,3.21610990956365,-1.14341981139512
"1317",0.0269087223767989,0.304129748944937,-0.06188656427156,3.23173073800756,0.795760167331408
"1318",-0.0176838419814122,0.314005380403352,-0.0556450684121603,3.23028601336137,-0.108140593296235
"1319",0.00254918755174029,0.304054723585317,-0.0543488918906872,3.2269484968186,-0.108257663787564
"1320",0.00495835320246648,0.295927491948268,-0.0534054431306683,3.22410943612377,-0.0722369402950646
"1321",-0.00061552141836244,0.286463833083778,-0.0525630506008794,3.22166570204229,-1.08986305218383
"1322",0.0252486508253675,0.320502975963982,-0.0648253441741996,3.23091280896109,0.243220355823373
"1323",-0.0061452329295319,0.312056204348178,-0.0615165883456864,3.22750543421683,0.291085711900249
"1324",-0.00681555236424069,0.3051565553871,-0.0587671980610035,3.22462521917184,-0.522130990092462
"1325",0.0119593054547918,0.30470753340023,-0.0580250339386423,3.22258481330315,-0.586082263698287
"1326",0.0139958289828902,0.308638066814269,-0.0583648434154355,3.22138706778042,-0.947407886156851
"1327",0.0207346846757301,0.32863012363716,-0.0632216452927845,3.22407355643371,-0.0494621006745327
"1328",0.00220898850825622,0.318226949338248,-0.0603725628249137,3.22163612409421,1.94751699991424
"1329",-0.0447331493957201,0.442951159987105,0.00321742745095862,3.30985854066791,-0.352391153898121
"1330",0.00767622154414926,0.430112430896881,-0.0077121050488109,3.29502248365174,0.400899522542736
"1331",-0.00879728350425218,0.419870451556529,-0.0159901977201039,3.28238014839713,0.556161510953082
"1332",-0.0136740766064466,0.418077767246307,-0.021633414841272,3.27198240183339,-0.313972000466778
"1333",0.00720522720133292,0.406538134648162,-0.0274768880745654,3.26263699962359,0.638979809877097
"1334",-0.0156156531586696,0.408442333642533,-0.0302136583481448,3.25540594414674,-0.0120185085175584
"1335",-3.26673903863205e-05,0.394115537975722,-0.0341426145942985,3.24843097453956,0.276060908682035
"1336",-0.00422952692522077,0.381608232199274,-0.0372255376401553,3.24247059909132,0.335048775798175
"1337",-0.00724588271115326,0.372080256679735,-0.0395046799131046,3.23741427969258,-0.0836570111532098
"1338",0.00165508368403796,0.359462393975702,-0.0415239992780406,3.23304429644123,-0.707903850112898
"1339",0.016740333453539,0.366298849672541,-0.0458303477469915,3.2307141959361,-0.361882180213161
"1340",0.00826386748080707,0.35884675232304,-0.0469067457567105,3.22740994438337,0.349840516040625
"1341",-0.00851203226003937,0.351338160475854,-0.0470707121216974,3.22457377550653,-0.253210480740573
"1342",0.00614081989894326,0.341857994104962,-0.0476561154238357,3.22208601771626,0.565823456262415
"1343",-0.0141770928198628,0.343731487232537,-0.0462899125955954,3.22069707701609,-0.0120055225547866
"1344",-0.000345856542519609,0.332218092839059,-0.0469113186082068,3.21874740033593,-0.180256012275767
"1345",0.00488794552374993,0.322783249907612,-0.0474799509140253,3.21709179085346,0.659356222029123
"1346",-0.0167449129049248,0.330871592165968,-0.0447611696304053,3.21734920206445,0.250611742837781
"1347",-0.00600879562598045,0.322651700032008,-0.0455276920228001,3.21591930030332,-0.202827725681992
"1348",0.00518072567362182,0.313738629897357,-0.0463923900118718,3.21467560853774,0.214745966563745
"1349",-0.00530451308173497,0.305309230374181,-0.0468950331301759,3.21361458605477,0.285612475483707
"1350",-0.00675265953951098,0.298623732513954,-0.0471544509189686,3.21274532984118,0.722281276328329
"1351",-0.0160952050481311,0.306906785037625,-0.0443530849026827,3.21374145040896,-0.0708131742089668
"1352",0.00185544874712038,0.297101286510535,-0.0453755151742598,3.21279895140481,0
"1353",-0.000277401725312816,0.28757369030555,-0.046185218492646,3.21199279318198,0
"1354",0.000188999506353107,0.278455876892006,-0.0468283550219467,3.21130335373852,0.647251450561753
"1355",-0.0146919051535767,0.284334386002312,-0.0446785826553845,3.21209077812716,0.2109210999901
"1356",-0.00423390920449577,0.276770016500824,-0.045553845394982,3.21139956423992,-0.0702576141312167
"1357",0.00155973394047333,0.268260984119608,-0.0463295183815357,3.21079615167085,0.339122116500992
"1358",-0.00868625097203007,0.265040472431028,-0.046368167133068,3.21045847651957,0.663217277700806
"1359",-0.0153118823012047,0.273184608381285,-0.043598176780754,3.21188247302235,-0.721604620983876
"1360",0.017229537950669,0.283967286364345,-0.0489268290000228,3.21370263998878,-0.327600620590085
"1361",0.00711254691600413,0.27882163890954,-0.0493513389365644,3.21285616600143,0.035151444500453
"1362",-0.00129681039620736,0.270166190640793,-0.0493418822233731,3.2120417725052,0.070265841982245
"1363",-0.00132378322348799,0.261921568871418,-0.0493334089013068,3.21134534717301,0.408902958900975
"1364",-0.00885675427022291,0.259256180895115,-0.048682727850607,3.21095829075821,0.163094164763497
"1365",-0.00440049001872458,0.252794089664348,-0.0487207681731314,3.21043398084896,0.949960804639921
"1366",-0.0222203338158643,0.278909208666686,-0.0380450834205358,3.21888391646297,-0.138456235341092
"1367",0.00322751477416251,0.270662001356978,-0.0403796524211431,3.21719835387753,0.173040361572027
"1368",-0.00516769641010498,0.264028142624137,-0.042101403100321,3.21577630734502,-0.427375758788087
"1369",0.0102268218686678,0.26284099340773,-0.0445238284212775,3.21488258683963,-0.75524672009617
"1370",0.0191551253831423,0.280245931545644,-0.0521851557142552,3.21847044587505,-0.338805160823116
"1371",0.00745109799281759,0.275660338372479,-0.0520029253656227,3.21695654978438,0.629960086120521
"1372",-0.0134838177766614,0.279051614709819,-0.0494381649406427,3.21649655419464,0.0465062210451561
"1373",-0.000921408002312932,0.270402271340765,-0.0494104950662979,3.21515511013819,0.844961332541697
"1374",-0.0198839945466812,0.288848399405676,-0.0424693249149231,3.21893405754437,0.425557028452173
"1375",-0.0104896520284164,0.287789091302217,-0.0428337744603914,3.21763479806127,-0.367943383947883
"1376",0.00819662662992731,0.282943472493323,-0.0445686427414839,3.21623939267548,0.0806033781908744
"1377",-0.00352324668908316,0.274775814667079,-0.0455139730066377,3.21493865450866,0
"1378",4.09304675684042e-05,0.266208263921019,-0.0462952009615985,3.21382270139299,-0.519301842107855
"1379",0.0127329231832994,0.268988446973456,-0.0487705781712012,3.21371958097392,-0.196884654484966
"1380",0.0049760779124945,0.262550916645932,-0.04901127168464,3.21280459012401,-0.651316561596302
"1381",0.014431131121518,0.268835843316314,-0.051895775568216,3.21348770794859,0.233100338647557
"1382",-0.00397917007803772,0.261424562039403,-0.0513211631507897,3.21258743859059,-0.209765838483345
"1383",0.00484292242929092,0.254961408896665,-0.0510066646655871,3.21182900928935,0.32611256481315
"1384",-0.00772766354253708,0.251175839770383,-0.0502345133060736,3.21128202107506,-0.127988847537433
"1385",0.00278163459275441,0.244085654875353,-0.0500618689091626,3.21069716018906,-0.256470180218077
"1386",0.00637946177470777,0.239653780715326,-0.0501812014608793,3.21026169971769,0.116658902637753
"1387",-0.00384466938403539,0.233527667715701,-0.0499490749554101,3.20983036067629,-0.455741367251414
"1388",0.0103372116202707,0.233851274341013,-0.0509947426800139,3.20991811587947,0.152144683804789
"1389",-0.00367911143955961,0.227851459738681,-0.0506039709243448,3.20953493476339,0.768876108381158
"1390",-0.0178639011267861,0.243120304845154,-0.0437781313439859,3.21378811638316,0.185507299575577
"1391",-0.00450858006837812,0.237558529333458,-0.0447938186882067,3.21286150626298,0.416137463311778
"1392",-0.00950480934190774,0.236848344999852,-0.044777772920354,3.21239288230027,0.103764348965563
"1393",-0.0027967378035988,0.230533701245635,-0.0456810886867654,3.21164890125826,0.711910229128512
"1394",-0.0163021663977277,0.242011147820424,-0.0415408512268637,3.21410698188572,-0.919546709310032
"1395",0.021906524918603,0.266241005021832,-0.053482642705229,3.22152891645251,-0.150228259605056
"1396",0.00326855122631651,0.259006191520185,-0.052672755256844,3.2194653672259,-0.393975017125667
"1397",0.00894440567868098,0.256627342451173,-0.0526681072798589,3.21792040182505,0.0812394868565186
"1398",0.000702950916958492,0.248899041369751,-0.0519782183074272,3.21637276318308,0.104353885056874
"1399",-0.0017826898203715,0.241659586176948,-0.0514240703228531,3.21504953465667,0.462482036033288
"1400",-0.0114867516092848,0.243518507968232,-0.0493982559314517,3.21461136617784,-0.300369911600226
"1401",0.00680250694281682,0.239193397691435,-0.0496672208198472,3.21361346286912,-0.185292467605933
"1402",0.00475684946482649,0.233796390868252,-0.0497191419198914,3.21271275776912,0.0231803431728711
"1403",-0.00270120858280439,0.227452211757257,-0.0496162406520973,3.21192097178163,-0.651089382955164
"1404",0.0151237248346166,0.236285149761911,-0.0534396812492725,3.21352406278102,0.0466472311665633
"1405",-0.00136268779772316,0.229448450811797,-0.0525892228351836,3.21261296330393,-0.128332281510518
"1406",0.00269848541194341,0.22331887474224,-0.0519361459689125,3.21183593807375,-0.292278222916911
"1407",0.00764135095097054,0.220990189720233,-0.0519306543946203,3.211331240358,0.0936220080086481
"1408",-0.00269256651257086,0.2151727628468,-0.051372849084647,3.21073946621623,0.16362789999583
"1409",-0.00435075153272941,0.210496240277854,-0.0508424881940728,3.21025028128061,-0.797284092015957
"1410",0.0184481748141582,0.227494416558429,-0.0584187198310989,3.215681325938,-0.106000834376224
"1411",0.00221867527233261,0.221441118233302,-0.0565660669424189,3.21446001436269,0.176605685508863
"1412",-0.00480251497793771,0.216703969114087,-0.0549465281709932,3.21343720553259,-0.578070388141155
"1413",0.0134284697279758,0.222650504349946,-0.0566761466427535,3.21407549483831,-0.248771081327165
"1414",0.00477683793431048,0.218084667011303,-0.055315553348292,3.21311550316203,-0.0830614108864147
"1415",0.00144439524420293,0.212127669160365,-0.0540848398550201,3.21226379504854,0.886373468481477
"1416",-0.0190568567376323,0.230765236021926,-0.0444083379360361,3.21821289854777,0.0352920420109148
"1417",-0.000659365254796433,0.224179074749383,-0.0454155511570728,3.21662295015003,-0.0941398045518876
"1418",0.00166466792395488,0.217979574183026,-0.0462222442288541,3.21526347587154,0.387756786883309
"1419",-0.00938668799048276,0.217779975571048,-0.0458673068453723,3.21446926317171,0.29275739628315
"1420",-0.0068320746348238,0.215036310653865,-0.0461506542906035,3.21354069287629,1.56624815550394
"1421",-0.0353803042703116,0.294552104067408,0.00873553155258636,3.29177048061464,-0.276657236978028
"1422",0.00641832359237555,0.287255091268116,-0.00334218336779633,3.27955654172012,0.173000446815577
"1423",-0.00371056610108615,0.279007955156467,-0.0127632462185897,3.26908942929331,-0.219184491049482
"1424",0.00540164109170999,0.27217085768174,-0.0204081044438542,3.26015684700287,0.839519622203327
"1425",-0.0181869153198609,0.285803079841214,-0.0212338670342284,3.25579060587003,-0.17192966582584
"1426",0.00534785469036434,0.278403579325761,-0.0271069207266185,3.24877650846588,-0.229700342181086
"1427",0.0062606752533486,0.272438692789981,-0.0318936145927158,3.24281054766165,0.172324702303114
"1428",-0.00554652989493943,0.265947566168061,-0.035340199514134,3.23768551318822,-0.448663392834067
"1429",0.0101655110249542,0.264582018475953,-0.0391242858357288,3.23360545960884,0.769543796512545
"1430",-0.0197600453773175,0.282265169571883,-0.0344713543267358,3.23455049156707,0.45662179795812
"1431",-0.010693471393378,0.281790676555496,-0.0363839733700652,3.23104009754977,-0.0227816380983015
"1432",0.000323805071492162,0.272920625319944,-0.0390435304456588,3.2275929128045,-0.228102288683565
"1433",0.0047328684361851,0.265954372287344,-0.0412481132134936,3.22466037892015,0.193920097272282
"1434",-0.00532712704266388,0.259610748464617,-0.0427791628893894,3.22216092015043,-0.0113966607907273
"1435",0.000940399048367631,0.251742910247328,-0.0441235369888016,3.21999931358861,-0.228206397531863
"1436",0.00597276689214645,0.246602245710631,-0.0454012398418171,3.21819740506955,-0.160054910125945
"1437",0.00255927982554751,0.239743190327651,-0.0462254301790133,3.21661163362237,0.228571528085597
"1438",-0.00380795876312116,0.233639174132018,-0.0468049096963082,3.21526134436502,0.307745156540609
"1439",-0.00693432777211682,0.230185673016936,-0.046942218193003,3.21420087689281,0.386188576292373
"1440",-0.00892607367700669,0.229132109946857,-0.0465915220176941,3.21348688398243,0
"1441",-0.000200846130757665,0.222545830829004,-0.0471509884332141,3.21258112523598,-0.0793875856834686
"1442",0.00169197783172485,0.216425388831217,-0.0476010768231484,3.21180688020553,-0.0794506596472733
"1443",0.00144229489407168,0.210524941321608,-0.0479569054651373,3.21114459383736,-0.432408502610387
"1444",0.0102435078969466,0.211880847340433,-0.0496219323703924,3.21115537735783,-0.640661154806887
"1445",0.0150209908515576,0.221788486025887,-0.054051439869425,3.21335675413756,-0.506271936264638
"1446",0.0120968243365551,0.225991257792969,-0.0553523706202284,3.21358817237276,0.356958177403469
"1447",-0.00774914747634974,0.223307056322871,-0.0536308272656034,3.21280761982465,-0.126516780346908
"1448",0.0028510030904056,0.217444401571429,-0.0527644709021781,3.21200255214889,-0.253514770486102
"1449",0.00531952816068763,0.213314905416504,-0.0522441003642724,3.21135251507578,0.425997996137883
"1450",-0.010977364947493,0.215376931764157,-0.0500390734317517,3.21145573130629,-1.51649604169679
"1451",0.0345661934972105,0.289083584196935,-0.0997586514218066,3.27940679521944,-0.221871989190189
"1452",0.00501354069735938,0.282184951285619,-0.0895358556514267,3.26898820362561,-0.081866562083599
"1453",0.00095420270298084,0.273374986368457,-0.0812614031254928,3.26004677734103,-0.492611833605583
"1454",0.0141907890847498,0.278543954630663,-0.0771666375784129,3.25365264788792,-0.164744683059878
"1455",0.00323799163879761,0.27067438789687,-0.0714739626187902,3.24693630710065,0.117702461799543
"1456",-0.00340450433668445,0.263034392278588,-0.0668820559498985,3.24119145485026,0.199776786579997
"1457",-0.00480757357279064,0.256589913075481,-0.063160498528709,3.23629341811005,0.0704142735349023
"1458",-0.00169772533992394,0.249028716578187,-0.0603056628565036,3.23208600946772,-0.659136096375204
"1459",0.0147841076275847,0.25629174225513,-0.0612266351339088,3.23023616870595,0.129816504924721
"1460",-0.00153784204421379,0.248618856459523,-0.0587736443102446,3.22690545160147,-0.0353877915813261
"1461",0.000920598619283828,0.241233275347896,-0.056827630142742,3.22405692029152,-0.177127046368888
"1462",0.00470057679513023,0.235622919857371,-0.0553909151584125,3.22164038690135,-0.0354630892066943
"1463",0.000303109017919431,0.228756731367816,-0.054140220106739,3.21955413122396,-0.260447643376865
"1464",0.00651355460051988,0.225053986972453,-0.0534594066556045,3.21784919082838,0.260447643376865
"1465",-0.00577641846362273,0.220775461869369,-0.0524002095375811,3.2163572224297,0.412955574757548
"1466",-0.00956516560834354,0.220906861264759,-0.050679654834984,3.21545235528917,-0.106025809543625
"1467",0.00229195662416654,0.214954819997874,-0.0504086969759862,3.21426289161596,-0.0589518380570142
"1468",0.00160289276128577,0.209154900336116,-0.0501885464842799,3.21324515142583,-0.698269006763061
"1469",0.015691756894893,0.220168868630547,-0.0550274113974203,3.21558440048533,-0.547816065728368
"1470",0.0131552211572057,0.226329037893933,-0.0568014161527782,3.21595524806317,0.393302455620817
"1471",-0.00894955742388356,0.224913328385922,-0.0545198739184573,3.2149423804198,0.106996384219427
"1472",-0.00256356946580878,0.219017483578742,-0.0534237135336674,3.21382855884162,-0.859193829688271
"1473",0.0197845636797714,0.239198932611458,-0.0618166191061536,3.22011448604259,-0.131918229840158
"1474",0.00194507654773818,0.23255748350919,-0.059258492780694,3.21825048976607,0.502754231106037
"1475",-0.0118707435352793,0.235280344808278,-0.0553924836319242,3.21748475491797,0.0954767944590235
"1476",-0.00185815100076973,0.228725269487834,-0.0541309102177452,3.21600102382806,-0.238863125633162
"1477",0.00560886792025951,0.224242760096751,-0.053333861150171,3.2147733485363,0.167264077228368
"1478",-0.00435937684355862,0.219067639751735,-0.0524183544619757,3.21369593540529,-0.730848517590593
"1479",0.0167572013975342,0.231687975081765,-0.0573401415936656,3.2164399136137,0.132187725791574
"1480",-0.00298828275585161,0.225438326152552,-0.0556688764601617,3.21510855961301,-0.252510204512046
"1481",0.00591380336155482,0.221313111946223,-0.054591083662494,3.21402069242352,0.288531097018949
"1482",-0.00459756393885947,0.216400453175627,-0.0533996531697369,3.21305619754037,-0.674538813953149
"1483",0.0157204761128541,0.226858847515541,-0.057224585241555,3.21512512919583,-0.338983375451152
"1484",0.00781158900881476,0.224883554590097,-0.0562203353671079,3.21418124683871,-0.27931282959498
"1485",0.00543856251127186,0.220606959922771,-0.0550041781415551,3.2132201770372,-0.463189516566023
"1486",0.0123646165233848,0.224939328103961,-0.0561532624191618,3.21350039349289,-0.379460642603657
"1487",0.00756067570864804,0.222690704443601,-0.0553042977800775,3.21276453086563,0.269442906428694
"1488",-0.00526525388571759,0.218125773491481,-0.0539164499559342,3.21199442812719,0.305306459292562
"1489",-0.00734703715857927,0.215779797347414,-0.0524644529691475,3.21145479172069,-1.2762475350297
"1490",0.0292192575850097,0.266891407142309,-0.0819924061429628,3.24593501753786,0.713761336899993
"1491",-0.0182348240897178,0.279540887028068,-0.0704231980100671,3.24339406690823,-0.331634523685115
"1492",0.00732257265546774,0.273992331624636,-0.0663542504882837,3.23822483915706,-0.0738461572019955
"1493",0.00391063557410271,0.266585320233953,-0.0629063937238575,3.23374588502523,-0.8655921486561
"1494",0.0174437227751214,0.279185709051077,-0.0649417605528465,3.2329584679657,0.297619267304594
"1495",-0.00538848352852572,0.272110627404818,-0.0616224186070398,3.22925172254206,-1.88743806872468
"1496",0.0442039958199488,0.395204400970839,-0.133538772422516,3.34304662795923,-0.747264575372653
"1497",0.0182776806276907,0.406652373327976,-0.119779841718272,3.32542015462779,-1.33096410629032
"1498",0.0277988601683652,0.44631161593626,-0.115976241106509,3.31710854464419,0.590881616407685
"1499",-0.0086260655410213,0.434655682371919,-0.102050533252699,3.30124683306008,-0.282159992252751
"1500",0.00677624336095374,0.422115620692817,-0.0913229124624907,3.28765756026479,1.49151850345743
"1501",-0.033215481933282,0.481180073400538,-0.0664247312801041,3.29139327603885,-1.77447689160745
"1502",0.040310169949257,0.569567561628714,-0.0857611589931537,3.30343723330481,1.0251243027336
"1503",-0.021307018950304,0.57638524015639,-0.0758338306598267,3.29072731634384,-0.127567309046028
"1504",0.00346522131136805,0.555397389505259,-0.0703847199228912,3.27863891594594,0.92752078451504
"1505",-0.0157489939161548,0.551339039327934,-0.0649024646501752,3.26874853658646,-0.519876907917219
"1506",0.0133152396148012,0.54219049163127,-0.0623496727828776,3.26005415830271,-0.63767592691362
"1507",0.0182010540410867,0.545272453021405,-0.0616267825358602,3.25332208874862,0.980337598578382
"1508",-0.0249712909162383,0.565837004825615,-0.0545583131914093,3.24945244886321,-0.648238685612548
"1509",0.0148537944392658,0.558506426257234,-0.0543224891788814,3.24363720746398,1.83213160651119
"1510",-0.0454262105397076,0.675296960411451,-0.0262039945272973,3.26875189521129,-0.414027314975296
"1511",0.00910121662326541,0.653831098621613,-0.0310739870056294,3.25986579855501,-0.403124758577397
"1512",0.00999801963515313,0.635956843722407,-0.0350742354273702,3.25230339301217,0.566431119850402
"1513",-0.0152892293676545,0.627150994541075,-0.037172515319107,3.24606931485475,-0.0753390291787753
"1514",0.00116885354300059,0.603418425074693,-0.0396699790032056,3.24044614221359,-0.390158445968453
"1515",0.00909378216731063,0.586297238273805,-0.0418532254137258,3.23568071916116,-1.35849229438131
"1516",0.0317756319365384,0.633547788327894,-0.0523815522034025,3.23854791919239,0.395484345287428
"1517",-0.0101080664745875,0.615443751102028,-0.0515483289030104,3.23405786764343,0.508002108483752
"1518",-0.0112298661914777,0.601067928506628,-0.0507031498125373,3.2302783542504,0.328822858567918
"1519",-0.00765793149840359,0.582659868930084,-0.0502854008406316,3.22696640963586,-1.50110947418698
"1520",0.0343131518586347,0.639695577365566,-0.0611205442365107,3.23328606364344,0.575118206087133
"1521",-0.0125017059102606,0.624659313294301,-0.0583038211919385,3.22961910655382,-0.741881120752458
"1522",0.0174760850740336,0.620989090990638,-0.0577226970115866,3.22689078455801,-0.876859261113277
"1523",0.0223659544152932,0.632577513289838,-0.0589686365340932,3.22564356156778,1.17171236877537
"1524",-0.0303518577463382,0.668831341240094,-0.0504686203204024,3.22752098673694,-1.06815248896985
"1525",0.023339596983457,0.677953275289574,-0.0528478227204082,3.22593056480679,-0.479866039820065
"1526",0.0113694344988871,0.661583485596308,-0.0524935080360031,3.22332354196423,0.815696890196876
"1527",-0.0217245321112546,0.667504617078836,-0.0495720868948116,3.22210578138122,-0.0644953263246428
"1528",0.000717291298413055,0.641988303528016,-0.0495184352455998,3.2199521428454,0.758407131528241
"1529",-0.0158339809573116,0.634508737908063,-0.0485265669548579,3.21845877646526,0.917788469097447
"1530",-0.022129327282473,0.644672271460605,-0.0459091885643212,3.2182923984892,0.0126879401299435
"1531",-0.000715263648116873,0.620240135694621,-0.0466086688300587,3.21669088932147,0.341967276446828
"1532",-0.00717719306737344,0.600264360014587,-0.0470706496802984,3.21533721246079,0.0252844501979127
"1533",-0.00064051196664228,0.577691269066512,-0.0475314812080183,3.21416355721321,0.15157259438455
"1534",-0.00283191906857899,0.556597163389491,-0.0478911615854617,3.21316027728395,-0.887429759036729
"1535",0.0212960907934189,0.56638129383735,-0.0510267883648486,3.21380647114427,0.216243803657432
"1536",-0.00564470019906648,0.547024481786719,-0.0506342478270114,3.21285948318523,0.19041579856898
"1537",-0.00409521474199045,0.527914275374655,-0.0503390647832355,3.21204700527958,-0.304839560338224
"1538",0.00706016899828542,0.51170501976919,-0.0502363369293447,3.21136909779071,-0.638082818345917
"1539",0.0123303017136714,0.503477672498973,-0.050703331653409,3.21098342790982,0.790618757416986
"1540",-0.0179580893190138,0.506185100723007,-0.0485103586512486,3.21132317932362,-0.0762388855224755
"1541",0.00195046618144574,0.487788556741374,-0.0486763769420201,3.21073073906061,-0.178117095436781
"1542",0.0047117754437921,0.471558297942455,-0.0488459808074034,3.2102289618507,0.165404961688018
"1543",-0.00660431854897588,0.457353186766421,-0.0488372841210583,3.20981326461012,-0.765700525119459
"1544",0.017116360236413,0.460387667817842,-0.0508822403367816,3.21034775434161,-0.591033456329573
"1545",0.0137106199641214,0.457279193806876,-0.0516676392922001,3.21032504510925,0.334491499313649
"1546",-0.0086527857558735,0.445538769180516,-0.0509517085418288,3.20993005758638,-0.954969188001942
"1547",0.0218908778741922,0.461454518044454,-0.0548485294474078,3.21209797389409,-0.767982948046048
"1548",0.0190872086141654,0.470817960680914,-0.0566697339995896,3.21298103165654,0.3782202095929
"1549",-0.0108733409486774,0.461157073010211,-0.0547221876830608,3.2122711249915,1.69090830908942
"1550",-0.0395586447240182,0.551839856326728,-0.0287514605408878,3.23863838595389,0.0767656127769745
"1551",-0.00147792068528229,0.531700080756118,-0.0329771503573245,3.23409133680737,-0.52574334088214
"1552",0.0112975077583526,0.520631487792531,-0.0367923473732448,3.23033300047488,-0.42517618647237
"1553",0.00837506011401,0.506500822538609,-0.0395794278304944,3.22703527154469,0.681981669157375
"1554",-0.0128611239203353,0.498795304419546,-0.0408857615388665,3.22439822696963,-1.21276160645813
"1555",0.029487546373007,0.538246690203961,-0.0513310334064473,3.22860832686036,0.762918292771886
"1556",-0.0172344844425459,0.536858667353852,-0.0494981549702834,3.22610790107921,-0.16760140582876
"1557",0.00340674982504211,0.517591346307411,-0.0494682555068532,3.22337547200986,-0.284274645503874
"1558",0.010065857506153,0.50551008407323,-0.0497818848451379,3.22112870404979,-0.246161943309176
"1559",0.00131781694877519,0.487145674283836,-0.0496863477904256,3.21911658253763,0.207334530668396
"1560",-0.00423405422585592,0.4706075841742,-0.0495822311224268,3.21739875108016,0.168143349451216
"1561",-0.00321052240715048,0.454327992964712,-0.0495126519443449,3.21592785624224,0.296793559368053
"1562",-0.00699966292991103,0.441397835890101,-0.0493286101932863,3.214696513769,0.34728956379515
"1563",-0.00826816324777849,0.430449072711719,-0.049073008759758,3.21367508437929,0.525070041582387
"1564",-0.0123390874622237,0.425791201438439,-0.0482625555708353,3.21304730213652,-0.37110542302311
"1565",0.00875029107186171,0.415556861839718,-0.0487477243469765,3.21227017920652,0
"1566",-0.000173953106524319,0.400912560284567,-0.0488636677951223,3.21154057866886,-1.21244874915803
"1567",0.0282533526931106,0.440928496220465,-0.0599133609835089,3.22000732360532,-0.246865583697081
"1568",0.00728878019568864,0.429458351240787,-0.0579432141749541,3.2182044375683,0.945174382813246
"1569",-0.0223496064455333,0.447524281532528,-0.0513827474645004,3.21962707770314,0.283104036723442
"1570",-0.00686271448572739,0.43518615617355,-0.0507910138339095,3.21786627459405,0.551036186385503
"1571",-0.0127219261519991,0.430926604037771,-0.049568176420324,3.21665989605387,0.17875387803683
"1572",-0.00519402571880038,0.417657704058285,-0.0494432426543969,3.21530594018387,-0.729790064422334
"1573",0.0166315985814828,0.421380747719689,-0.0514739215777262,3.21511447144726,-0.567011828404057
"1574",0.0131267443516026,0.418843374538121,-0.0521414720983716,3.2144036183138,-0.297677046319716
"1575",0.00618336990940545,0.406905654836489,-0.051683438561391,3.21338828164774,1.39016268878195
"1576",-0.0297067442924561,0.451808576003443,-0.0389121509475407,3.22308272069337,-0.371390578642611
"1577",0.00873172049637491,0.439982231706154,-0.0412632000497674,3.22083473986659,-0.154083235415561
"1578",0.0024298579070286,0.424752383456447,-0.0429266497075548,3.2188656961134,-1.85466700031392
"1579",0.0407827125097988,0.522625694379756,-0.0745987084771657,3.25255522818968,-1.17191412982893
"1580",0.0286963523415003,0.562829966786388,-0.0778983086286651,3.25247446156068,-0.624462269734166
"1581",0.013314270209407,0.555054397751121,-0.0728149092568147,3.24620032445397,-0.614975200193385
"1582",0.0168350274233744,0.554283936509587,-0.0694825406851158,3.24120128535042,-0.403117987449841
"1583",0.00908850758647389,0.539732368718629,-0.0655871887233714,3.23634316738286,0.309202370430872
"1584",-0.00607298733418199,0.522055463178998,-0.0621760055441825,3.23213749038976,-1.80136244895752
"1585",0.0405571471122034,0.613407959560699,-0.0811256885492232,3.25099528777594,-0.713211087964666
"1586",0.0165791137308263,0.610994049485112,-0.0759605510858923,3.24523283166637,-0.0413024030102294
"1587",-0.00143037040444762,0.587988116993126,-0.0704776613271037,3.23973077324069,0.576687030052342
"1588",-0.0094255836556712,0.571957923251275,-0.0658914955846155,3.23507843481812,0.736601338991522
"1589",-0.0167339893125413,0.570017382561468,-0.0610909481596485,3.23162569705699,0.149385510227962
"1590",-0.00503429730198549,0.550695192515674,-0.0586218362855681,3.22809982349424,0.352208437790091
"1591",-0.00875923678514793,0.535550885105215,-0.0564952717097202,3.22512529024854,-0.460830308619431
"1592",0.0106029673392046,0.52305082136691,-0.0553715073113774,3.2226280845258,0.676958989265292
"1593",-0.0169592870443008,0.522680882031373,-0.0526016273792926,3.22105338451964,-0.108005950826057
"1594",0.00314185177809625,0.503924724202147,-0.0519314943810189,3.21905259674487,-0.514627354636754
"1595",0.0137126330303966,0.498331588166896,-0.0522959879888029,3.21766728367264,0.824830584029473
"1596",-0.0199152672484187,0.5061193705654,-0.0490415514758197,3.21751939027533,0.403172162840171
"1597",-0.00971372834001888,0.494573188565429,-0.0487362181967865,3.21612573738682,0.601726760420912
"1598",-0.0132964369844647,0.488894786576244,-0.0479776955359928,3.21515138639632,0.505320224206562
"1599",-0.0117615258128332,0.480945631088973,-0.047617600662899,3.21420826563307,-0.0796178386007262
"1600",0.00138523192591641,0.463562797518316,-0.0479665571550415,3.21319807641309,-0.186021844766771
"1601",0.00512327250192838,0.44864560893611,-0.0482967727856355,3.21234167250588,0.0930541775355676
"1602",-0.00301083852418553,0.43313946418799,-0.0484955541674335,3.21160251884719,-0.026578073246164
"1603",0.00114319954362371,0.417814218908279,-0.0486639127033485,3.21096960111198,-0.452911390965582
"1604",0.0119648224784932,0.412807300107789,-0.0495848338207512,3.21070004164665,0.877315211013507
"1605",-0.0212046886275386,0.427935275181707,-0.0452641798906018,3.21278073365185,-0.291584036941389
"1606",0.00656816280581289,0.415258180474527,-0.0461957924237703,3.21199431800499,0.397404152636172
"1607",-0.00885453095903487,0.405754515006315,-0.0465328152584191,3.2113809853835,-0.716468502016765
"1608",0.0165179166139763,0.409550896891824,-0.049177013207932,3.21176714355492,0.531209748488998
"1609",-0.0109197362538075,0.402684640285672,-0.0486536717031064,3.21127908586346,0.528402814660522
"1610",-0.0114272516082761,0.397831008778744,-0.0480197020291041,3.21095625503646,-1.44651185172707
"1611",0.0331393973815547,0.457124717154301,-0.0657572105717372,3.22735091629802,-1.60348379334385
"1612",0.0350917356191482,0.527731903594961,-0.0807784802106929,3.24258811230975,-0.0135841880260501
"1613",0.00156241737275849,0.508626717952652,-0.0743089860727043,3.23746922063114,-1.17519800190126
"1614",0.0283814750332915,0.544638600562155,-0.0769721319510458,3.23887498700938,0.260827932893232
"1615",-0.004880841734766,0.525631410253417,-0.0712582637475341,3.2342959015035,1.2804969950505
"1616",-0.0308362770632639,0.571083699291209,-0.0571450606030859,3.23799611688191,-0.638198920834931
"1617",0.0133230386241112,0.560493557127254,-0.0561068313326213,3.233719753629,0.394263307260095
"1618",-0.0109782021798472,0.54730185416012,-0.0543515205700149,3.22997928220855,-0.872177782815442
"1619",0.0191019113598687,0.55102306889726,-0.0553551595919928,3.22765243463164,2.43386811091465
"1620",-0.0535837986991329,0.721733466005402,-0.00883829268412077,3.28496583104565,-0.952963389234179
"1621",0.0231283064393566,0.726317908533526,-0.0192759644318973,3.27472261557422,2.02917121224891
"1622",-0.0462714276557389,0.839887418569291,-0.00638339741936816,3.28398352800083,1.13010401153995
"1623",-0.0257440325282645,0.855598440909754,-0.0121251740734599,3.27455194764263,0
"1624",-0.000767610088524455,0.822085652645443,-0.019775136509778,3.2648049531627,-0.602885181261986
"1625",0.0160610436055477,0.807319617932796,-0.0265352080096988,3.25669406610833,-0.105221632751629
"1626",0.0044169765267614,0.777317090343643,-0.0312396342669124,3.24953444643847,-0.408782793807072
"1627",0.00951025268421829,0.753313020431908,-0.0351174406378991,3.24344199188586,-0.716088459780007
"1628",0.0205689929379502,0.75334824702686,-0.0397329749517145,3.23895432194436,-0.587294800705118
"1629",0.00925787090410351,0.730536622588678,-0.0418775082182981,3.23439755965193,-0.241254640538391
"1630",0.00895280720247528,0.707985165464092,-0.043559073354185,3.23049462115409,0.761984837840485
"1631",-0.0184872249079161,0.703343016457014,-0.0434771805265053,3.22763758917064,1.36236483161562
"1632",-0.0318130696591714,0.746647166345955,-0.0376678099868748,3.22969379756656,-0.937115021339308
"1633",0.0210052011890019,0.745530636114195,-0.0416561829551493,3.22713641641866,-0.62520988490144
"1634",0.0137513345344226,0.730364611209539,-0.0437841209348481,3.22442398105007,0.770972847170398
"1635",-0.0189659205366181,0.725676314971755,-0.0436392482554686,3.22245488551465,0.198425886918502
"1636",-0.00391048533782497,0.698926049309864,-0.0447897555633863,3.2202522599509,-0.397246285105168
"1637",0.0103703631193815,0.679205095647696,-0.0459493856445481,3.21841943679466,-1.10734238042663
"1638",0.024277836227533,0.693876213203416,-0.0498895116327145,3.21859652998983,0.894830678719943
"1639",-0.0190431636714113,0.690346146345006,-0.0484227227814949,3.21750708091414,0.926422719036513
"1640",-0.0207100408695579,0.694124667148955,-0.046570468868844,3.21698252806365,1.04836499425281
"1641",-0.0240292589898594,0.708119060625818,-0.0439938289082995,3.21728847602436,0.156311090833861
"1642",-0.0039584171390404,0.682225528495075,-0.0450687633387776,3.21583420469458,-0.260654389723064
"1643",0.00504322042521451,0.657730753448931,-0.0459681721057343,3.21459155417897,0.104343298889203
"1644",-0.00344683394623723,0.633384094518746,-0.0466474126354765,3.21352650810297,-0.0782472653381883
"1645",0.00262186789899991,0.609774989800117,-0.0471994783698142,3.21261525012654,-0.930605051416683
"1646",0.0214813297964823,0.618164780414488,-0.0502243074976484,3.21316448348781,0.18418634334787
"1647",-0.00258125650135499,0.595069433126013,-0.0500341691564541,3.21230551551977,0.485151413793633
"1648",-0.0114302298755715,0.581614370973832,-0.0494777379063072,3.21168372184473,0.95034237344015
"1649",-0.021848986177249,0.592907349524508,-0.0464356978722756,3.21266074796049,-0.389459144743565
"1650",0.00892268592375959,0.575405674077783,-0.0471885298840632,3.21190737699141,-0.927808027734028
"1651",0.0205701084042836,0.583085085013805,-0.0501603582867703,3.21252144263844,-1.04256965457074
"1652",0.0237757021957859,0.60102474342293,-0.0539378464156098,3.21408941005763,0
"1653",0.00144135528341423,0.578643007258378,-0.0529881058387018,3.21309651362819,0.264971008235354
"1654",-0.00528105626311468,0.55882364644824,-0.052191157878256,3.21225246997968,-0.797028661357696
"1655",0.0180584571827945,0.55977645294258,-0.0533030668679032,3.21228587969337,-0.642228592225219
"1656",0.0138248959861192,0.552639008990068,-0.0533328522975707,3.21185523476036,0.535476513765998
"1657",-0.0124268928123694,0.542002565770521,-0.0519724140622022,3.2113471584223,-2.07750625749643
"1658",0.0479639665074472,0.675794699511723,-0.0849362756024,3.25110639316296,0.353790000266557
"1659",-0.00862991836530384,0.653748604729573,-0.0775125480717476,3.24477001732637,1.63021461413921
"1660",-0.0383386903542981,0.729372577694504,-0.0583504181825485,3.25117617342197,0.18691594227036
"1661",-0.0048806106139843,0.70343332190156,-0.0564528177025426,3.24481837305731,-0.307260945763294
"1662",0.0075650959907675,0.68012311378602,-0.0550701415623015,3.23939061653706,-1.14379232567816
"1663",0.0236162047922206,0.69237886923522,-0.056847565624226,3.23632343178205,-0.597259818066986
"1664",0.0158131321106475,0.68390262080053,-0.0562346122604587,3.23245402213893,-0.518701681675993
"1665",0.0138467139254257,0.671349546089379,-0.055436478032265,3.22900223495643,0.627560040500441
"1666",-0.0158390494050393,0.661970283307397,-0.0533379090366455,3.22614539964905,-0.545480692527112
"1667",0.0123232422947943,0.646370010274403,-0.0529011904645195,3.22351393179489,-0.0410312527126977
"1668",0.00199638722203229,0.622115024174266,-0.0521654524905144,3.22115656420833,-1.05893858945433
"1669",0.021249633041627,0.6292583186011,-0.054006752539299,3.2203596062188,0.455204593186648
"1670",-0.00954420704795125,0.610939141688331,-0.0528573109628068,3.21849771674671,-1.23244653510754
"1671",0.0290061571713914,0.643960995759389,-0.0582909453534083,3.22108714340308,-0.980125460317671
"1672",0.0247987418667658,0.663372245902513,-0.0603879543367192,3.22140882515123,-0.0140716245922767
"1673",-0.00129119094608795,0.638066117713141,-0.058109050823676,3.2193560961188,1.07776254938293
"1674",-0.0215257155959954,0.645274614984461,-0.0538744602579011,3.21881722256282,-0.418527396641777
"1675",0.0100632876727141,0.626910433076096,-0.0531440653718322,3.2171858629129,-0.322061470004231
"1676",0.00690893200317982,0.606595845477091,-0.0524460708410989,3.21575973280764,-1.15673457923262
"1677",0.0243424883674777,0.624350426019263,-0.0556428225099117,3.21677225326826,1.36689227479524
"1678",-0.0280731416834631,0.651935079031618,-0.0491324972833364,3.2187624680772,-0.1400560453031
"1679",0.00418205974321878,0.627933171047009,-0.0491796258271355,3.21709372981542,1.05953870058226
"1680",-0.0227336808577439,0.638815146822929,-0.0463302480583612,3.21719375377284,-2.7842068379849
"1681",0.0639963112791038,0.887281502972493,-0.108736331483709,3.30700016911052,-0.414375101747233
"1682",0.0123520197873455,0.865224016293127,-0.0969012038405897,3.29266178303215,0.214546317010145
"1683",-0.008179450578454,0.83538934701114,-0.0870350348563541,3.28030466601741,-0.157288943559247
"1684",0.00350810936052894,0.803369195302042,-0.0792799813768789,3.26972515814434,-0.0143112701496473
"1685",-0.00305625864870239,0.772584567888015,-0.0731099641668679,3.26067727343278,-0.862446052984561
"1686",0.0217411029569185,0.774323288062606,-0.0700629065297127,3.25378681689733,-0.245718126088956
"1687",0.00439592495997271,0.745817206506313,-0.0658149218093574,3.24704847286589,-0.653359855964403
"1688",0.0160435591578263,0.73456492164747,-0.0632257899723371,3.2415637884518,-0.160361576751727
"1689",0.00106307198499583,0.706289974581069,-0.0603637162690661,3.23659295939913,0.509351315864159
"1690",-0.00953768861568754,0.685223432853088,-0.0579109211108002,3.23237947890843,0.318840849819862
"1691",-0.00812021276500033,0.663648694935847,-0.0560155003091335,3.22876201871586,-0.94498050012638
"1692",0.0216007700859419,0.669339184412077,-0.0568770611354882,3.22673993489208,0.0730086912768546
"1693",-0.00238007891647013,0.643980170097301,-0.0553190433180653,3.22391540913791,-1.27801959844282
"1694",0.0293648595808318,0.67763724609107,-0.0600947968276933,3.22558274411994,-0.429662117400659
"1695",0.0123476650680447,0.663167257253727,-0.0583651273896826,3.22306953148227,-0.193208055941335
"1696",0.00295116407575522,0.638544074189239,-0.0565102116593725,3.22077692956481,-0.372606437500089
"1697",0.0110161242214104,0.622592632937666,-0.0553584722477674,3.21890062688673,-0.134478914551261
"1698",0.00282639943861232,0.599654312885588,-0.0541217202845546,3.2172115766655,-0.569802111463763
"1699",0.0125961036678037,0.587916913499026,-0.0536713934929587,3.21593051789448,1.19582889888737
"1700",-0.0285709576737104,0.619978886841732,-0.0465837309778623,3.21891675321528,0.207807704291785
"1701",-0.00496775827159986,0.59865479126058,-0.0470998338585196,3.21723082097972,-0.267260738147651
"1702",0.00584238954744852,0.578328249701686,-0.0476048545437048,3.21578988898614,-0.476901052894296
"1703",0.0098654836815417,0.563428742658257,-0.0482364990859045,3.2146192994507,0.328113642615946
"1704",-0.00611575537968627,0.544748757478859,-0.0483980641318001,3.213558270525,-1.89393907008784
"1705",0.0447783574627194,0.659423296333215,-0.075879531353513,3.24333648938074,-1.17531689501514
"1706",0.0277738416673165,0.690437550443268,-0.0759222223933487,3.24174283401398,0
"1707",-0.0013549842610602,0.663962696939632,-0.0704474368793987,3.23674606532039,0.81046395151364
"1708",-0.0191311314635046,0.663456298396364,-0.0644943411117256,3.23317449001673,0.8945552792885
"1709",-0.0203640720450751,0.667418546616341,-0.0593143573080449,3.23039500743549,-0.818434395655504
"1710",0.0172285534820444,0.660916604337578,-0.0583214508556629,3.22744747583574,0.56150083029462
"1711",-0.0141602169977594,0.648504686844997,-0.0558691818631115,3.22470887731016,-0.455028845181177
"1712",0.0105053778834307,0.630819370154581,-0.0547691558825327,3.22223690730602,0.40961902074233
"1713",-0.00941828086524417,0.612583540293709,-0.0534560482485195,3.22010515513185,1.3085845150289
"1714",-0.0294243510529452,0.648920428373297,-0.0459009348855728,3.2229612777652,-0.389280323902969
"1715",0.00826711329371882,0.628101063297726,-0.0467056679615072,3.22070183799569,-0.949588867311357
"1716",0.0215773248434774,0.636363463164003,-0.0497984749656828,3.22005732128925,-0.151561108127174
"1717",0.00209154848970472,0.61264223266752,-0.0497024673265014,3.21820052186115,-0.471304559225266
"1718",0.0111407984064174,0.597966898506814,-0.0499824348702422,3.21670811645154,-0.351118595977096
"1719",0.0103879556208954,0.58312097308323,-0.0501662490303847,3.21541837209649,-0.429119432441394
"1720",0.00791934562214257,0.565750948006765,-0.0501408674843948,3.21426286771959,0.64299058026348
"1721",-0.0134873979025105,0.556607681937072,-0.0492873415462264,3.2134693608988,1.06254794454826
"1722",-0.0246647308511062,0.578108163677518,-0.0446629580982999,3.21544794926813,-0.0302023560133313
"1723",0.000282491605719105,0.556452995404271,-0.0456192600667226,3.21425825845695,-1.29210583850074
"1724",0.0280692357488623,0.589093245741941,-0.0529571779551157,3.21784479272531,1.27700123912152
"1725",-0.0291604265414526,0.621997389881199,-0.0458816772861015,3.22067756188502,-0.727716977389525
"1726",0.0173669056047852,0.617309409508147,-0.0477573973501387,3.21919127538297,-0.488103470591428
"1727",0.013192689036131,0.606467105456776,-0.0487161083556852,3.21766520068129,0.503318381233175
"1728",-0.0148142201320754,0.597835622540319,-0.0480405173242994,3.21643097496469,0.425080342519463
"1729",-0.0109511403103278,0.583957813877961,-0.0479175062196543,3.21520337261647,0.0151480724367492
"1730",0.000774170419095752,0.562062976900979,-0.0482042908724903,3.21404909304628,0.438298895572936
"1731",-0.0107595979398432,0.548906624217381,-0.0480691165848326,3.21315862614514,0.826016561117621
"1732",-0.0195000582302827,0.554910398464172,-0.0459878910482987,3.21345863884437,-3.12952776337235
"1733",0.0726952546985312,0.887613140424516,-0.159224162583458,3.41553584942372,-0.108083080081023
"1734",-0.000235811230728556,0.852733760000087,-0.136612063523596,3.38537664089585,-0.542174668675666
"1735",0.0123475961969493,0.829532052405553,-0.11894613289328,3.35965720629439,0.480360418523196
"1736",-0.00491879790204635,0.798472477636389,-0.104603802903758,3.33758985682892,-0.0927930781090047
"1737",0.00286932293725838,0.767814044141806,-0.093232009582004,3.31871617728572,-1.92148378316238
"1738",0.0444697195171078,0.872249211205449,-0.100396088168538,3.3178856134479,-0.094682033268656
"1739",0.00128823080423318,0.838254927148753,-0.089888214219119,3.30186467250401,0.252286478815228
"1740",-0.00490523412253076,0.806974485626805,-0.0815216303306864,3.2881650661277,0.784317746102592
"1741",-0.0176849938561042,0.796881505231305,-0.0739353114268974,3.27680065063594,-1.84504169448163
"1742",0.0425153244215863,0.885814004601146,-0.0818184384092169,3.27808588810423,-0.366738830880275
"1743",0.00765594607385366,0.855922443103022,-0.0752260647846972,3.26784350019443,1.36445080489968
"1744",-0.0311756212437151,0.887327299531694,-0.0652531565133879,3.26195963965297,0.800443730699674
"1745",-0.0182580285146492,0.876702821962793,-0.0609644467376891,3.25441378812602,-1.67090898801081
"1746",0.0392670257458572,0.944314516936966,-0.0673776916357046,3.25437954223383,0.412437132867083
"1747",-0.00959084953809651,0.911952681022811,-0.0635728009419525,3.2475678129996,0.221378964542607
"1748",-0.00543380745558149,0.878047059761518,-0.0606131341724373,3.24173050096222,0.378370307942782
"1749",-0.00753467764968129,0.847412322021281,-0.0582205830813084,3.23674576308865,0.235756494265471
"1750",-0.00473849952860197,0.815761103115764,-0.0563689101503037,3.2324743498241,-0.314465667947172
"1751",0.00578957729586412,0.786026652104734,-0.0549476261535384,3.22882309737358,0.737431756340035
"1752",-0.015600889055827,0.771588061080089,-0.0531328957468208,3.22590943803097,-1.22681626766824
"1753",0.0285186866607296,0.79525722345978,-0.0564112524401472,3.22562796859639,-0.396416914910319
"1754",0.00739063241895974,0.768609675539667,-0.0550412938982796,3.22297960109782,-0.318268887372869
"1755",0.00833989897501224,0.743629718916757,-0.053975321092335,3.22071982152863,1.31424581857854
"1756",-0.0281273298121973,0.767656068033128,-0.048821418779952,3.221293421524,0.45515263383184
"1757",-0.00985921670805596,0.745290070090503,-0.0487093135910379,3.2193048796536,-0.896584849942184
"1758",0.0196199745114449,0.741873439527015,-0.0502316795555311,3.21814093178647,0.284001453116478
"1759",-0.00924457615396322,0.718376780517981,-0.0499111142097917,3.21658624455307,0.753417470647283
"1760",-0.0176744701091826,0.712324665812065,-0.0486278262324171,3.21568694147286,0.0625293126517323
"1761",-0.000286954262593537,0.684903285153529,-0.0487683675912819,3.21446264941833,0.716290823382737
"1762",-0.01613662287141,0.676276360149637,-0.0479642777138543,3.213747791053,0.6957894324848
"1763",-0.0168529756530357,0.670466833031055,-0.0471074440689643,3.21324593392246,0.813324517160308
"1764",-0.018527498242486,0.669045938124358,-0.04603949978169,3.21302861259826,1.01878779759932
"1765",-0.0228579498206154,0.680169777812816,-0.0438658609305807,3.21369618975715,0.873631102495254
"1766",-0.0201147324627523,0.682952366967974,-0.0430514128044102,3.21366060830128,0.359281823603008
"1767",-0.00766442685896263,0.661239732704876,-0.0442218415700304,3.21275117384167,0.387770806552334
"1768",-0.00834020338067485,0.640901945954691,-0.0451271232354702,3.211979546649,-1.13773682355461
"1769",0.0269830603242686,0.665122870755627,-0.0506119694920324,3.2141694550066,2.18905323649551
"1770",-0.049416558573897,0.8008930033838,-0.0239202382140326,3.24256245105902,0.923692514236363
"1771",-0.0205566575833326,0.801489116443174,-0.0273855049857387,3.23823980349798,-0.585481766143164
"1772",0.0138333874391493,0.782268305386663,-0.0323062701908209,3.23386396272659,-0.279309259127702
"1773",0.00215928690129796,0.752211111967234,-0.0358074546698383,3.23000806895309,-0.590581961645997
"1774",0.0145658823186037,0.737497922699151,-0.0391761163112536,3.22689534614468,-0.698420254866816
"1775",0.0172850920837038,0.729979721014268,-0.0423272081663455,3.22445498131332,1.28900221651281
"1776",-0.0301475627883807,0.761678343527077,-0.0385557757680862,3.22533333357541,-0.57577482457889
"1777",0.0127777871797535,0.741976395564491,-0.0410958639861782,3.22279666104715,0.502142540860384
"1778",-0.00803176768000163,0.717294915353338,-0.0426966320386879,3.22055792627755,-0.354191633564593
"1779",0.00765754551639986,0.693406286656962,-0.0441422082076299,3.21864229330205,-0.93576620453002
"1780",0.0222660945956027,0.700869340193731,-0.0476212222732901,3.218200720268,-0.104516620189882
"1781",0.00150495291120689,0.674185699810305,-0.0479706534232126,3.216612549778,1.2322923364841
"1782",-0.0275941504080927,0.699799208379315,-0.0435808862695257,3.21816619695206,-0.48813054544215
"1783",0.0117115454188983,0.681189059173397,-0.0450460800460964,3.21665341808985,-1.19333158350128
"1784",0.0285819883278313,0.711438402513374,-0.051194756926528,3.21871572959427,-1.0711424733379
"1785",0.020923658946776,0.715561664820167,-0.0528746820265129,3.21803665607873,0.302892856136272
"1786",-0.00376122432976622,0.688695408518665,-0.0521343992305957,3.21647267931838,-1.35497239337579
"1787",0.0323671751873688,0.732808499713903,-0.0588153046097181,3.2203870762815,0.122549034945124
"1788",-0.00323407191320265,0.70488893289828,-0.0568570046281235,3.2184824421643,-0.0612557446412698
"1789",0.000363968551248055,0.677761472866993,-0.0553046185685732,3.21685340526266,0.473753464979254
"1790",-0.00753703361613497,0.655636669007775,-0.0539772400278427,3.2154762731175,-0.259522319540634
"1791",0.0062582424204099,0.633135673117643,-0.0530696537961824,3.21428979552067,0.0916730392696352
"1792",-0.00239634784884516,0.609443025561046,-0.052293643428582,3.21326793399303,-0.843498598253883
"1793",0.0195819437480328,0.612243896418484,-0.0536109216429964,3.21329193608048,-0.323949377015914
"1794",0.00991881800007709,0.596391496735648,-0.0530136480115698,3.21248520958554,-0.0618238041330099
"1795",-0.000584255712433568,0.573950113945527,-0.0522519444849405,3.21172447618819,1.4885566039899
"1796",-0.0314264883300975,0.619390754405134,-0.0428283370886702,3.21787914530852,0.0304599454076071
"1797",-0.000622555139871921,0.596071125572517,-0.0441614649130033,3.21633747587077,-0.702936879777027
"1798",0.0154865305074825,0.589842137458045,-0.0462139957297474,3.21538905522184,0.520037880459789
"1799",-0.014855866073444,0.581906040142458,-0.046021136416154,3.21449927400777,0.365464088819778
"1800",-0.00849198295358098,0.565365981491484,-0.0465063345044117,3.21348821977633,-0.121673018813007
"1801",0.00411918855466485,0.545297248601424,-0.0471009279400226,3.21258396677247,-0.564671473685247
"1802",0.0122192539179028,0.535319373314194,-0.048127872551951,3.21198637181366,0.762315019589027
"1803",-0.0171498290881843,0.53476824720709,-0.0468594671771278,3.21194599447633,1.38765424248199
"1804",-0.0315794714282173,0.584198970194995,-0.0370489752336813,3.21965015722474,-0.540704231124606
"1805",0.0128050370541833,0.572148266874336,-0.0400583382985133,3.2179950183225,0.72029122940579
"1806",-0.0189812479403992,0.57438320717625,-0.0401019125427615,3.21729098264472,0.893128890132133
"1807",-0.0211168873551745,0.584339317548535,-0.0391579105980775,3.21733573065878,-1.55319729326733
"1808",0.0365300182508786,0.650359105954227,-0.0541801561202335,3.22721219391209,0.030097818135405
"1809",-0.00283087717592428,0.625847147388553,-0.0531766301675648,3.22431931307951,1.10729846026558
"1810",-0.026040386218886,0.648265621021372,-0.0479476593539284,3.2245658354898,0.504676742831772
"1811",-0.0110176791317315,0.632716301942582,-0.0478574107940717,3.22215551865504,-0.460043847647634
"1812",0.0114072099566953,0.617119663735169,-0.0484966211564095,3.22008335130624,0.534046663131738
"1813",-0.015895677318745,0.610319402620001,-0.0476919671993112,3.21858229312348,0.162613680596668
"1814",-0.00372781809525499,0.58840348424172,-0.0480073455271166,3.21694053110818,0.412736434974048
"1815",-0.00855441968315061,0.571352874440096,-0.0480992617494542,3.21557167563831,-1.43716822828905
"1816",0.0336244735159143,0.625631814855172,-0.0590194863422022,3.22313900092419,0.3872510052435
"1817",-0.00667117440447828,0.604272382455264,-0.0569711292489144,3.2208428469422,0.54851519928652
"1818",-0.0121937050191687,0.59180461236157,-0.0549007469827186,3.21901812618645,0.619014504238008
"1819",-0.0141482430418524,0.583649528385679,-0.0529365368085922,3.21759554768142,-0.176470634032178
"1820",0.00443747913151509,0.562893696920211,-0.0522099327621773,3.21609684234057,0.674786189606696
"1821",-0.0148286383387682,0.556571652162726,-0.0506805581843523,3.21515374585448,-0.0584966381114715
"1822",0.00169135066334153,0.535963718795602,-0.0503995862686936,3.21400667547757,0.160783488558136
"1823",-0.002567623680437,0.516554972880072,-0.0501706058303979,3.21302598454148,0.320793509281869
"1824",-0.00686145001426737,0.500793826981673,-0.0498836520780486,3.21220668144868,-0.393844867633153
"1825",0.00893749322154279,0.487688265950514,-0.0500014715661673,3.21154061722706,-0.190183657646081
"1826",0.00414815360454046,0.471214168240865,-0.04988939306746,3.2109201140203,0.277838886048876
"1827",-0.00673909874236489,0.457155377498111,-0.049658619796456,3.21040610795287,-1.41178815457849
"1828",0.0327358536889579,0.512579742738154,-0.063392068647723,3.22231597682179,-0.69852405600142
"1829",0.016737112211591,0.514464492954882,-0.0622949421025275,3.22094959393367,-0.989216699661949
"1830",0.0213960762853868,0.527674083554544,-0.0630796451544224,3.2209149199888,-0.180913663093263
"1831",0.0065987937338424,0.511596214586934,-0.0603619196080098,3.21895455347592,-1.2298037027101
"1832",0.0277660584122137,0.545576161328586,-0.0654259245963784,3.22258280511555,0.213642687700905
"1833",-0.00517005821424993,0.52670834416686,-0.062082192378123,3.22036334431707,-0.335929465397877
"1834",0.00714092111350224,0.510604111852643,-0.059566555947194,3.21848208567062,-0.367760144797724
"1835",0.0103925175182963,0.499403115237296,-0.0578546555143553,3.21696242560236,-0.63140272906686
"1836",0.0112415368191185,0.490064418351694,-0.0566261689900335,3.21571332723198,-0.108200026013189
"1837",0.0042285027131834,0.473567703104678,-0.0551537809303655,3.21448908989171,-0.216751904027884
"1838",0.00502711835053687,0.458197426438102,-0.0540027541592082,3.21344528303193,-0.65308893303837
"1839",0.0164898151052182,0.460381805583568,-0.054859251212638,3.21337655614463,0.327077622014743
"1840",-0.0090496226412058,0.448890462190477,-0.053460535520606,3.21254790454979,1.51237450517703
"1841",-0.0354723142835239,0.519002645010029,-0.0339699593383448,3.23023434221498,-0.537511852384226
"1842",0.012314458440593,0.508839772216682,-0.0376274510511316,3.22705256090583,-0.633353472695153
"1843",0.0134823979229965,0.503000039855106,-0.0409181038016236,3.22450099709976,0.710317995850923
"1844",-0.0181684180993577,0.506170047811192,-0.0406753766919827,3.22292266602923,-1.03627870355467
"1845",0.0242127189324316,0.525942061788862,-0.047067170752493,3.22352078969027,0.743497848751812
"1846",-0.0170216912885879,0.524881720323817,-0.0460855441707856,3.2217715242986,0.0462855828675224
"1847",-0.00154167630247479,0.505771855393076,-0.0467468324128068,3.21966639750572,0.982356326609568
"1848",-0.0232373536050285,0.523903083376486,-0.0429504049919934,3.22049718205316,-0.505322260491253
"1849",0.0122916720907722,0.51393746529008,-0.0447875789993319,3.21873606033319,2.32162767818811
"1850",-0.0550585581067861,0.698172392556547,0.0093171002387412,3.29526297903757,0.836449985097676
"1851",-0.0186569962107477,0.69821589521174,-0.00107073613512018,3.28325969384277,-1.3778861100169
"1852",0.0318523772790091,0.738214659986968,-0.0175562952826571,3.27683969861912,-0.0452522822414203
"1853",-0.00441836288895149,0.710561394126762,-0.0240795805197735,3.26676223820661,0.105556821985436
"1854",0.00107123163719627,0.683247019967458,-0.029270726202326,3.25814306238919,0.765712021373605
"1855",-0.015634925426506,0.673545635178106,-0.0325626589519794,3.25106363946588,0.462583828682056
"1856",-0.00994363610436368,0.654954381901644,-0.0357641450346111,3.24477438954457,-1.25844357413085
"1857",0.0278413501402256,0.681593620397122,-0.0434516237333821,3.24244769070853,0.225886700972805
"1858",-0.00341233835676099,0.655985323672215,-0.044652483900003,3.23734915935344,-1.04332994492861
"1859",0.0241805508218749,0.670291064694881,-0.0488623509626308,3.23478769083968,0.817443243955801
"1860",-0.0188869516857428,0.667395314408004,-0.0475703033761186,3.23137423338639,0.150647813968519
"1861",-0.00307092467212746,0.642713229852176,-0.047918718563982,3.22787945027249,-0.165725085011026
"1862",0.00271857581273129,0.61873847099945,-0.0482096592360839,3.22489014969469,1.02011085639266
"1863",-0.0252971347809875,0.63843502446329,-0.0443626654228349,3.22476345484114,-0.854385771381633
"1864",0.018807200276531,0.636653162749689,-0.0468444843836269,3.22284578996231,0.240565444538127
"1865",-0.00684168042400755,0.615244944031621,-0.0472880886081328,3.22059455125608,0.956516035841426
"1866",-0.0219507662986479,0.625073841968735,-0.0449413044405399,3.22010789491983,-1.40805202276451
"1867",0.0323622339718484,0.670088177467458,-0.0539112037298244,3.22429047035779,-0.574888118867173
"1868",0.0139191648231048,0.659020040154623,-0.0536744849651584,3.22205694417088,0.574888118867173
"1869",-0.0150918223511802,0.648637206202937,-0.0520336481865548,3.22016182192801,0.691524102705859
"1870",-0.0157536864475334,0.641485880085338,-0.0504874953921627,3.21865623742804,0.701652501660077
"1871",-0.0153574102326354,0.633822376702372,-0.0493123982661173,3.21734262144059,1.38870602241006
"1872",-0.0333006802852266,0.686441572317202,-0.0399909654366881,3.22320584279542,-0.220312933351291
"1873",0.00458046288439039,0.661088331392373,-0.0419204644087473,3.22089396072722,-0.826817053378248
"1874",0.0195492877710532,0.662000634262196,-0.0451839917908778,3.21969927759586,-1.37336088999687
"1875",0.0282777872171207,0.692597755297007,-0.0514649224301735,3.22146051999943,0.225208412879702
"1876",-0.00213507338983579,0.666143906749296,-0.0510211555073837,3.21940032807441,1.28149570748285
"1877",-0.028364038488976,0.695340475133059,-0.0454636759730067,3.22100829332297,-1.17657176770628
"1878",0.0269699415823889,0.715502313626293,-0.0501330369952159,3.22128911610449,-1.09965708553119
"1879",0.0232949374178228,0.726640315883603,-0.0527533184119361,3.22072032030418,1.83105821153679
"1880",-0.0432863302214023,0.822290010867658,-0.0364837689132601,3.23327867235552,1.88573649155044
"1881",-0.0433383168426148,0.923180703558132,-0.0247000909004397,3.24262049693709,-0.820637665218799
"1882",0.0200741445096278,0.911255420503142,-0.030728622925441,3.23785295857004,-0.501549952399127
"1883",0.00757888150951783,0.87959359688102,-0.0346254457643593,3.23343093924337,-0.133185369298938
"1884",0.00453681283479407,0.846422549890918,-0.0376624328846122,3.22963906047804,-0.698420254866816
"1885",0.0203285226474648,0.841447224829791,-0.0414107245279756,3.22695298903324,-0.0596658728918065
"1886",-0.00149515233351187,0.80849092036121,-0.0430359475191859,3.22409755587127,-0.239020131721185
"1887",0.00549778035864745,0.778906630408348,-0.0443546598073655,3.22165866716533,0.536994130500712
"1888",-0.00866828722471392,0.753517806166489,-0.0452625497073022,3.21958989163576,1.90088977178481
"1889",-0.0440035898570996,0.856573953760066,-0.029802491108178,3.23322860798102,1.03101181923905
"1890",-0.024417942290367,0.866688882067283,-0.0312553873470762,3.23077309258365,-0.18798357064948
"1891",0.00428751676138098,0.833510592928179,-0.0349779520714888,3.22736515320353,-0.260869713158679
"1892",0.00459170282031383,0.802315248635696,-0.0379435060158456,3.22445164044863,-0.81597421991581
"1893",0.0192223289217008,0.796269365555885,-0.0415219597038368,3.22245581215653,-0.454579564229751
"1894",0.0127260930964313,0.776934575587771,-0.0435211331955735,3.22036035566576,0.293513565576264
"1895",-0.0067958585048445,0.749553888001817,-0.0446628245048582,3.21846622040381,-0.691128403540214
"1896",0.0157908285248831,0.737040634914979,-0.046345710654719,3.21708349916539,0.412310994945353
"1897",-0.00878323542207186,0.713318043447146,-0.0468394761783508,3.21567822239845,0.790402241375487
"1898",-0.0189663819560359,0.710698777104759,-0.045905393120522,3.21506404171438,0.957639355621792
"1899",-0.0225093657676362,0.718965327594393,-0.0441176445564354,3.21518948466506,-0.0722282443824052
"1900",0.00192587707704172,0.691358479594506,-0.0451867041245027,3.21403723270659,-1.04591307901372
"1901",0.0231469778090569,0.701222623258967,-0.0487125402246479,3.2144403634257,1.07481063737117
"1902",-0.0246115037143719,0.713495278003973,-0.0459028434093,3.21496463861351,0.403691436354814
"1903",-0.00862449797239825,0.691711917357648,-0.0464450274089355,3.21387710862211,1.34345310572591
"1904",-0.0301738511732297,0.727604159288621,-0.0410251979663038,3.2169958122859,-0.941384786937743
"1905",0.0216704445747973,0.729272875206217,-0.0445641422150974,3.2164206705944,-0.950331126282777
"1906",0.0228951383294896,0.738143929050852,-0.0480778033839693,3.21638258302455,-0.857251889806787
"1907",0.0184114105189861,0.733861807896774,-0.0496534549394384,3.21559945033407,0.0291800410591014
"1908",0.000964110278758382,0.705608745447915,-0.0495835872088506,3.21438784040924,0.683291166153405
"1909",-0.0145929507934859,0.692818104424824,-0.0488836058065947,3.21355934616781,-0.96084594224673
"1910",0.0213547986235689,0.696113632119592,-0.0509581629763437,3.21357588065595,1.84076507070653
"1911",-0.0444458171064312,0.800149965286307,-0.0325806793707235,3.23032777423814,0.172191174701958
"1912",-0.004729899384939,0.771148086401664,-0.0359898176023885,3.22698765634177,0.643089033029037
"1913",-0.0148214943325079,0.756247534125376,-0.0381240094365744,3.22431893852931,-1.52148765382868
"1914",0.0357283794841819,0.81167327919189,-0.048738835243635,3.22813517244338,-0.49296895541806
"1915",0.0136582748401821,0.794132248644062,-0.0493692116248744,3.22526180777508,0.0581226404040791
"1916",-0.0009591779164706,0.76317507588429,-0.0493572490073842,3.22265122766883,-0.641214671483387
"1917",0.0149554487143251,0.748623946969893,-0.0499641004960038,3.22061451946421,-1.0582109330537
"1918",0.021624592815382,0.752281298594936,-0.051849801753481,3.21963056904454,-0.0886918018227822
"1919",0.00419159844547642,0.724592249967296,-0.0513470687534522,3.21783726464188,0.839412925282146
"1920",-0.0204717018355133,0.724714454098416,-0.0492361954997673,3.21705475398372,0.0146638316855074
"1921",-0.000287393808963934,0.696764683914174,-0.0492515572233036,3.21563242493963,-0.765384955144871
"1922",0.0171063182173721,0.689778348852649,-0.05032456520082,3.2148200833602,0.339258382773228
"1923",-0.00770764771510731,0.666917890523657,-0.0500318787687288,3.21373508726242,0.294074612752698
"1924",-0.00686744092742633,0.644784328804893,-0.0498044044298131,3.21280610127136,-1.04790273349656
"1925",0.0249319962270809,0.661796107004544,-0.0533262432791455,3.21407755543994,0.0445004828229179
"1926",-0.00258104142452523,0.636795327367756,-0.0524983926428032,3.21308636043946,0.414385675106349
"1927",-0.0102406586126779,0.619784292896512,-0.0515773618587767,3.21230227753824,-0.103435546717451
"1928",0.00268662912206744,0.596731085359774,-0.0511148793853409,3.21156824494798,-0.385128605197282
"1929",0.00662479341219196,0.577293714225633,-0.0508238550594782,3.2109531553375,0.0296779939854663
"1930",-0.00189564864347803,0.555873738690828,-0.0505111841675383,3.2104143023065,0
"1931",3.91652025907078e-05,0.535172727171381,-0.0502643283388632,3.20995340308465,-0.640025999630267
"1932",0.0151411626787511,0.530888202495034,-0.0511624159708665,3.20998036536146,-0.0298685784777264
"1933",-0.00109840193958833,0.511303633088608,-0.050781447292449,3.20958229583414,1.02534518931981
"1934",-0.0223616312981497,0.52645734247858,-0.0466925233421889,3.21144625204498,0.78050613443143
"1935",-0.0179936430343883,0.530222034717748,-0.0451827976031086,3.21180769451182,-0.0880540121466822
"1936",0.0020329275419557,0.510805386487254,-0.0460335112612385,3.21114511023049,2.13531244705689
"1937",-0.0509266647937052,0.667314003193442,-0.00219181767184824,3.26950785592487,-0.489843941578738
"1938",0.0112828761701306,0.648718822849566,-0.0121194748451779,3.26054492118783,0.791200272105169
"1939",-0.0172674659461512,0.643592274046818,-0.0186093898564735,3.25328200886165,0.386128474028052
"1940",-0.00822772659838748,0.624143004923541,-0.0247723349837753,3.24664522393138,1.40318367737689
"1941",-0.0324731899758029,0.672725582012156,-0.0211008384078918,3.24764257333954,-0.64953631357289
"1942",0.0168753302729632,0.664585769946881,-0.0278423028517999,3.24213442518402,0.0424899092859699
"1943",-0.00106797704070262,0.639223450896761,-0.0322590793023507,3.23708096019806,-0.981864878446492
"1944",0.0233649295345841,0.651806824336376,-0.0388370139581939,3.23442556744249,0.584588533006092
"1945",-0.00894465093840625,0.631747957828681,-0.0408526725381994,3.23051517470531,0.170454586725516
"1946",-0.00270038030756221,0.608343983888994,-0.042586841179091,3.22714440087573,0.113475189481438
"1947",-0.00319149504669742,0.586094934512656,-0.0439613140787269,3.22426194569425,0.945333318612734
"1948",-0.0217877783547418,0.596446000639969,-0.0421888718748298,3.22332174411693,0.0280819996229198
"1949",-0.00151248346806034,0.574268745042111,-0.0436519848853774,3.22099216002665,0.587907628391837
"1950",-0.0130586867470078,0.564380791298872,-0.0441798237087785,3.21920424548229,1.23449795805755
"1951",-0.0283511803960781,0.598894562353803,-0.0383900743897433,3.22232560087812,-1.66809539240108
"1952",0.0386116540056218,0.67387820936488,-0.055195488751143,3.23341822660331,-1.95335297803442
"1953",0.0460346233435008,0.797167984470729,-0.0770330428300379,3.2541262567862,0.740533147752276
"1954",-0.0185859429873237,0.786840403123464,-0.0703970327889831,3.24767698200195,0.903960957772515
"1955",-0.0203525769682897,0.785409077430122,-0.0644723961880574,3.24251225721355,0.308858872509632
"1956",-0.00604422020629544,0.757673221181748,-0.0613042801652874,3.23741078426164,0.656656219148055
"1957",-0.0166285083492099,0.747297417864231,-0.0579549002118634,3.23335718496573,0.652372360180165
"1958",-0.016780663003669,0.738280403369797,-0.0552107558567453,3.22993114563371,-1.0290731893156
"1959",0.0244102484676315,0.748776747382308,-0.0566935828404178,3.22804642268573,-0.307994083593216
"1960",0.00363193784650876,0.720940955201705,-0.0551888761088469,3.22503394214922,1.33706727290882
"1961",-0.0307696279025195,0.756864647146789,-0.048155594803345,3.22637028428888,1.10072657857783
"1962",-0.0248348536045879,0.771667843302617,-0.0452696677413431,3.22530477665939,-1.21146856110255
"1963",0.0285436703387716,0.794618378920495,-0.050084164482296,3.22504623603,1.11563721692138
"1964",-0.0286863685751199,0.816794643277156,-0.0460900788838306,3.22470907784364,-0.329263570899929
"1965",0.00733073205191091,0.787841799216492,-0.0468023480701972,3.22218532399515,-1.09154797081105
"1966",0.0279246815766636,0.810563448834784,-0.0512309250322937,3.222322861731,-1.21603287554581
"1967",0.0234638975261317,0.81821926054821,-0.0532051912004864,3.22131751159779,0.0562350640434861
"1968",0.0013853475931545,0.786445745524621,-0.0524052862403079,3.21927804917971,-0.875217331577349
"1969",0.0211882672136141,0.78627860070399,-0.0534592481770548,3.21828601305388,-0.340861003227394
"1970",0.0076280012367221,0.760093174432418,-0.0527005317108688,3.21670152727214,-0.470589103741265
"1971",0.00696585081716715,0.734030539389859,-0.0520710873974514,3.21534067073154,0.0714438838704812
"1972",0.00202182613574341,0.705962071446217,-0.0515053503812229,3.21416660873465,-0.0571510231300754
"1973",0.00136895450776416,0.678918300562044,-0.0510545533545243,3.2131624539973,0.825509954101766
"1974",-0.0194327714793847,0.678389699959359,-0.0490851802045835,3.21300891205411,0.297219099276153
"1975",-0.00716197453586347,0.656321819836009,-0.0490343547629212,3.21218908060285,-0.042405824368591
"1976",0.000564866161552868,0.631295857474085,-0.0490913440877825,3.21147122198263,1.89068022521838
"1977",-0.0456768083635116,0.74851090829835,-0.0257142101705756,3.23588870288763,-0.500696456315042
"1978",0.0115094197248425,0.726895031831837,-0.0307866061109695,3.23178844381778,0.985092947030269
"1979",-0.0223618432700386,0.731866940229402,-0.0324498578935662,3.22926801691722,-1.16651787991411
"1980",0.027193308422819,0.751750678760619,-0.0396601482404995,3.22824685335978,0.195367073024949
"1981",-0.00175840049830767,0.722681343174828,-0.0416454189454546,3.22520409236576,-0.391116576246664
"1982",0.0106938190889335,0.702463841791359,-0.0434653524468134,3.22265845200833,-0.0980186313862208
"1983",0.00427023820782811,0.676816822412941,-0.044687362264763,3.22042673141303,0.391499381479354
"1984",-0.011058154016028,0.659027276880113,-0.0453469486829344,3.2185884520214,0.570515705954189
"1985",-0.0141983162294983,0.648017234606351,-0.0454661689329118,3.21717461584035,0.013874436373279
"1986",-0.000148378983496903,0.623354277707405,-0.0462572062104612,3.21573493153823,-0.152724778036956
"1987",0.00318177497604853,0.600424447790362,-0.0468935772050693,3.2145042927948,0.166597289677428
"1988",-0.00636478592122492,0.580480155402893,-0.0473249375244571,3.21346119880517,0.980061678615307
"1989",-0.0222823958836923,0.592776419724566,-0.0445855997716172,3.21428243628063,-0.385356931599001
"1990",0.00939895805243242,0.575826597552641,-0.045747420022493,3.21330217653341,0.577479949388399
"1991",-0.0133614249077492,0.565961680653974,-0.0458393330253578,3.21262971991004,-0.178387697391458
"1992",0.00398407233099711,0.545739888380306,-0.0465680144363572,3.21184937099875,-0.151192386714599
"1993",0.00521052616157463,0.527379853842145,-0.047178020820179,3.21118678677372,0.302156527098857
"1994",-0.00885820540000845,0.513077901523249,-0.047401969058498,3.21066213329265,0.260220649476228
"1995",-0.00634694219843888,0.497130024823926,-0.0477003699422892,3.21018140851071,-0.136873823723016
"1996",0.00366828850603817,0.479804330101018,-0.0480471629908064,3.2097556566953,-0.839011867632372
"1997",0.0194816941629341,0.48830619364595,-0.0510882329744633,3.21085087662516,0.151818399183062
"1998",-0.00500154512194874,0.471924372379406,-0.0506885590531076,3.21033089888769,-0.442295123243164
"1999",0.0104773210771384,0.462116023977111,-0.0508286287878222,3.21000083465522,0.428502970955941
"2000",-0.00977843358621872,0.451619215615656,-0.0501758122688098,3.20968866288508,0.454139636919465
"2001",-0.0106053121443038,0.443360564645881,-0.0494813930826101,3.20948763668982,0.274235740219464
"2002",-0.00706977755755056,0.431138416771024,-0.0492828268674051,3.20919431706442,0.0273822564690218
"2003",-0.000498565302683746,0.415851148466974,-0.0492885565245533,3.20891005457626,1.52156175517582
"2004",-0.0355179878908287,0.486657851933815,-0.0286572267728809,3.22980887768718,0.457358881716935
"2005",-0.0101820434671011,0.477139534228013,-0.0324224120721277,3.2266818963452,-0.700339562817653
"2006",0.016568626491616,0.477898983734942,-0.0375283062467822,3.22458300115763,-0.964222857158475
"2007",0.0196865295396522,0.487831958672095,-0.0429712897407587,3.22370037035344,0.326975768155674
"2008",-0.0054612374305716,0.471765028936758,-0.0442301790661469,3.2213219189568,-1.35572086721106
"2009",0.0326390435568871,0.52626215795479,-0.0583627060453618,3.23080140380233,0.453952220509685
"2010",-0.0103056176313328,0.513016606877354,-0.0562188655515254,3.22745774647723,0.410903194224721
"2011",-0.0101030106763735,0.50140523972798,-0.0544264399449879,3.22462891654721,-0.644500002612092
"2012",0.014031131713681,0.495944591806494,-0.0542869840683728,3.2224407458563,0.357045147225066
"2013",-0.0118204269856994,0.486778536716846,-0.0527265291313436,3.22040156130352,0.260113775244053
"2014",-0.00719849920777509,0.472839228981558,-0.0518723855231853,3.21852483895899,0.531807348689561
"2015",-0.0118784579203081,0.465544157987624,-0.0506823895792224,3.21710564394761,-0.518135874199749
"2016",0.0123239863934322,0.45857228116394,-0.0510799179500676,3.21589912465747,-1.0167716065404
"2017",0.0219336860027639,0.475492408079989,-0.0550739930928149,3.21730290726867,0.468449465087256
"2018",-0.00920840171502327,0.463387749813275,-0.0536404480066788,3.21590283913658,0.34305350967892
"2019",-0.0076912440272616,0.450908229876034,-0.052556668057315,3.21468898670668,-0.205690850717721
"2020",0.00521688961328209,0.436457247606423,-0.0519411410588988,3.21361645888597,-0.426439878645757
"2021",0.00911018136739802,0.426679287684425,-0.0517366453003263,3.2127793775703,0.45388978274345
"2022",-0.0105712238859414,0.418822565658502,-0.0507452886009063,3.21212128114817,-0.123583949817707
"2023",0.00326550294781855,0.404655311985922,-0.0504628264508394,3.21141432875674,-0.93871478931104
"2024",0.0209024611519738,0.420275314173813,-0.0546509931738748,3.21352219150762,-0.514497415256027
"2025",0.010462546684143,0.413537751738542,-0.0541462300641048,3.21279773411077,-0.0976358261535304
"2026",0.00457526710871946,0.400551362966043,-0.0532033836760716,3.21199897434675,-0.0558347306521212
"2027",0.00215298114318916,0.386900079479937,-0.0524082654853328,3.21130901208509,-0.349675158731061
"2028",0.00706497215198193,0.376919672626776,-0.0519557632712136,3.21075784560696,-1.18394617628881
"2029",0.0267160271934928,0.412857210887374,-0.061766425949659,3.21867721334299,0.127523928015255
"2030",-0.00207048219011739,0.398472452143514,-0.0592025833317028,3.21702003676435,0.480294750108362
"2031",-0.0111746288881484,0.393092166967582,-0.0564743208843948,3.21583193311556,-0.155137186463461
"2032",0.00353255494335317,0.380143437924746,-0.0550182384658213,3.21458835475086,0.689221379405608
"2033",-0.0168321471809061,0.386023756742267,-0.0513699419129425,3.21477306072221,0.795815718365711
"2034",-0.0194152192376429,0.399206471924832,-0.0469507236806545,3.21604936079845,0.554709507245776
"2035",-0.0126944983874007,0.396962211977265,-0.0463258452759899,3.21520214452006,-0.499099885348353
"2036",0.0119455692278106,0.392313138506933,-0.0477205897983642,3.21431647807482,-0.403872145656908
"2037",0.00841345357986591,0.383783808527633,-0.0483772763428143,3.21337558807224,-0.391499381479354
"2038",0.0107460096219783,0.378614148586672,-0.0492489764242441,3.21270909379272,0.363585913049685
"2039",-0.00679289256402358,0.368464381903266,-0.0491133197565262,3.21194531213141,-0.125707119005114
"2040",0.00339043924536571,0.356560645350606,-0.0491727011025572,3.21126459482102,-0.476324800842665
"2041",0.0118514992585208,0.354098181223815,-0.0501851383750627,3.21104611967081,0.588072263232658
"2042",-0.0146130837953873,0.356027615534554,-0.0482788127131059,3.21126740056125,-0.167668056605541
"2043",0.00352643770723084,0.344641330357776,-0.0485100637760132,3.21068485852871,0.474331246472948
"2044",-0.0115702656453693,0.341994267542507,-0.0477501098080653,3.21052132628532,1.42336404266689
"2045",-0.0329722384753499,0.405326500601293,-0.0254146704963095,3.23399117294158,0.656457499650659
"2046",-0.0155750343840688,0.40919172076686,-0.0282463870368336,3.23111136019562,-0.122757977633697
"2047",0.00335171440302686,0.395428240027862,-0.0325927291921887,3.22765495608464,0.204512989681566
"2048",-0.00660344359700698,0.384536128499255,-0.0358943474780664,3.22472450115331,0.597503135572902
"2049",-0.0133772591477625,0.383623890472388,-0.0373731153686693,3.22271164328375,-1.44554542217769
"2050",0.0346264235850255,0.450090716774709,-0.0608164833303199,3.2420934596531,-0.924590868705893
"2051",0.0200842943615614,0.463482766440201,-0.0621711829464102,3.23920017348692,-1.31176873997995
"2052",0.0303567289410214,0.511080095448534,-0.07097352352784,3.24420874807036,-0.0280977804602123
"2053",0.00400664855918626,0.493812885722154,-0.0665521488190383,3.23885926686728,-0.210985379623785
"2054",0.00332117038249718,0.476579623177682,-0.0630193054692883,3.23428126905863,-0.451595461241489
"2055",0.0102024427635143,0.466454725198434,-0.060606449324983,3.23047759052923,-0.624292606484605
"2056",0.0132397122219938,0.461906979335769,-0.0592303607605018,3.2274595389598,-0.128177757348363
"2057",0.00350748946994523,0.44624636562725,-0.057211487037996,3.224533035373,0.695877266680184
"2058",-0.017726111230506,0.4513565045576,-0.0533122326881443,3.22314486979581,-0.0424658510168208
"2059",0.000794731162590592,0.435176949091421,-0.0524891362020009,3.22084078810107,-0.724692336779714
"2060",0.016070502271966,0.437210542493856,-0.0536253058322467,3.2196820693524,-0.128433838560743
"2061",0.00340877598518562,0.422598781192396,-0.0527608251642586,3.21788179552906,0.569558708989265
"2062",-0.0124335206767902,0.417984666046218,-0.0512041493640625,3.21663905491089,0.439187502001553
"2063",-0.00952719766817742,0.40975658042894,-0.0503831136551473,3.21539874614284,0.732397640035543
"2064",-0.0169464431331205,0.415313481577698,-0.0477829504704447,3.21540284708411,-0.60525204121587
"2065",0.01333581565498,0.412023965798695,-0.0490972953549625,3.214593162047,0.084674010139485
"2066",-0.00108945011697249,0.397573460648593,-0.04914109829179,3.21352723576111,0.674823311604983
"2067",-0.0150785612301093,0.399149754384706,-0.0474802505522805,3.21337101158202,0.0560302578042571
"2068",-0.000907054037852469,0.385320261263409,-0.0478559857419749,3.21248206385385,-0.294509714308849
"2069",0.00744401648626368,0.375711582134405,-0.0483663887087769,3.21176870557628,0.630033585625084
"2070",-0.014677994441319,0.37703357982411,-0.046925330931378,3.21183142703752,0.125531782995569
"2071",-0.00282366507255276,0.364729185486685,-0.0473993402391519,3.21116696533991,-0.559129217339105
"2072",0.0135026891805408,0.364503533939257,-0.0491518306824595,3.2111594297676,0.976434037700985
"2073",-0.0251404735624209,0.393799058771675,-0.0406028766940352,3.21715329317226,-0.0138821406483747
"2074",6.13006856614399e-05,0.38011210597901,-0.0423944021569626,3.2157166968453,-1.1870818819225
"2075",0.0288103709575888,0.423198716010085,-0.0564098179276115,3.22543072008659,-1.13027481886075
"2076",0.0233922561381535,0.447407856626241,-0.0611895818124282,3.22708680594314,-0.970881412696095
"2077",0.0232476793822485,0.469698519257,-0.0642955441403616,3.22788202702139,-0.589972212718826
"2078",0.0161041448914374,0.471465228641246,-0.0629791116781141,3.22568957905423,-0.187793482420012
"2079",0.00381788730073366,0.455596049496199,-0.0601952410170154,3.22302024435034,-0.246109425707247
"2080",0.0049932674296728,0.440971563066327,-0.0580087134354245,3.22074157574585,0.0869313297283847
"2081",-0.000817649836582421,0.42526360338966,-0.0562192335284548,3.21878545524459,-0.348179664091258
"2082",0.00718404115304714,0.41367607586755,-0.0549617172389328,3.21714598577861,0.304723445546889
"2083",-0.00798692169292747,0.403254189987912,-0.053577390151675,3.21576061199365,-0.174013965024461
"2084",0.00385223052680564,0.390051669889296,-0.0527234944131321,3.21452820612484,0.4344684604011
"2085",-0.0090114308260416,0.381898070229882,-0.0516617135258194,3.21356725888618,0.662540231423131
"2086",-0.0152197422415517,0.384820865876501,-0.049258360163274,3.21354108065197,-0.273126023306558
"2087",0.00599930120522278,0.373662840847707,-0.0493623696624647,3.21264323913996,-0.317185963734168
"2088",0.00653817361503143,0.363844846477199,-0.0495126394517442,3.21189228027536,-0.115590245495456
"2089",0.00266525860405981,0.351969545573559,-0.0494837727116668,3.21121848362338,0.777653688581414
"2090",-0.0172296281401369,0.36002471329531,-0.0464582687584236,3.21225010115894,0.771652871554773
"2091",-0.0172322585697003,0.368820500311855,-0.0439153503312369,3.2132334745029,-0.943942935709652
"2092",0.021552693654668,0.386492156737081,-0.050240682903478,3.21574251328125,0.815746920716892
"2093",-0.0194064985650205,0.397309113178782,-0.046577687755086,3.21647375317422,-0.371269882416309
"2094",0.0084698795185445,0.387809044366619,-0.0473944039461515,3.21519572924736,0.939776245877139
"2095",-0.0205613982125473,0.402443169758255,-0.0434731189175698,3.2166670076557,0.579384083835566
"2096",-0.0126972645943948,0.400111272839688,-0.0435697274945911,3.21572725683472,0.477931750332067
"2097",-0.0118649147716336,0.396141270716472,-0.0438747809361167,3.21481028197558,-0.393424703049355
"2098",0.00980105074024698,0.388480050016804,-0.0454211750077165,3.21383336629098,1.56449622101613
"2099",-0.036005866212054,0.461675577874921,-0.0228805637980553,3.23779284877009,-1.2692826798419
"2100",0.0301313873018837,0.503162788181228,-0.0382121013391259,3.24130151971424,0.90827145743192
"2101",-0.0180318983953032,0.505084636362915,-0.038694330376151,3.2371872369266,-0.27859051309993
"2102",0.00685252814396971,0.489380457834662,-0.0409702194670057,3.23286547796448,0.888771299640861
"2103",-0.0157012548308701,0.487905538746673,-0.0413329099642267,3.22971314109357,0.193370226000061
"2104",-0.00308746770662914,0.470944127032851,-0.0429594480014095,3.22645944381212,0.701274788711154
"2105",-0.0173076317067059,0.474356944686751,-0.0422623085070567,3.22461912512038,-0.715074554137041
"2106",0.0173085021056939,0.476531415500397,-0.0455383126827911,3.22293511586429,0.261870454936081
"2107",-0.00337831057098351,0.459855847522703,-0.0463046201397083,3.22066219834736,0.274914262492193
"2108",-0.00556480810331014,0.445455091945376,-0.0468520956213614,3.21872856775459,0.356262366401061
"2109",-0.00805494207626935,0.434054120317568,-0.047130591301968,3.21711575132777,-0.424920110258425
"2110",0.010427446226194,0.425712506304001,-0.0480427169944515,3.21581856544535,0.109829774906262
"2111",-0.00146070996293258,0.410730554716756,-0.0483028961056345,3.21457524333118,0.383457057096209
"2112",-0.00862250593071661,0.401367482778743,-0.0482063249699136,3.21358826622629,0.0546597444600894
"2113",-0.00101999070159823,0.387436213437659,-0.0484327722441592,3.21266785920728,-0.259900289927151
"2114",0.00631393962710714,0.376684578360565,-0.0487408609380432,3.21190461269974,-0.480539127493845
"2115",0.0117928603259361,0.373367793887165,-0.0497663761083928,3.21155643382377,-1.07929648776977
"2116",0.02523590369782,0.404596167502655,-0.0586490611012886,3.21789816321063,0.152915856585328
"2117",-0.00312135744580629,0.390861273213227,-0.0567201426967529,3.21635430275021,-0.306065903923103
"2118",0.00711433534750132,0.380640485740983,-0.0553722560454308,3.21507032410438,-0.125479277530549
"2119",0.00437100139864369,0.368895803256074,-0.0541743359181821,3.21394200679723,0.76437033960805
"2120",-0.0189009714525087,0.380194402330421,-0.0495146453157513,3.21507652218727,-0.180142777185216
"2121",0.00320910976368384,0.367596938631841,-0.0494840286864423,3.21394154621873,-0.208261095752649
"2122",0.00431593311961837,0.356327513123326,-0.0494953301317077,3.21297626493474,-0.0556096218974234
"2123",-1.07804865831534e-05,0.34424027706577,-0.049457467903427,3.21214443446891,-0.390135648804274
"2124",0.00973400935888778,0.339088776286845,-0.0499907919874074,3.21160684521993,0.376228410064106
"2125",-0.00720906720055179,0.331047686099502,-0.0496380997944946,3.21102076779144,0.540954228520479
"2126",-0.0126477061629057,0.331167980737841,-0.0482078574236807,3.21103653280265,-0.346428670445037
"2127",0.007814803230416,0.323997649432806,-0.0487105018118219,3.2105525462816,-0.166713014439063
"2128",0.0037297726370984,0.314340513576004,-0.0488741019768434,3.21007674099186,0
"2129",-0.00134326109709321,0.30417207457535,-0.0489626545539124,3.2096647732517,-0.669645359512111
"2130",0.0157914106130358,0.311152150207348,-0.0519136863060582,3.21084240377603,-1.1261380272539
"2131",0.0260098196791562,0.348108710473404,-0.0644205820806533,3.22178649896443,-0.311924256879809
"2132",0.00671779772548136,0.340001661627462,-0.0615475875837297,3.21973339664791,-0.683958209167673
"2133",0.0174837714021067,0.349682794663469,-0.062445707580497,3.21984449571003,-0.559181326577785
"2134",0.0136701452394185,0.351291766371037,-0.061406910178619,3.21875439597602,-0.576786025868475
"2135",0.0114574347919782,0.348805212047068,-0.0598854664638809,3.21744316098123,-0.202663647825668
"2136",0.00548126100787222,0.339277261721977,-0.0578236409859965,3.21598514928047,0.303841657468773
"2137",-0.00687673526497356,0.331010311347134,-0.0558803471565378,3.21475906307656,0.028889210081029
"2138",-0.00126892990795879,0.320153334666189,-0.0545269998480305,3.21366919893081,-0.0722386797288865
"2139",0.00117565494779666,0.309715961774968,-0.0534549902622878,3.2127370813524,1.80468948339696
"2140",-0.0412629535019398,0.41476070731816,-0.00240945746389974,3.2810967208429,-0.826686578032998
"2141",0.0189075778706599,0.421976570000196,-0.0147323875617997,3.27178826609299,0.41419754995683
"2142",-0.00913257984510975,0.412174860137357,-0.0215503524627158,3.26251508233842,0.554333023489545
"2143",-0.0127726155434005,0.40908909361017,-0.0262411488353351,3.25489458589672,-0.18443645719165
"2144",0.00419455814360693,0.395753494834103,-0.031015369760433,3.24799682306154,0.0283969901098913
"2145",-0.00166436941838702,0.38213028992405,-0.0347775085713873,3.24209466389712,-0.213174244019149
"2146",0.00419404029446163,0.370097925552857,-0.0378050503991501,3.23705164039391,0
"2147",0.000797411298406122,0.357469906053686,-0.0401726386441988,3.23273409102744,0.241563172527764
"2148",-0.00508916377500875,0.347073624987726,-0.0419774771895309,3.22905351376858,-0.455192820105954
"2149",0.0103468397342766,0.342469631894766,-0.044132190280807,3.22610250557255,0.270520560789489
"2150",-0.00514601042286089,0.332610292742971,-0.0451249475826363,3.22338154829731,-0.541774920843674
"2151",0.0123204925091456,0.331625859739135,-0.0471546901852677,3.22150289649009,0.171404127095232
"2152",-0.00388772881217838,0.321483338131953,-0.0475681444835473,3.21944006294415,0.0998502329589535
"2153",-0.00209266865574156,0.311222051648628,-0.0479197283509549,3.21767288144775,-0.586260347911266
"2154",0.0131345376426954,0.312675199022995,-0.0497986021885216,3.21685572955858,-0.129152633293106
"2155",0.00236834554456953,0.302954860235955,-0.0497118034522521,3.21546341012541,0.0861202866489774
"2156",-0.00170113946158122,0.293354404328496,-0.0496261028576591,3.21427166448464,-0.488998529419171
"2157",0.0114404994939178,0.292785304336737,-0.0507122184302874,3.21370277067708,0.37415499110065
"2158",-0.0083730390799264,0.287892007705,-0.0500087353176696,3.21288147563078,-0.0287315042919012
"2159",0.000147360205672896,0.278758340081426,-0.0498652489763518,3.2120633691403,0.129226811005351
"2160",-0.00143671645509305,0.270157863522561,-0.0497488137920351,3.21136383601123,0.415265148911453
"2161",-0.00951154723679523,0.267957327692479,-0.0488947405328272,3.21102636375006,0.0142887761906296
"2162",-0.000760260168157704,0.259748982777941,-0.0489796012463265,3.21047687726926,0.114236768099429
"2163",-0.00230811956999084,0.252196126983983,-0.0490361161885458,3.21000791302596,0.512456637487652
"2164",-0.0118565161529312,0.254206235106875,-0.0474469491806356,3.21033163389697,-0.55528013396679
"2165",0.0129336408215651,0.257377318575552,-0.0497838413114179,3.21079474336328,0.114155263538268
"2166",-0.00185541440917507,0.249724736204307,-0.0496830573508934,3.21027896581123,0.299039026689313
"2167",-0.00689142177189438,0.245493779624761,-0.0492769082011455,3.20992272422676,-0.227758105572962
"2168",0.00535885553943996,0.240020549251377,-0.0494265925992781,3.20956082767281,-0.945024215180273
"2169",0.0212374519963317,0.263845640631274,-0.0596303357461076,3.21751565907432,-0.866932174327795
"2170",0.0192740713739865,0.282196411815994,-0.0645363323810784,3.22105578239522,-0.188830036499654
"2171",0.00510094481243461,0.27539079194748,-0.0615444596601235,3.2190814227211,-0.145496897484537
"2172",0.0046801931115355,0.26835512261643,-0.059122011172242,3.21738169512771,0.566244707160679
"2173",-0.0141354098739438,0.273386179099787,-0.0546538516363801,3.21714555326423,0.418984937140487
"2174",-0.0105049448937149,0.272821132567446,-0.05245788333834,3.2161325818894,-0.839732746816629
"2175",0.018624150787522,0.287213387129817,-0.0571882682404635,3.21836296191822,-0.130937677832993
"2176",0.00153871660742378,0.278371267442449,-0.0555738421584311,3.21675164161672,0.696361438670312
"2177",-0.0165576646151384,0.288129878230927,-0.0504964121921867,3.21757957801217,-0.144675951161177
"2178",0.00383853017927251,0.279794554001871,-0.050285533756127,3.21608520515745,-0.144885565768166
"2179",0.00338419755127924,0.271826785467721,-0.0501200196032893,3.21480751281929,0.65033829904404
"2180",-0.0160052920244209,0.28056077560852,-0.0464360750550349,3.21570871974578,-1.34872612238265
"2181",0.031023177013392,0.335359721320915,-0.0709426757047378,3.24021718220277,0.218770596989309
"2182",-0.00531586575641525,0.325609355975231,-0.066430592798872,3.23545043354902,0.261894518962752
"2183",-0.00617376218719256,0.317531622753715,-0.0627428391121151,3.23139871718659,0.0145296040938436
"2184",-0.000462963876118197,0.307143265202742,-0.0599793932560444,3.22789961310685,0.853531402336744
"2185",-0.0191333500612082,0.321991016166427,-0.0526988845084592,3.22817387421078,-0.6213443875623
"2186",0.0131581274147102,0.3223332695157,-0.0533905947282795,3.22572034426206,0.405034547649641
"2187",-0.00902350829698267,0.316860483792825,-0.052104345025854,3.22317103765575,0.991173811588764
"2188",-0.0226530109912733,0.341860294761396,-0.04326424391568,3.22710532382408,0.228440990263251
"2189",-0.00526129325650443,0.332662175424351,-0.0443888466393967,3.22424980835739,0.512092157489025
"2190",-0.0110716152212782,0.330077998802021,-0.0444997501908374,3.22211117807509,-0.355341145699495
"2191",0.00765701038617242,0.322832047392891,-0.0457534398852109,3.22001995361962,0.553782032931133
"2192",-0.0122209830553142,0.322011177293345,-0.0453101402925828,3.21863156791392,-0.070826548750158
"2193",0.00250753165836997,0.311739926174462,-0.0461407448293535,3.21698148263093,0.55112129885852
"2194",-0.0132181897519316,0.313302345941496,-0.0451772775155123,3.21627793820222,-0.169252508669121
"2195",0.00435827596063604,0.304183910710894,-0.0460746215374567,3.21497438615511,-0.339366841543653
"2196",0.00900024958604203,0.299954379465134,-0.0472948892326426,3.21402336713918,1.14077710618222
"2197",-0.0281167137728091,0.343033818612522,-0.0313825273875636,3.22851120519592,-0.0420197499004293
"2198",0.000907786720717351,0.331524388116908,-0.0350710497906153,3.22543016373478,0.656289446301972
"2199",-0.0158243334378374,0.337415663326644,-0.0354495332210085,3.22409727253521,0.139082080834291
"2200",-0.0033599871776143,0.327083784565295,-0.0382687867108903,3.22165917932558,0.291444242099137
"2201",-0.00702733377456558,0.319675889561488,-0.0403040121231954,3.21962485029692,-0.0693144825700154
"2202",0.00260428912576834,0.309573904324312,-0.0421670350425033,3.21783120939606,-0.152661191261283
"2203",0.00330700831152639,0.300271795097514,-0.0436641800783055,3.21629953791161,0.291242144703496
"2204",-0.00705676279759382,0.293902498272717,-0.0445709120396133,3.21504696768253,0.662528303345383
"2205",-0.0151735685946576,0.300433383235836,-0.0427527240946701,3.21538480522711,-0.842721019646159
"2206",0.0197126374891994,0.316139816659275,-0.0495409805214125,3.21777696406974,0.580994856054656
"2207",-0.0133368909178911,0.317021261124591,-0.0480099304628126,3.21688220323048,-0.20711087831361
"2208",0.00464726838474768,0.307904947411275,-0.0483341431548175,3.2154929497909,0.0828958323236428
"2209",8.72496763051583e-05,0.29790985771579,-0.0485351785966501,3.2142967436113,-0.221208440818776
"2210",0.00569019701942258,0.290537277883102,-0.0488348020169418,3.2133008694753,0.552106302375038
"2211",-0.0118447480514383,0.290578267655563,-0.0476666117591142,3.21293371022209,0.302364166589886
"2212",-0.00646942801079858,0.284406701967593,-0.0477634786441409,3.21216421333054,0.0274423711930705
"2213",-0.000815849488018365,0.275486405343917,-0.048081180931629,3.21144997957741,-0.247252873215614
"2214",0.00578135328992109,0.269136237962816,-0.0484975404369023,3.21087246679009,0.480209470517107
"2215",-0.00932101721066747,0.266526823098181,-0.0479796163440416,3.21057092513901,-0.0821580218745344
"2216",0.00238271799169254,0.258633298165899,-0.0482627153449754,3.21008806234555,0.451036095731694
"2217",-0.00973222797398762,0.257102642441035,-0.0476283010221398,3.20997521093683,-0.533261672517382
"2218",0.0123357132248978,0.259228199515871,-0.0496558556156393,3.21032463358672,-0.0548546365921831
"2219",0.00270099334204448,0.251935200951783,-0.0496098518357839,3.20987943051057,-0.0137183620490866
"2220",-0.000757831078859892,0.244386181625166,-0.0495481002512026,3.20949598063363,-0.178510174419999
"2221",0.00502996867828893,0.238831276663983,-0.0496280004901443,3.20919229011118,0.082428909736576
"2222",-0.00271274426085441,0.232271608030677,-0.0495443357139673,3.20891014730037,-0.0961736695685389
"2223",0.00175106081350906,0.225731610309795,-0.0495016965208403,3.20866737131004,-0.689657905906033
"2224",0.0155033861648701,0.235638478012359,-0.0537831776951296,3.21108791017067,0.469484430420763
"2225",-0.0106531797291251,0.23593606550597,-0.0516860882308815,3.21099369824032,0.89145485095608
"2226",-0.020738374942928,0.258857085260072,-0.0412489859627621,3.21844091681084,0.313543982587605
"2227",-0.00716633110176568,0.25493360459384,-0.0424890277572609,3.21693486414148,-0.381836001905034
"2228",0.00873091113814067,0.252189542000616,-0.0444949709512438,3.21571991765846,0.422660660565521
"2229",-0.0105398281372291,0.251832794235639,-0.0444093338758149,3.21490294669762,0.0951927725382107
"2230",-0.00178454539050187,0.244533861418812,-0.0454096790969726,3.21379277530265,0.596288526520194
"2231",-0.0129821035741376,0.248754325751807,-0.0439585380503282,3.21394647751454,0.740395116796078
"2232",-0.0168177562341998,0.261147197567583,-0.0400717428113441,3.21615750795583,-0.241708188041179
"2233",0.00524432768741705,0.254764309326501,-0.0420784825584013,3.21488379230456,-0.282733274845726
"2234",0.00609887014303032,0.249679679467027,-0.0437973958434363,3.21382869188116,1.37914752073274
"2235",-0.0328938695435622,0.314823875165909,-0.0101824612580423,3.25522851914659,-0.38638379960026
"2236",0.00944534848957842,0.309635390831835,-0.0186902266055998,3.24841100002287,0.293255342127768
"2237",-0.00584459152026513,0.301706351902365,-0.024862386031355,3.24247277032389,0.0266169817914219
"2238",-0.000827242839684115,0.292038934977673,-0.0298916331726821,3.23737033887195,-0.640771115137306
"2239",0.0145448258475608,0.2970111048627,-0.0362830398328605,3.23420429806713,-0.510205188389551
"2240",0.0109022441334856,0.296034054943581,-0.0400452403069916,3.230713828767,0.0807319742449297
"2241",-0.00264684098351796,0.286937187024908,-0.0419410334624853,3.22731474412065,-0.336814060412299
"2242",0.00803421635615861,0.282148460441428,-0.0438642092862111,3.22451954726897,-0.636298092141574
"2243",0.0162001586371997,0.291439934377535,-0.0486067713973875,3.2240940398152,-0.449194248801965
"2244",0.00768753996767768,0.286552870039347,-0.0491625777632451,3.22176662172349,0.122707766436564
"2245",-0.00156814599109958,0.277607794493757,-0.0491910094490563,3.21966219258058,-0.875878050536949
"2246",0.0202926936924335,0.296697891395781,-0.0562272458102536,3.22287488352168,0.616651491566395
"2247",-0.0149976408399147,0.301475670536213,-0.0524628136742459,3.22177132547317,-0.438116801556299
"2248",0.00955491417850999,0.297496653420487,-0.0523965173667046,3.21984763948706,-0.716059242460848
"2249",0.0185177102207164,0.311720202771862,-0.0567648205008345,3.22121705153646,1.05850187557653
"2250",-0.0266887316694682,0.348248876686457,-0.0423914847272657,3.23042243110922,-0.424803653557243
"2251",0.00903669373140588,0.341310264399934,-0.0441735730112871,3.22715978785756,0.438476997394793
"2252",-0.00934050005026022,0.335516468586204,-0.0447593475169057,3.22441137312746,0.177583545063725
"2253",-0.00448551066646316,0.325823270794636,-0.0456298614840412,3.22193387707162,-0.657266504170595
"2254",0.0145442861210331,0.329170477023104,-0.0483850815804349,3.22074497266571,-0.730785741067236
"2255",0.0173800253411214,0.339503307108489,-0.0522082294514065,3.22087412927147,-0.152344049961428
"2256",0.00267169392713163,0.328781054412823,-0.0516303374107719,3.21890058926892,0.359712618084945
"2257",-0.00735253548198301,0.321481126790707,-0.0508995833679828,3.21727098545867,0.206939440615184
"2258",-0.0046213760076944,0.312451570888603,-0.0504983749832457,3.21582904587866,0.0137807483164387
"2259",-0.000896625070447305,0.302325820426319,-0.050253440881667,3.21458420213748,-0.746891438877395
"2260",0.0166005210905034,0.311179720356731,-0.0534425323470267,3.21541641800135,-0.31982228470932
"2261",0.00717451591425819,0.304907874041798,-0.0528994589288918,3.2143085991913,-0.334821741365998
"2262",0.00715005702043317,0.298662979763693,-0.0524481920314661,3.21335455667463,0.0838105929768129
"2263",-0.000810651421024511,0.289092465597232,-0.0518026292409828,3.2124679600771,1.01410885072064
"2264",-0.0234008853940777,0.317040077591649,-0.0410936412982416,3.2199683651217,-0.484933406143767
"2265",0.0105384481698052,0.313415895293292,-0.0434750792543821,3.21835228781625,0.457286184513417
"2266",-0.011299167234059,0.311455770997847,-0.0437254697860673,3.21709106888671,0.441440915510255
"2267",-0.0104863486405106,0.309124653073078,-0.0439934814918251,3.21597902117237,-0.137741068609509
"2268",0.0032538287951804,0.299688448010334,-0.0451071340793075,3.21471441501081,0.4538273621506
"2269",-0.011065589034141,0.298223247673214,-0.0449736521272052,3.21400365337701,-0.660795356003224
"2270",0.0148291732580291,0.303022986339295,-0.0482111469192413,3.21418682522406,-0.2489283542359
"2271",0.00691988740637528,0.296806704047825,-0.048720793916719,3.21324922715457,0.937162316530077
"2272",-0.0215831506463095,0.318360885130133,-0.0413395485664053,3.21786404872314,-0.32976122215565
"2273",0.00749206239734139,0.311223421459853,-0.0432145608534439,3.2163787040962,0.713113279800487
"2274",-0.0159223835675253,0.317875695129181,-0.0416926556141803,3.21651164895457,0.53151743531123
"2275",-0.0128528621592739,0.319280733926882,-0.0416692340926009,3.21586159542173,-0.681944814104662
"2276",0.0155251664809602,0.324492576167146,-0.0456567485301078,3.21582244368826,0.464228031956349
"2277",-0.0114817179386993,0.322155574406337,-0.0454899379813095,3.21491210184207,-1.0544431829652
"2278",0.0240539986326648,0.34985642652936,-0.0553603974621578,3.2208799652265,-0.76003958765507
"2279",0.019633880776422,0.365643776881338,-0.0590226029718651,3.22201812213669,-0.111034015571182
"2280",0.00228635054394179,0.353662027646272,-0.0570361552251905,3.21987814201919,0.484866226631903
"2281",-0.0106477987930371,0.349289192401925,-0.0547491775894667,3.21827817973454,-0.401579159074472
"2282",0.00967994057902261,0.34353090244328,-0.054132302249376,3.21682768644011,-0.152745985401731
"2283",0.00242222500305794,0.332469387756208,-0.0531518169061701,3.21543918426777,-0.515500967423876
"2284",0.00988058142798223,0.328095965688079,-0.052993149212295,3.21445310874976,0.125636925858141
"2285",-0.000571352285130201,0.317234761735402,-0.0522356483974765,3.21340745519609,-0.742144413081364
"2286",0.0175608294293715,0.327681282862624,-0.055365230052921,3.21467480523601,-0.295587519038559
"2287",0.00788653281133291,0.321484991937442,-0.0544947689391219,3.21369806938937,-0.409634021493932
"2288",0.00947998674841863,0.317221557605728,-0.0540389323207745,3.21295520718346,0.0566011052326176
"2289",0.000399765783187869,0.30684767222349,-0.053066471008798,3.21212642888178,0.226084595382681
"2290",-0.00510910413858639,0.298656508567596,-0.0521976269361512,3.21143412486198,0.633136128356077
"2291",-0.0152705571772353,0.305090405505657,-0.0488489712021743,3.21226804153557,0.517592258557764
"2292",-0.012209945612655,0.305898787019481,-0.0474924720644796,3.21215267014357,0.0697398731104193
"2293",-0.00197062582358102,0.29633124068551,-0.0478583254765515,3.21144071426421,-0.0139440842448602
"2294",0.000371746012270039,0.286840363993042,-0.0481572728559246,3.21083120729028,-0.251326577419092
"2295",0.00646391762223238,0.280588219499716,-0.0486124723435814,3.210358887787,-1.70606887433709
"2296",0.0398810540126261,0.380257565954769,-0.102007183780355,3.28473677358258,-0.885593561044351
"2297",0.0210807378856728,0.399909237870835,-0.0967700581763428,3.27723322704,-0.0574052828622995
"2298",0.00178186870803053,0.386288722064445,-0.0870119900502593,3.26709839533695,-0.92299472679977
"2299",0.0235942232863254,0.410728296421141,-0.0860413017490112,3.26322886438813,-0.217564811325061
"2300",0.00392106718315022,0.397642571876599,-0.0785265282667914,3.25512667002669,-0.626322053261408
"2301",0.0129490977708035,0.39528302776443,-0.0736070243468483,3.24861164108469,0.539163419039579
"2302",-0.0113803729728991,0.389827472225022,-0.0679330279756521,3.24284180358021,-0.0581479882643787
"2303",0.00129195601388424,0.37636542033272,-0.0641025024463751,3.23768593734832,-0.437191019877325
"2304",0.00942330473973856,0.369462730003697,-0.0615109011191275,3.23340588563263,0.553453204169235
"2305",-0.0130223745658264,0.367908693355715,-0.0578475255304206,3.23006804545814,0.420320931881468
"2306",-0.0102552972576711,0.362864973437569,-0.055441003266822,3.22697206003536,-0.101295139259699
"2307",0.00281315083232687,0.350944410537294,-0.0541895816505563,3.2241146298526,0.563056421504643
"2308",-0.0133591509312762,0.351054430896224,-0.0517915399633026,3.2222520265567,-0.649962568341744
"2309",0.0146210920930583,0.353063260394106,-0.0530205372974403,3.22085847721081,0.923127859330419
"2310",-0.019456855252081,0.365864812632264,-0.0481468583354001,3.22134492660953,-0.244375885291054
"2311",0.00601190178173377,0.355460326575808,-0.0484823899110796,3.21931785977439,-0.273834573361431
"2312",0.00752201925048828,0.347383312399686,-0.0489146814233934,3.21763041125353,-0.375940292390564
"2313",0.00770286883680785,0.339881848594266,-0.0492907573105787,3.21619791376362,-0.391901220073571
"2314",0.0101860978796943,0.335775931535922,-0.0499881641481421,3.2151287833179,0.0290824489471597
"2315",-0.00118104414733102,0.32463582421868,-0.0498483733711897,3.21398531887828,-0.393328498931234
"2316",0.00886580776165434,0.319204893599054,-0.0501984663002633,3.21314025330765,-0.49751346401139
"2317",0.0103140451809262,0.316210331718585,-0.0508121996527224,3.21256034310724,-0.102737221922711
"2318",0.00347544242404762,0.306787839108949,-0.0505389519415302,3.21179309539093,0.293255342127768
"2319",-0.0075221289426082,0.300587880512096,-0.0499871170481778,3.21120733786136,0.772992983352838
"2320",-0.0178207089631434,0.312827921198872,-0.0454857499455762,3.21329398874615,0.116160895884382
"2321",-0.00302801031549499,0.303418676059964,-0.0462440916578457,3.21241943794042,-0.145222215472812
"2322",0.00291492053689228,0.294162659392321,-0.0468921114551354,3.21166985985942,0.44950412814117
"2323",-0.0105747737990547,0.292233000473596,-0.0464926336882679,3.21135038444327,-0.173761989854093
"2324",0.00426978771821642,0.284008986842396,-0.0471234742974185,3.21076101130841,-0.275742138287077
"2325",0.00670917900940576,0.278180487117645,-0.0478307820813967,3.21031101063488,-0.714653373407403
"2326",0.0162234851626751,0.287627120032715,-0.0518301468246038,3.21199857699451,0.787290843006322
"2327",-0.0170300585693948,0.297285769593101,-0.0476162639011344,3.21344250176385,-0.407451087560345
"2328",0.00980254881384745,0.293740599927182,-0.0485991255194075,3.21274666479487,0.262123347987425
"2329",-0.00622971094940219,0.286794385469674,-0.0485779491435134,3.21198261692295,0.101751589562432
"2330",-0.00259185001902917,0.278214632535164,-0.0487123730428851,3.21129621317227,-0.758352766651482
"2331",0.0168793301776333,0.288651218231855,-0.0528362703387813,3.21307985118511,0.14628440291487
"2332",-0.00489262070834077,0.280857391468327,-0.0520384288437535,3.21224434436159,1.04697771842669
"2333",-0.0245304673521953,0.313142761368345,-0.0390711445955423,3.22224593901007,0.303315029970375
"2334",-0.00677202202102604,0.30656490317399,-0.0408996063400246,3.22013986201866,1.27536299140517
"2335",-0.0293551088343393,0.355588848064445,-0.0239468556740199,3.2367883363817,-0.571185331298513
"2336",0.0125196832277044,0.353026990397269,-0.030131422122907,3.23286572848755,0.10019323818205
"2337",-0.000769513853986385,0.341097313051216,-0.0340772604402144,3.2291542225385,0.0715051871725714
"2338",-0.000729407404409746,0.329704737015308,-0.0372111223419456,3.22598008850114,-0.300665986398507
"2339",0.00720850929288452,0.322267689330171,-0.0399429274157938,3.22332197112583,0.543401880552868
"2340",-0.0123234220943239,0.321655989337508,-0.0406585281550441,3.22147479061021,0.0855310102035212
"2341",-0.00247738270800681,0.311581224081591,-0.0424244246877294,3.21941379980253,0.0712200015860087
"2342",-0.0015560952374805,0.301601098267693,-0.0438382913293194,3.21765007725996,-0.014239943064287
"2343",0.000391693779621362,0.291884115653495,-0.0449642934207959,3.21614155386594,0.241803687975395
"2344",-0.00707945979264398,0.285962484036189,-0.0455820508686187,3.21491874141834,0.312056990821519
"2345",-0.00672629480227935,0.280125690893924,-0.0460853908230123,3.21386889182905,0.395760233867076
"2346",-0.00906175044861796,0.277078684680337,-0.0460974158438936,3.21311884373104,-0.0282167044761528
"2347",0.000714128175356416,0.268428882075168,-0.0467587201727365,3.21226637207537,0.267737777071642
"2348",-0.00546626854164753,0.262145948806261,-0.0471402630690997,3.21156541082363,-0.0140736049771384
"2349",0.00053773445027076,0.254134910903431,-0.0475869760281449,3.21093785044232,-0.183137333710243
"2350",0.00469430605860069,0.247958022076938,-0.0480421428863313,3.21041858430882,0.884402479645274
"2351",-0.0209051891173738,0.269829696955804,-0.0393147255184574,3.21693769742302,0.195476186232085
"2352",-0.00453784697089807,0.263181990999045,-0.0412599382229726,3.21555233508655,0.0975949885759886
"2353",-0.00201756473736626,0.25541971827202,-0.0429076191103334,3.21434820288508,-0.209248873169232
"2354",0.00481860082350676,0.249229276923974,-0.0443289263859431,3.2133359751991,0.515357363203622
"2355",-0.0116119369191844,0.250719020214792,-0.0438454804300141,3.21309825619426,0.871435074127075
"2356",-0.0193406955174672,0.269221607071383,-0.0375596607587572,3.21764501516786,-0.0688847585274155
"2357",0.00176240166699678,0.261010917329571,-0.0399793540584474,3.21613731918857,0.618261226111316
"2358",-0.0153557140013224,0.26891699531666,-0.0385754618632984,3.21670057211711,-0.46677734394498
"2359",0.0105924572777677,0.267698470520301,-0.0417336168752796,3.215678081243,0.0825309537904662
"2360",-0.00165570592546795,0.259571116381105,-0.0432900799499572,3.21445519791435,0.397942206104152
"2361",-0.00842044629704577,0.256503798467024,-0.0439641724875285,3.2135835667904,-0.342959386849567
"2362",0.00785737305288045,0.252700388943941,-0.0454916247015634,3.21278405304198,0.698393800687974
"2363",-0.016068716664836,0.26217412269372,-0.0423824488215218,3.21426909484886,0.367772668157179
"2364",-0.00890168436081654,0.259971611806731,-0.0430751146484698,3.21349685944591,-0.231402812031062
"2365",0.00541509737354031,0.253880385981031,-0.0444897015041818,3.21261466003297,-0.163666157646764
"2366",0.00308652369667048,0.246912941011188,-0.0455136038702962,3.21183897087889,0.408664238545203
"2367",-0.0102563905129162,0.246571190098187,-0.0452323578047657,3.21157679115525,-0.463279204403028
"2368",0.0113105177545818,0.247523122371433,-0.0474399859772002,3.21151506731589,0.122841754340508
"2369",-0.00262668301330125,0.240510652206972,-0.0478117094637741,3.2108959675505,0.462711767314417
"2370",-0.0108864149686406,0.241535338757876,-0.0467478985255199,3.21093495085504,0.447064349566861
"2371",-0.0104655431418328,0.242178194869004,-0.045995889396787,3.21091744190156,-1.30614101768172
"2372",0.0305149104413395,0.297064908982313,-0.0754017513250796,3.24324104691524,-0.507998621119876
"2373",0.0106128420040595,0.296206637596517,-0.0711387652352907,3.23845388044912,1.05429880523962
"2374",-0.0242683835692046,0.325786452633848,-0.0560367222847662,3.24264312939177,-1.41282097636381
"2375",0.0330254280348708,0.386374247838889,-0.0773578789760921,3.2615301536766,-0.304372122086821
"2376",0.0052680604573714,0.375451685414868,-0.071700484634384,3.25368882287718,0.401023838274933
"2377",-0.0106024364247457,0.3699753653928,-0.0664768475181985,3.24715886201863,0.248104882610672
"2378",-0.00617515996296376,0.360088893683752,-0.0628002742907339,3.24140641140309,0.137570526580516
"2379",-0.00224823298248201,0.348225748057835,-0.0600173619460878,3.23645892819811,1.31113596364478
"2380",-0.031513995890765,0.403946736334322,-0.0389292823768765,3.25101235593696,0.514279114263305
"2381",-0.0121411855199191,0.401015368273034,-0.040040978736866,3.2450591299619,-0.25680895373677
"2382",0.00628196398709768,0.38943731613234,-0.0420532099572588,3.2396007242345,-0.230336799893377
"2383",0.0012095658154877,0.376044618834323,-0.0435476879539008,3.234914148491,-0.326087245469758
"2384",0.0097736723268602,0.369610031949177,-0.0452372876840793,3.2310558151858,-0.395446073378913
"2385",0.0107982385002729,0.365176534702581,-0.0468110590635087,3.22785439123201,0.286513600733412
"2386",-0.00685771980264689,0.355663446245948,-0.047164072766015,3.22490125903639,-0.683529660585747
"2387",0.0155548205001315,0.359653323502458,-0.049728930785692,3.22336211209893,0.19185972721007
"2388",-0.00326019357828239,0.34799179620734,-0.0496290417163543,3.22102783335329,-0.93535757596187
"2389",0.0213078694976204,0.366785635442841,-0.0553170277656661,3.22288095753437,-0.332226219197795
"2390",0.00807842013264126,0.359219261136701,-0.0544311169777753,3.22070709606535,0.511722297766992
"2391",-0.0127786939291561,0.357741769594545,-0.0522335356645496,3.21920300784211,-0.179496078569197
"2392",0.00354249655097943,0.346306947623033,-0.0516520869228388,3.21747163842623,-0.138293480760021
"2393",0.00256295609510868,0.335125261395436,-0.0511817115861543,3.21598988571874,0.881791329511822
"2394",-0.0207043885392679,0.35280910745386,-0.0452004537161483,3.21843304450281,-0.0686106373398498
"2395",0.00129163818216502,0.340918024319119,-0.0460464996569363,3.21681116763856,-0.288679834817601
"2396",0.00761800798225302,0.333455253659202,-0.0469954413465846,3.21549163766053,0.247490845424941
"2397",-0.00812474220020805,0.326632479600255,-0.0471500564949171,3.21437799901684,0.192070301878866
"2398",-0.00455609375003638,0.317349936984624,-0.0475241368028796,3.21335410925788,0.396690213110079
"2399",-0.00838242656891845,0.311821851309138,-0.0474698086864816,3.21258580357002,0.0955175074327463
"2400",-0.00226562406674463,0.302064554541613,-0.0478381215777746,3.21181136863165,-0.739223078749046
"2401",0.0168125801843843,0.311337050054031,-0.0516403196232914,3.21313241273878,-0.841674509983192
"2402",0.0200909398153851,0.329585179534404,-0.0572614688693419,3.21644135142256,0.373418593103086
"2403",-0.00938439144561823,0.324039212254333,-0.0551629656968123,3.21524158206495,-0.831720902126848
"2404",0.0195513024614567,0.338654205534473,-0.0587938791191135,3.21713538011934,0.624438301826152
"2405",-0.0135989700772971,0.339032248517802,-0.0554201314124113,3.2162991474504,-0.318670169225854
"2406",0.00670663141854159,0.330457752056923,-0.0543266369098395,3.2150195524927,0.401634775754572
"2407",-0.00759298291725303,0.323232328744049,-0.0530275305969896,3.21395619846853,0.866997793080865
"2408",-0.0196879714530646,0.339285025301076,-0.0470010474095575,3.21640100677633,-0.398160751175752
"2409",0.00846044464327301,0.332272227153315,-0.047796705413027,3.21515520808878,-0.787242516142761
"2410",0.0173750186232626,0.342123660737909,-0.0516026442803704,3.21598850459297,0.318405474237649
"2411",-0.00670372139417313,0.333338295016317,-0.0509768768471026,3.21475147934692,0.0138207449601468
"2412",3.43983290628333e-05,0.322243815266888,-0.0506342122381636,3.21366262620763,-0.318361401151307
"2413",0.00811314961981585,0.316084496935714,-0.0507223623580678,3.21282719015757,0.621935526934292
"2414",-0.0167327856245101,0.324267490310254,-0.0472872228951572,3.21373791903729,0.659161958221222
"2415",-0.0159111139440538,0.331545729571827,-0.0448111770800922,3.21433515010064,-0.38398291831227
"2416",0.00914535175315906,0.325744341889358,-0.0461741499001986,3.21343050038731,-0.178780216772179
"2417",0.001541937982141,0.31518473645959,-0.0468231343639248,3.21253310811472,0.576449578683447
"2418",-0.013699942933192,0.317513857895611,-0.0455559941793466,3.2125706121606,0.73630002674881
"2419",-0.0164517940790384,0.326137237981451,-0.0430771656033466,3.21359668712969,-0.0407636393986222
"2420",0.00152125480706847,0.315440811237517,-0.0443607068691324,3.21267506605887,0.244332957171012
"2421",-0.00692371942270248,0.308330545564069,-0.0451515411013238,3.21193876641138,-0.230743230983083
"2422",0.00516988755663577,0.300013884721656,-0.0460979609996485,3.2112723544517,0.0543404442117812
"2423",-0.000471547110527297,0.290365241266616,-0.0467590114742212,3.21068722338418,-0.271997991710637
"2424",0.00692771658605398,0.284363728517763,-0.0475450532396103,3.21024909739281,-0.32737718503833
"2425",0.00844351459514202,0.28039350620444,-0.0484265948232581,3.20996757326925,-0.644234974391245
"2426",0.0152631758830123,0.287761064389119,-0.0516782122898483,3.21123765730303,-0.870111145273611
"2427",0.0205020115206206,0.308077061883569,-0.0584407968257251,3.21589826541953,-0.849764812525994
"2428",0.0188302873168609,0.323299903973427,-0.0617528729486828,3.21799998487824,-0.392487187329721
"2429",0.00980462868601209,0.319735974279663,-0.059913817929826,3.21668209361997,-0.704724551540303
"2430",0.0161755356243964,0.32744108916344,-0.0607438878215667,3.21693798592459,-0.113218240228657
"2431",0.00304524882831729,0.317391447395339,-0.0584181539601941,3.21553548465188,0.325157563644901
"2432",-0.00829278062650534,0.311561613460707,-0.0561609839828944,3.21443722799274,-0.694004626733202
"2433",0.0152747941484014,0.316808889353735,-0.057186464814336,3.21461726628867,-0.44156470863414
"2434",0.00931994669704898,0.312761085072971,-0.0561924730256391,3.21374794288216,-0.128562263261472
"2435",0.00237336051971444,0.303007461849761,-0.0547890321046263,3.21280543884147,0.655366357650522
"2436",-0.0135678101886449,0.30558376566924,-0.0518367549015256,3.21283157461913,-0.312900269514116
"2437",0.00751018937476126,0.299193018964134,-0.0515894666325819,3.21208660985205,-0.0427441767568038
"2438",0.000463824556899289,0.289598899915059,-0.0511209691870436,3.21138359144898,-0.672055149771922
"2439",0.0152201365977273,0.296096915708993,-0.0535459799545213,3.21225455306469,0.229292161220779
"2440",-0.00367892028875784,0.287358578195771,-0.0526465559892809,3.21153042330683,-0.329773042423048
"2441",0.00819035498067491,0.282695690028331,-0.0523869225974109,3.21102785478924,0.0717823589791888
"2442",-0.000393741483741348,0.273789009508763,-0.0517541612175974,3.21047812302361,-0.777989805076879
"2443",0.0179240481929616,0.2869927269559,-0.0562036771587938,3.21316077541324,-0.754939706317481
"2444",0.0188835021574713,0.303109183408123,-0.0605526958350192,3.21616510301719,0.508759001289616
"2445",-0.0132851072823079,0.304496221687212,-0.0566714694990807,3.21555228959739,-0.290402411145513
"2446",0.00641436579393622,0.297171231103269,-0.0553245560051664,3.21438192664912,0.507652116405549
"2447",-0.0121867853454215,0.297449006885425,-0.0527585345337905,3.21389229685183,0.490692282012772
"2448",-0.0120134641540335,0.298136748684647,-0.0506357705154035,3.21352039418642,-0.172910705905055
"2449",0.00332760970818589,0.289190637759212,-0.0503847937727058,3.21261201697596,-0.274388214611021
"2450",0.00577124671312038,0.282316190340705,-0.0503226222329136,3.21186501208403,0.115623657916691
"2451",-0.00351626466285453,0.274197897890936,-0.0500827119754334,3.21119784388416,-0.07224911809115
"2452",0.0021148239094711,0.265935178780167,-0.0499312339665915,3.21062402232086,0.360724725615946
"2453",-0.00681464087275631,0.26084827689768,-0.0495250402598114,3.21020074086816,-0.563300399000954
"2454",0.0128528934644603,0.263793869994794,-0.051376195824413,3.21064674544616,1.20934384906832
"2455",-0.0268860768862429,0.303565328882935,-0.033831888875641,3.22663248404151,0.157288943559247
"2456",-0.00352961248456404,0.294921187213044,-0.0369637500877311,3.22383083873322,-0.228865784350424
"2457",0.00522030122683618,0.287271810876145,-0.0396085713434157,3.221445834593,0.656582432986996
"2458",-0.0174763530839401,0.298558405938116,-0.0374152286844528,3.2219104117251,-0.0569232973958778
"2459",0.000818439217530535,0.288975847068861,-0.0398626777050879,3.21978506034525,0.113814210607177
"2460",-0.00233974919475123,0.28015992292918,-0.0417966260346905,3.21796822225159,-0.0711187001030511
"2461",0.00178036842588332,0.271561633483543,-0.0433469104595495,3.21641389578063,0.0853363726940004
"2462",-0.00205867357296252,0.263408297964441,-0.0445668109574078,3.21508486682023,-0.0995661841730111
"2463",0.00287657530266625,0.25587316182112,-0.0455635653312433,3.21394986269069,-0.285022282166381
"2464",0.00552534177760168,0.250238315565316,-0.0465012663737419,3.21301133237294,0.256556583141265
"2465",-0.00651322514259973,0.245490470402657,-0.0468227207014959,3.21223534748247,-0.685619026271
"2466",0.0157664856280214,0.25469698706164,-0.0511977643897827,3.2137748433706,-0.387736538039879
"2467",0.00838879819818948,0.252182795638294,-0.0514533389950879,3.21303498094604,-0.0863682218651629
"2468",0.00148758923122216,0.244781713429345,-0.0510172824222325,3.21219493759388,-0.621164871958424
"2469",0.0153572373265955,0.253547465765102,-0.0543812016838692,3.21362524477105,-0.552166471196719
"2470",0.012620374855308,0.257293723637004,-0.0554491777491775,3.213710952502,0.247398801875459
"2471",-0.00624299162500368,0.251878801427168,-0.0539871117687174,3.21281623676977,0.40615083391799
"2472",-0.00971816738444337,0.250884539593631,-0.0520888532217499,3.21234970802527,-0.115874868121851
"2473",0.00259922209675839,0.24372996212217,-0.0515305723713499,3.21160975247167,-0.523104941755242
"2474",0.0101752079669694,0.243594845759192,-0.052173490778574,3.21139964297441,-1.05449131766149
"2475",0.024552025334007,0.277968914004112,-0.0672136776101122,3.22539161180757,-0.531445006349263
"2476",0.0132800716136221,0.282244470254996,-0.0657658607396643,3.22385388726258,0.147907141296305
"2477",-0.00331480000212286,0.273967087322476,-0.062358237191879,3.22144950944168,-0.741733114322235
"2478",0.017022616999418,0.284876414058052,-0.0638612915017066,3.22191172772537,0.579023219686781
"2479",-0.013023536639293,0.286673348257977,-0.0592327939233454,3.22050569627237,0.103573287353215
"2480",-0.00331929095082387,0.278479323759148,-0.0571534952617706,3.21858851859794,0.339558900113818
"2481",-0.00830721971332563,0.274510534791392,-0.0550453327162207,3.21709029168979,0.821962649202856
"2482",-0.0188467068125426,0.290494021822211,-0.0479456172803489,3.21966297120521,-0.0731154525516586
"2483",0.00103523207401257,0.281272279557963,-0.0482267497402342,3.21786301605879,0.0292525963765056
"2484",-0.000244134124231639,0.272427487644085,-0.0484498652397465,3.21632366219388,-1.1916286647072
"2485",0.0276026190113423,0.315522868560042,-0.0668649405138102,3.23293835557073,0.413528871679497
"2486",-0.00933059416194339,0.31031292708438,-0.0627962220023678,3.22934796073895,-0.295203166408109
"2487",0.00753885323236238,0.303842397603411,-0.0603023027939425,3.22621430715664,0.177226453122448
"2488",-0.00305858293718846,0.294583421042383,-0.058023423787051,3.22346754029151,0.103237233562609
"2489",-0.00235772138483422,0.285560009624925,-0.0562200130680569,3.2211176601704,0.147297124879026
"2490",-0.00444945097385412,0.277900198508667,-0.0547247990234071,3.21911866337705,-0.709013309893375
"2491",0.0167331378764736,0.287922160491947,-0.0574849041755638,3.21966998356194,0.929552986137105
"2492",-0.0212774930008181,0.308335136834459,-0.0485214970781622,3.2231408840924,-0.338360013879113
"2493",0.00796779033556831,0.302103398021483,-0.0489851685074198,3.220912788237,0.220799383146331
"2494",-0.00220027384755028,0.292631411833916,-0.0490461709008082,3.21893229155002,0.52793787381552
"2495",-0.0120590116820376,0.293221411603762,-0.0477165239566561,3.21781432141545,-0.778214044205494
"2496",0.0173428368944464,0.303572130294613,-0.0519060366791722,3.21854478374097,0.0884043081002872
"2497",-0.00284812555983335,0.294167130268716,-0.0513613973711467,3.21690761444353,0.484831626268178
"2498",-0.0114912361437318,0.293805061978473,-0.0497458893887287,3.21597958078111,-0.0879765452638404
"2499",0.0022254662052803,0.284676148628221,-0.0496623139957085,3.2147133105647,-0.38212862489938
"2500",0.00946843489562722,0.28181680174191,-0.0502909460655517,3.21386251205312,-0.54632841682784
"2501",0.0106685394460836,0.280969971124568,-0.0511536813202685,3.21330823590776,-0.162999221093107
"2502",0.00504895343554159,0.27403330440057,-0.0508976527623723,3.2124511917503,-0.148412018930105
"2503",0.00405010236309664,0.266673082507751,-0.050633507770079,3.21170459250996,0.0297000299183448
"2504",-0.00173417051643982,0.258637408619084,-0.0503575292124723,3.21105711365517,0.178015178296098
"2505",-0.00444620029678905,0.252128947813853,-0.0500575866737557,3.2105170390875,-2.0060552952763
"2506",0.045833530548447,0.386125683295598,-0.14311349040396,3.36789576615963,-0.48506992185432
"2507",0.0103336518362862,0.381537682520541,-0.12457566372153,3.34489323475691,-0.030395137012118
"2508",0.000257027475499045,0.368378365669532,-0.10909147378375,3.32496193621381,-0.0912408822421773
"2509",0.00494404394083236,0.357429292733362,-0.0968597380404208,3.30792652075772,-0.12178415266797
"2510",0.00159793999902417,0.345492416121665,-0.0870804215606956,3.29334756498174,0.349730456063452
"2511",-0.0085458912638126,0.338774192111941,-0.078935801055398,3.28098001769628,0.756090098238882
"2512",-0.017882976626553,0.349575758914123,-0.0691426950009225,3.27243863898446,0.0301250190559765
"2513",-0.000722255702497704,0.337866657027902,-0.0650618770165591,3.26299763821188,0.780081963623502
"2514",-0.018090271677916,0.348772733816157,-0.0580917072964832,3.25708401282363,0.0746881803335486
"2515",-0.00183152998381986,0.337353553750032,-0.0562784829725391,3.24986656806395,-0.915029259971506
"2516",0.0214333361307523,0.35706382798831,-0.0610087019091139,3.24791467667988,0.840341079637957
"2517",-0.0204519481962475,0.371909197917429,-0.0540055461636699,3.24487903995187,0.0597550062596597
"2518",-0.0013530672476759,0.359374409391392,-0.05303648186393,3.23942838161973,0.193957539357692
"2519",-0.00379139593754816,0.348144425249158,-0.0522381013293735,3.23477050072899,0.11917177039763
"2520",-0.00268561828985475,0.336930526691398,-0.0516231542788039,3.2307843327588,-0.897269366616088
"2521",0.019910184180018,0.352351375948786,-0.0560805963981012,3.2305108300256,-0.542251667585741
"2522",0.013002031863859,0.352704083389714,-0.0561270715926848,3.22774716806267,-0.302526323607533
"2523",0.00620140985309635,0.343634540741646,-0.054886736450326,3.22480970192317,-0.684049182505059
"2524",0.0162113209805835,0.350202969134723,-0.056419054054749,3.2236545925215,0.517268763283274
"2525",-0.010433704951484,0.345230505488378,-0.0543507171212515,3.2214682766603,0
"2526",-0.000789693376177414,0.333693633911196,-0.0533132825449626,3.21940696032435,-0.838100143823067
"2527",0.0188722121313941,0.346649169542772,-0.056779899984681,3.22024770539858,-0.122492742310498
"2528",0.00121453576069705,0.335163530459831,-0.0552460886367133,3.21836322816369,-0.015322148195146
"2529",8.05183503399231e-06,0.32398937320084,-0.0540251137518094,3.21675145151183,0.580597505671565
"2530",-0.011720990803249,0.322598216796103,-0.051978019952262,3.21578554236517,0.0609198922282728
"2531",-0.00140647454607206,0.312156761939436,-0.0514262133793806,3.21454714782586,-0.28970059142106
"2532",0.00595078026140998,0.304346952565393,-0.0511377629170329,3.21351676606348,0.44183815309487
"2533",-0.00971722033927391,0.300716141204157,-0.0501159210158484,3.21281530066173,0.0759820718874371
"2534",-0.00176770442504888,0.291297448300449,-0.0499444686129918,3.21200717478002,0.500038923565049
"2535",-0.0110335499793829,0.29031976332149,-0.0487483042911655,3.21172234503428,1.03752528325163
"2536",-0.0239000195965195,0.320582252099292,-0.0377478795102811,3.22033868424085,0.0149577444000348
"2537",-0.000600301241155207,0.310127256821788,-0.0401257982575303,3.21844093244962,-0.585016293846208
"2538",0.0138952993838317,0.313079546099479,-0.0439265360191514,3.21770367833216,0
"2539",-0.00142435296207334,0.302940986177749,-0.0450334032725772,3.21618742867065,0.13530784594627
"2540",-0.00268380204637474,0.29365726886859,-0.0458986626009183,3.21489203479085,-0.542333356999053
"2541",0.0134341351433315,0.29638080590824,-0.0484547496993494,3.21463355932882,-0.0151068812131117
"2542",-0.00079060885562265,0.286896211581846,-0.0486308824481827,3.21356178051105,-0.0755686577184778
"2543",0.00192778014696198,0.278052246421961,-0.048776454510845,3.21264554735657,-0.302846991006173
"2544",0.00822369061949894,0.273971504043383,-0.0493621599829254,3.21200029258577,-1.20529340727309
"2545",0.0260001481467041,0.311876741414457,-0.0648083041699667,3.22569099903131,-0.538670021262505
"2546",0.0119717703736738,0.312408433551328,-0.0630277745596391,3.22360755816004,-0.572624020767798
"2547",0.0142248700867547,0.316453300046468,-0.0623606215583576,3.22227602896309,0.0930809871734994
"2548",-0.000776312255959363,0.306100247692031,-0.0596759007037244,3.22009774220912,0.386907547581222
"2549",-0.00919918034929567,0.301932148056708,-0.0569730771270084,3.21841156740927,-0.386907547581222
"2550",0.00787185488029158,0.296164234960021,-0.055730999410536,3.21687941646247,1.1255997338887
"2551",-0.0268343634361829,0.33476657289311,-0.0399163289916613,3.2286820124963,-0.214888801033597
"2552",0.00445722707786505,0.324606575468687,-0.0418851738556572,3.22558068158501,0.658552039294785
"2553",-0.014968927867404,0.328850142062424,-0.041221095774496,3.22398741147206,0.502475362502935
"2554",-0.01126026868307,0.327067646411712,-0.0418626814165234,3.22194626916458,-0.517741372760805
"2555",0.0116127193204958,0.324968668338334,-0.0443602837825094,3.22017200699532,-0.10692737595589
"2556",0.00209833781193725,0.314613612490261,-0.0453876885944179,3.2182990294186,0.776436876193759
"2557",-0.017580935893351,0.325137297909146,-0.0424267323615355,3.21888674704214,-0.516954169354156
"2558",0.0125146616160052,0.324322496476702,-0.0450246874229374,3.217665757472,-0.137289320625844
"2559",0.0041797778867014,0.314968166939904,-0.0459661905118493,3.2161636617958,-0.321076646139956
"2560",0.00473079612672721,0.306243290778996,-0.0467329025419376,3.2148829059543,-0.0765990079582668
"2561",0.00421926600710004,0.297585820858061,-0.0473224020664027,3.21378361201238,-0.199432450851789
"2562",0.00385865218875072,0.289093156871448,-0.0477786375745915,3.21284123648389,0.153444866688823
"2563",-0.00433761697889833,0.281129528607214,-0.0480330796626725,3.21203790022575,0.489447290949541
"2564",-0.0114208354841939,0.281273950348273,-0.0470302227058666,3.21185338660218,-0.566140292637957
"2565",0.0127880569461234,0.28304560371108,-0.0491244597220694,3.21189769050197,2.11045561686642
"2566",-0.0505472203893264,0.445087155545588,0.0548147971995843,3.3938486110656,0.0750919912134995
"2567",-0.00190919171721037,0.429808814320127,0.0334048748151584,3.36683039256585,0.0150116340445483
"2568",-0.000211529825836638,0.414553709442887,0.0163875597196956,3.3437229432582,1.13434052128731
"2569",-0.0257580698857305,0.44488873110441,0.0107758561157018,3.32984254333117,0.739320238761876
"2570",-0.0175671568329416,0.451310082756702,0.000905001881653745,3.31335159229144,-0.502142540860384
"2571",0.0134505324461474,0.446643439214541,-0.0103294730872511,3.29831321886629,-0.222337599929595
"2572",0.00390192458821091,0.431858625481473,-0.0183801597712536,3.28512958274154,-0.431259498048953
"2573",0.00921412721463771,0.422371501825068,-0.0250938486682606,3.27394329825959,0.816331063916087
"2574",-0.0147299709066683,0.421701293438053,-0.0287009086792675,3.26485564619725,0.501328092157116
"2575",-0.0109236203282217,0.415381174900895,-0.0322972404120193,3.2567201823854,0.484191394194627
"2576",-0.0116206011351821,0.41028795423576,-0.0350262118972908,3.24981916218414,0.671045552380561
"2577",-0.0156882968212856,0.413108902821933,-0.0360576580982634,3.24453665009016,-0.583262079296493
"2578",0.0130863796717539,0.409531546420738,-0.0397416696798083,3.23948779508913,-0.689708508545511
"2579",0.014540660062698,0.41006266804274,-0.0432499463089085,3.23548149338115,0.631194756144571
"2580",-0.0145071583080325,0.409252138963484,-0.0431596426137584,3.23194159316356,-0.293083445432524
"2581",0.00719263967433045,0.398063840498286,-0.0445772209327096,3.22839418317535,-0.485473553706972
"2582",0.0126900359097204,0.395364347353659,-0.046595079093426,3.22572562864845,-0.147579719819674
"2583",0.00124761171411796,0.381752271101794,-0.0471557043147189,3.22304797675027,0.250756086847143
"2584",-0.00480983198947833,0.370114618673642,-0.0475420079614769,3.22076614932132,1.21533086769591
"2585",-0.0275031636185041,0.409057811110386,-0.0363672547136754,3.22854564262776,-0.189380200821038
"2586",0.00411432862750233,0.39551358122306,-0.0390501157887814,3.22546162459859,0.349345333456014
"2587",-0.00850993486925879,0.38652847132384,-0.0408655814756257,3.22289565749837,0.66618638848453
"2588",-0.0155103169881777,0.389839492274062,-0.0406135784505575,3.22156231122943,0.0144331385110164
"2589",-0.000112529616710536,0.376320200637819,-0.0424029192367022,3.21948735921568,-0.448398813059503
"2590",0.0114219301274989,0.372197928858507,-0.0446200755131915,3.21798832020782,-0.319442699404632
"2591",0.00733660878538003,0.363335933025206,-0.0458237667827555,3.21648608813274,-0.116414448537377
"2592",0.00385221390471309,0.352040616264356,-0.0465779040530645,3.21515063748271,0.04367130137099
"2593",0.000411389843244814,0.340154833565234,-0.0471403218988706,3.21400399378018,0.101825596113547
"2594",-0.00233817323124119,0.329132274361834,-0.0475791049315186,3.2130239477057,-0.320373071459579
"2595",0.00700190337503306,0.321486600594956,-0.0481546367622155,3.21223456985734,0.0291672745249938
"2596",-0.000676774197544318,0.310920672812397,-0.0483925044876834,3.21151012654738,-0.893451567622744
"2597",0.0205249083654121,0.32927054394881,-0.0547211601294625,3.2150897729479,0.0588321829000538
"2598",-0.00123502710107821,0.318389888864765,-0.0536078915693333,3.21395194740066,0.674093994542413
"2599",-0.015473378640209,0.324209128057769,-0.0501654743053081,3.21428588041143,-1.20483385161744
"2600",0.0275343725333352,0.363512459619213,-0.0634062167175835,3.22517215075785,0.162469572700186
"2601",-0.00470208570230018,0.35223405229963,-0.0604685920632369,3.22257929840279,-0.844762341174021
"2602",0.0187169305222036,0.363766373267203,-0.0619763334182146,3.22257445607191,0.133858873263382
"2603",-0.00110360661329993,0.351388036889435,-0.059370564755141,3.22035296444477,-0.0297309352568997
"2604",0.00127968148397953,0.339619971876939,-0.0573022237639218,3.21845315175703,0.0594530338558663
"2605",-0.000899994438696643,0.328304664895524,-0.0556578258908563,3.21682836702557,-0.387078047685457
"2606",0.009079569533311,0.322982247542092,-0.0548397399999592,3.21558216153875,0.149053537806126
"2607",-0.00270310633030936,0.312754733602069,-0.0536919426258011,3.2143738891125,0.0744435380169828
"2608",-0.00160088854898325,0.302735046920774,-0.0527874583839102,3.21333988452938,-0.0297707653285628
"2609",0.000661159548956511,0.292986927771699,-0.0520724813572245,3.21245541155665,-0.942344868844242
"2610",0.0201460553290054,0.311152776764006,-0.057880439358859,3.21611513912331,0.584402652222021
"2611",-0.0122990028295833,0.31049603119672,-0.0549393827849953,3.21529360712897,0.566151691007094
"2612",-0.0129397189077068,0.312225340855922,-0.0521324442421959,3.21485397530676,0.341120093479985
"2613",-0.00781001645101,0.30649276726803,-0.0511749703602158,3.2138520349856,-0.460043847647634
"2614",0.0105949591745892,0.303899399515395,-0.0516129791405559,3.21318075088571,0.962186388508018
"2615",-0.0216906220277026,0.325213093377687,-0.0438748738601272,3.21757453238793,-0.117924541967557
"2616",0.0032368938737989,0.314975192506633,-0.0450069437528193,3.21607816209196,0.7786713846337
"2617",-0.0170784978942678,0.324247015004164,-0.042460966369985,3.21673049432374,-0.146455796535466
"2618",0.00368148813583495,0.314275538457572,-0.0438940311128332,3.21535765951553,-0.0879765452638404
"2619",0.00495910394449549,0.305725452548228,-0.045098409600343,3.21419607873818,-0.603253503089496
"2620",0.0125752719034202,0.306723996292992,-0.0474566502712497,3.21382416328909,-0.177252631341934
"2621",0.00484356831715612,0.298561743506519,-0.0479364928657899,3.21288651240325,-0.310950128388898
"2622",0.00630519065738013,0.291755236872807,-0.0484191864050793,3.21211132103471,-0.148412018930105
"2623",0.0055409021083208,0.284643894429335,-0.0487466884537216,3.21143290434719,0.266983249658964
"2624",-0.00787778450291167,0.279716512509834,-0.0484846689045942,3.21092667724234,0.531837566188775
"2625",-0.0128096101017158,0.282362309393376,-0.0468259375198395,3.21122693448818,-0.354243912881835
"2626",0.00802252669053647,0.277509234643839,-0.0477166136047776,3.21075095531648,1.1174943523156
"2627",-0.0262369623972287,0.314772734727992,-0.0331215719820444,3.2239645489932,-0.131684853326014
"2628",0.0029096264328894,0.30483799742075,-0.0364608513074488,3.22154244300184,0.0731796593214096
"2629",-4.20377092006074e-05,0.294972770465807,-0.039104591804467,3.21947036684935,0.859499791876078
"2630",-0.0193754373029533,0.310951851971457,-0.0356015401400821,3.22141530118505,0.347524242030328
"2631",-0.00833516179706479,0.306044708218304,-0.0379400333676597,3.21950280498768,-0.289519600032778
"2632",0.00766773477788616,0.299910566078866,-0.0405838797844852,3.21780252651518,-0.188638233403099
"2633",0.00346293291233295,0.291154994284614,-0.0424156132905994,3.21627640832604,0.130633591405549
"2634",-0.00341734071955665,0.282634420747208,-0.0438050771072098,3.21497012755324,-1.74121013289091
"2635",0.0409562561609467,0.386855392767079,-0.101026686418366,3.29404426443639,-0.399320208204279
"2636",0.00769347164488319,0.378502743966688,-0.0907178269667798,3.28156047750089,-0.029642804426333
"2637",0.000510294025509261,0.365489837029509,-0.0821993699544343,3.27079875270494,-0.207746031089884
"2638",0.00796194598016425,0.357311121045432,-0.075716353331019,3.26166458198882,0.0445533533767695
"2639",-0.00324066597168933,0.345813525628606,-0.0702674985481235,3.25378503046828,0.886923774077975
"2640",-0.0220091084467073,0.367198013711972,-0.0594213624698876,3.25160810986893,0.586942257280582
"2641",-0.0139023442825484,0.368700221156609,-0.0556820075299068,3.24591680388268,0.408819375058478
"2642",-0.00946461580656226,0.362561411713719,-0.0538549157650333,3.24047047176253,-0.24801238185041
"2643",0.00554309223365055,0.352124000230381,-0.0530054685942495,3.23567194904751,0.524476726729517
"2644",-0.0101574704910458,0.347027904531089,-0.0516497165969546,3.23174138219212,-0.393099436101102
"2645",0.00985618448419642,0.341609201886633,-0.0517062431725072,3.22835594463421,-0.820277046995516
"2646",0.0195954081256047,0.35676036361267,-0.0560271981826891,3.22833322396802,0.645068942603816
"2647",-0.0155976901860013,0.360183456017415,-0.052633965326867,3.226226415207,0.568307540492802
"2648",-0.0133389522456753,0.360634561183804,-0.0504829747257258,3.22409901943279,0.0581057541043317
"2649",-0.000879907925242409,0.348456410563105,-0.0502409675442499,3.22165682699433,-0.59719061759198
"2650",0.0134415366723773,0.348903562367631,-0.0514998733565408,3.2201812957523,-0.571388266169826
"2651",0.0124856688477344,0.348221659654066,-0.052303994423843,3.21881159269391,-0.102903353439143
"2652",0.00373349505521323,0.337578824134887,-0.0517273606835875,3.21713985013653,0.279063117138878
"2653",-0.00655342149850659,0.329131976237666,-0.0510601394103661,3.21574041877746,-0.42625183962014
"2654",0.00989213443043839,0.324641938319527,-0.051304292831426,3.21469906449756,-0.324579806942149
"2655",0.00851112467193858,0.319092886422703,-0.0513395351950556,3.21374479988291,-0.221909995643238
"2656",0.0043848005844614,0.310033274378839,-0.0509880811073389,3.2128116240732,0.737792929134773
"2657",-0.0167553764635786,0.318721716490799,-0.0473415484775007,3.21383990183145,0.396156339394838
"2658",-0.00890056641513895,0.314096892670743,-0.0471974600381089,3.21305107257215,0.43834085382321
"2659",-0.0104952449542251,0.311584279209433,-0.0467735049181074,3.21251333493031,-0.0437477221705618
"2660",0.000724350787625739,0.301443543751252,-0.0472956869794559,3.2117485306058,-0.511809262289631
"2661",0.0125292994939501,0.302381327122873,-0.0491825864289916,3.21172002726,0.322014329777837
"2662",-0.00826827029161267,0.296932333854016,-0.0488321194085468,3.21117178643167,0.116839505040139
"2663",-0.00234884613516962,0.287845003810068,-0.0489182077244927,3.21060229830586,0.0291885582924589
"2664",-0.000288097374765573,0.278721155955422,-0.0489990453069796,3.210114180648,0.422279477160203
"2665",-0.00978778678057311,0.27647795434498,-0.0482754242337993,3.20996852983764,-0.101766382265372
"2666",0.00189906175587871,0.268026335769915,-0.0484925096368295,3.20957240653517,0
"2667",2.83242796961567e-05,0.25975036255983,-0.0486609591188671,3.20923340036729,0.435414330862044
"2668",-0.00994970081100678,0.258532681511542,-0.0478768949299248,3.2092766559709,0
"2669",2.56890650693365e-05,0.250668959282165,-0.0481719874549243,3.20898046981686,-1.59115830515699
"2670",0.0371071669373867,0.336367050473581,-0.0986416406143351,3.27796157799359,-0.3094837043921
"2671",0.00629115925185218,0.328599901490422,-0.0887238125592549,3.26777384764412,0.397731981923921
"2672",-0.00878239038065051,0.322759584103003,-0.0801933541497494,3.25912645536659,0.0293987948611574
"2673",-0.000295526819480844,0.312137554299862,-0.0738398571689513,3.25161281622241,-0.722770312145321
"2674",0.0166867998203247,0.320793468117281,-0.0720770245618345,3.24700989303134,0.310398593759109
"2675",-0.00793973144839147,0.314103278163693,-0.0671006162443448,3.2413231529163,-0.369631529001974
"2676",0.00826140733541525,0.308256046372438,-0.0638102657652163,3.23648617368652,-0.296692103115737
"2677",0.00733390999773443,0.302076564955449,-0.0611345233213044,3.2323278919377,0.103942395578493
"2678",-0.00510375021680202,0.29397894801609,-0.058612822219391,3.22870916172864,0.0741784768083842
"2679",-0.00234869466038096,0.284994284293867,-0.0566875883162704,3.22560044183334,0.310950128388898
"2680",-0.00690580826884405,0.279265193745782,-0.054896622208957,3.22300712063799,-0.563381771825605
"2681",0.0126816366966946,0.281119855772704,-0.0553891990501021,3.22144634031751,0.504227673679497
"2682",-0.0123073813608583,0.28205123235572,-0.052703108513354,3.21999312614312,0.0147918053668095
"2683",-0.000250022069142562,0.27318885159993,-0.0520051792149565,3.21814536865976,0
"2684",6.52850236171884e-05,0.26468992997873,-0.0514509616987874,3.21656513458275,-0.519019479046307
"2685",0.0122564169958156,0.266730351869224,-0.0526795858167294,3.21595305502842,-0.671293637473752
"2686",0.0165149602087014,0.27761356777716,-0.0562320715906256,3.21725792003069,0.0598533610566165
"2687",-0.0014198409490536,0.268996440876915,-0.0548073039892585,3.21580620896612,-0.10476690324438
"2688",0.00243180109776797,0.261067888789585,-0.0536888118028147,3.2145656981146,-0.329983800255523
"2689",0.00702610992192086,0.256487755061876,-0.0531168041739218,3.2135884352712,-0.981362144832459
"2690",0.0229097334454388,0.284748450256709,-0.0639997858479825,3.22255049652915,0.499433501237567
"2691",-0.0119018201441723,0.284507140936401,-0.0597833984836133,3.22080586766989,0.526990604552685
"2692",-0.0121141017127075,0.285910692719461,-0.0560829116587978,3.21950817422805,0.12006605074375
"2693",-0.00286420453006355,0.277531575475745,-0.05466469629987,3.21773336970378,0.0899550285546613
"2694",-0.00236723801035818,0.269245847672533,-0.0535511725409268,3.21621383089409,-0.78231179787604
"2695",0.0171977466616049,0.280813637087057,-0.0571283763287112,3.21764677677856,-0.075545822131895
"2696",0.00203776062254316,0.272386718184885,-0.0555321238270094,3.21613975339538,0.42232340296583
"2697",-0.00990449627686703,0.270500773016034,-0.0534209596519022,3.21514187869055,-0.497926339960736
"2698",0.0116014353273901,0.270874253426305,-0.0538655345522032,3.2145210578632,-0.151377564480731
"2699",0.00428614535999388,0.263879067768519,-0.0530112421334515,3.21347901529594,-0.425080342519463
"2700",0.00905101332353338,0.261449927877824,-0.0529473408487407,3.21280535245958,0.258299923297678
"2701",-0.00531655589174486,0.25522365272338,-0.052076311721724,3.21202111033365,0.106165172631784
"2702",-0.00207937501983118,0.24782825500534,-0.0514972408634227,3.21132839928538,-0.471018116133287
"2703",0.0104362980042207,0.247729970423897,-0.0521686918468238,3.21117020318957,0.121765616262676
"2704",-0.0028007086331454,0.240773331911355,-0.0515640503991914,3.21060146671466,-0.197944487928714
"2705",0.00419588327202571,0.234828834965229,-0.0511742225135492,3.2101249972843,-0.412371718386212
"2706",0.00932377137176059,0.233993935201715,-0.0516974837969086,3.21003369011889,-0.229832323647605
"2707",0.00504065278687027,0.229056841314898,-0.0513648403358915,3.20965987519637,0.199218516581634
"2708",-0.00439922048757337,0.223704449064894,-0.0508539411147166,3.20932291816785,-0.398834705705903
"2709",0.0093151749248984,0.223088533342052,-0.0514486698533308,3.2093504293425,-0.200015452480995
"2710",0.00423120934254158,0.218090339721654,-0.0511118725690304,3.20906157938241,0.368947382389356
"2711",-0.00960527461436638,0.218089361091754,-0.0497002662065331,3.20919069289422,0.520356239949604
"2712",-0.0122158867904672,0.222441742978038,-0.0472893173171556,3.21006133073355,-0.122193386213759
"2713",0.00299644647784839,0.216631871440681,-0.0477288227934684,3.20965405346336,-0.0305716908525988
"2714",-0.00016086218074891,0.210574512827239,-0.0480543854521231,3.20930322612769,-0.490422438882543
"2715",0.0113406796556133,0.213479613871985,-0.0501735451872256,3.20985794453026,0
"2716",0.00122554571469882,0.207707526791949,-0.0500002684654529,3.20947784341632,0.383347858862809
"2717",-0.00839248959801183,0.206771252059899,-0.0490958141651568,3.20941281777117,0.944409151847403
"2718",-0.0219113808397621,0.234220847009185,-0.0349655742488315,3.22191009885181,0.136353327693617
"2719",-0.00317493368377234,0.228320961325718,-0.0378626582826004,3.21979246890375,0.19662715251319
"2720",-0.0049712103205876,0.223481312278242,-0.0400728238864191,3.21800226129585,0.0302160449496436
"2721",-0.000697606258812777,0.217172415038965,-0.0419728416192214,3.21644276688619,0.662453491562465
"2722",-0.0149568612843774,0.226269331423131,-0.0393901557874827,3.21755408433573,-0.859021181679298
"2723",0.0206636431020153,0.247745285494838,-0.0510471645412845,3.22369719759538,-0.37910425266004
"2724",0.00952148504261271,0.247112650437805,-0.051690198554938,3.22168674310717,-0.152045034612652
"2725",0.00301045501393276,0.240445500535379,-0.0512346389114137,3.21959786565737,-0.076109296618615
"2726",0.00408335894370011,0.234527290781923,-0.0509138975769164,3.21781913700238,-1.17945764928369
"2727",0.0257363879262652,0.272869503786768,-0.069307465339848,3.23485646115933,0.0462142810351063
"2728",-0.00129238479760837,0.264417130678386,-0.0651933274155128,3.2308567352756,0.537594413545628
"2729",-0.0127452446368522,0.267345803938852,-0.0600338880470027,3.22831015556777,0.137772696878646
"2730",-0.00331461264034872,0.259980602306734,-0.0577859584682002,3.22526366782254,0.731599056465188
"2731",-0.0169576158556508,0.271696215525646,-0.0514418508659651,3.22551082451667,0.0303674463311476
"2732",-0.0017391510662557,0.26356883065144,-0.0509951004265761,3.22286483068702,0.454408537136658
"2733",-0.01045038312955,0.262935644877074,-0.0495959573326159,3.22100130008858,0.316861826786041
"2734",-0.00684233658502172,0.258276189531851,-0.0492121146061194,3.21909112984879,0.60078282236799
"2735",-0.0137491858492889,0.263514968062979,-0.0467040717003682,3.21866058030012,0.299043285055006
"2736",-0.00626021002672656,0.258362539179176,-0.0469808808756866,3.21706760104621,0.283265191271465
"2737",-0.00651309587735883,0.253504182458714,-0.0471830647109703,3.21571093834744,-0.717170263455807
"2738",0.0169574382333982,0.264979091801802,-0.0522103883268066,3.21733196977038,0.0299850077209063
"2739",0.000115336178432931,0.256851689316915,-0.0516140704214386,3.21586950500933,0.493458945240355
"2740",-0.0108638709384019,0.257044274220079,-0.0499258761259122,3.21510274227754,-0.26885751818751
"2741",0.00647037871986188,0.251860906627106,-0.0500272255806675,3.2140149940549,-0.88635748918171
"2742",0.0193323893249168,0.269978067958968,-0.057097813855143,3.21824299784673,-0.10568431571728
"2743",0.00198834443805992,0.262018813259423,-0.0555085746401723,3.21664973466727,-0.257127873648261
"2744",0.00643675631018159,0.256846982432076,-0.0544842243979623,3.21534506631902,0.634060095277433
"2745",-0.0138696333234105,0.261799295325187,-0.0509714142144608,3.21540298318131,0.210463096327673
"2746",-0.00509564369701193,0.255777565927636,-0.0504835511337732,3.21424860289959,0.464455101165179
"2747",-0.0115030942373825,0.257172581616952,-0.0487455490579806,3.21387210780951,0.387886507515717
"2748",-0.00904825754815789,0.255237758444003,-0.0480975524889674,3.21317162653548,-0.238521281837389
"2749",0.00528050723677973,0.249254826975399,-0.0484720769611131,3.21233481088293,0.446761725971606
"2750",-0.0111720031056908,0.25005552096788,-0.0473069105051411,3.21214645797265,0.754944004506863
"2751",-0.0172443727103175,0.263294199237189,-0.0424287800892076,3.21487804874529,-0.295377559316423
"2752",0.00722823446471939,0.258380473598471,-0.0441357249938803,3.21384289683598,-0.0443819816442759
"2753",0.0010267979528687,0.250616970085852,-0.0452020999175803,3.21288566169365,-0.832099897697947
"2754",0.0181729065999336,0.265509489375961,-0.0519729385470801,3.21607197574008,0.0298373864663248
"2755",0.000764098082582254,0.257436655711626,-0.0514268494110844,3.2147919997091,-0.6284623408294
"2756",0.0151739171554656,0.26524200920074,-0.0543034319966463,3.21554115992675,-0.4362549228069
"2757",0.0104549989754113,0.264990457213259,-0.0544158934016961,3.21478253390599,-0.045238634564776
"2758",0.000713165650913035,0.256906859679188,-0.053366502508604,3.21368921168452,-0.286987584633008
"2759",0.00765523214632155,0.253095115104431,-0.0529600524979385,3.21287457236291,-0.83542674698579
"2760",0.0179729452500872,0.267765188164551,-0.0580029649550152,3.21594409252776,0.0762369481157321
"2761",-0.00190421881405458,0.259650293820868,-0.0562118722723466,3.21468272547237,-0.320586489363311
"2762",0.00701751854093867,0.255027910830469,-0.0551084656241577,3.213684309674,-0.214296729797858
"2763",0.0067316635690077,0.250530057589431,-0.0542296647661391,3.21282963530318,-0.0459805357169885
"2764",-0.00062588981556285,0.243023929294747,-0.0532176978109838,3.21201903625451,-1.2184927499231
"2765",0.028994219504336,0.292685088537729,-0.0774795349807766,3.23872549594083,0.526235543440973
"2766",-0.011767003541707,0.291682399363445,-0.0706194328014356,3.23457182597133,-0.200880852531687
"2767",0.00435564175029591,0.283514176764928,-0.0662890282085319,3.23062080536325,-0.294322883057474
"2768",0.00794614970757294,0.278953028310437,-0.0632220240005109,3.22735399814924,0.155014757440158
"2769",-0.00465722859037293,0.271560100332605,-0.0602851599796254,3.22445231299615,-0.341350215081304
"2770",0.00680844319755047,0.26617123691647,-0.0582898324243988,3.22202166342172,0.201847751164858
"2771",-0.00432006558747438,0.259148236137643,-0.0563778441692851,3.21988992940865,-0.310703993933392
"2772",0.00699651306444452,0.254475422704596,-0.0552308495791706,3.218134405878,-0.280461386705938
"2773",0.00606239282043971,0.249406611978179,-0.0542447435304254,3.21660892447383,0.0779848748873269
"2774",-0.000556898188679998,0.241945759590797,-0.0532297050679825,3.21525114407479,-0.187265972329181
"2775",0.00402303690516878,0.235883937910521,-0.0524904258669937,3.21410008385694,-0.611047729701625
"2776",0.0140863563151898,0.242606624103624,-0.0549066461043767,3.2147723247693,0.611047729701625
"2777",-0.0140533213617233,0.248186766397277,-0.0510840791577274,3.21506498017295,-0.140679976308156
"2778",0.00300108172559278,0.241251841508635,-0.0507384972411751,3.21393264899485,-0.533250949931896
"2779",0.0134908020831793,0.24658005488407,-0.0530411285748931,3.21429517410701,-0.362347777314598
"2780",0.00631422696275952,0.242201560195593,-0.0525668878023952,3.2133451099527,-0.427046912345236
"2781",0.0108768907753063,0.243265724380993,-0.053283418444651,3.21303725081607,-0.0475624265803276
"2782",0.00204464786234491,0.236414997217483,-0.0524786696912135,3.21219766756031,0
"2783",-0.000405242779414176,0.229511826625416,-0.0518269908133071,3.21147856622476,0.443038699357884
"2784",-0.0106978761294168,0.230659672192786,-0.0499319392799339,3.21143606198322,0.378191437216302
"2785",-0.00905031615799273,0.229848425877474,-0.0489091381450309,3.21114944524404,0.235645384354599
"2786",-0.00581625785608521,0.225677822384255,-0.0487469569294416,3.21063934495999,0.812631444912643
"2787",-0.0188033089019999,0.243509691507647,-0.0410466698308812,3.21593995372998,-0.0467035113961289
"2788",0.00107825699600231,0.236319696476874,-0.0427472373378767,3.21467903515024,0.0155702608333252
"2789",-0.000188762027999678,0.229413778632496,-0.0440976653536079,3.21360067079816,-0.187003327053514
"2790",0.00465024704661375,0.224265438007138,-0.0452828735671279,3.21269874590033,-0.124863446845519
"2791",0.003955675083209,0.21899566265241,-0.0461895705103321,3.21191952779498,-0.438253949217532
"2792",0.0104438226762358,0.220349945751724,-0.0482395842682969,3.21183002221155,-0.50322483927297
"2793",0.0117057261739294,0.223794494334678,-0.0504940900519291,3.21212676137734,0.204740602270959
"2794",-0.00501269265979425,0.218950073814568,-0.0501264437487718,3.21144109792784,-0.568004051570359
"2795",0.0129490849838229,0.223942325104719,-0.0525042131884025,3.21212971499916,-0.301085719884764
"2796",0.00610637936859355,0.220346565074324,-0.0521533044134243,3.2114974637422,-0.716734771690841
"2797",0.0157527006205334,0.231230527834257,-0.0563579925878867,3.21389517167968,0.557903734488258
"2798",-0.0120709547955271,0.233821756019182,-0.0531276728881553,3.21373641140171,0.475738290226907
"2799",-0.010803308906734,0.235336409876247,-0.0508572997528446,3.21342746896202,-0.79415919292779
"2800",0.0178350702775578,0.24940842089786,-0.056416931128074,3.21649235944375,0.413749794572194
"2801",-0.0110767317039125,0.249636293693098,-0.0537534287769795,3.2156286324929,-0.0317662010295261
"2802",0.000102591594757707,0.242155346064781,-0.0528395374888593,3.21441278161202,-0.541575073313705
"2803",0.0133644806467089,0.247092281121922,-0.0545865932950419,3.21462205218271,-0.271891410998781
"2804",0.005190075736201,0.241766528756261,-0.0536683059783908,3.21358629083557,0.36767685893529
"2805",-0.00825455001908411,0.239103804899008,-0.0522132036239836,3.21283802550442,0.525186215494855
"2806",-0.0117609764222914,0.241746473223005,-0.0498145885211607,3.21284502970576,0.253646299590871
"2807",-0.00588396054318432,0.23716974130528,-0.0494689343011576,3.21208856302122,-0.444304126649026
"2808",0.009781129105259,0.236523767542232,-0.050395066964505,3.21173828285184,0.127145598819672
"2809",-0.00189202490131666,0.229795181163693,-0.0501671383117896,3.2110860085089,-0.0794470527209601
"2810",0.00215781137946239,0.22347166917703,-0.050001647533946,3.21052872494187,0.428266179200093
"2811",-0.00945071948612574,0.223101836022315,-0.0488892433512088,3.21041009615714,0.284495213223129
"2812",-0.00634498437452168,0.219680935962734,-0.0486450530507829,3.21003533504087,-0.617432500551912
"2813",0.0138638010457711,0.22623059111384,-0.0518751471899567,3.21131258113919,-0.0794344310574346
"2814",0.00121221405985671,0.219917302440022,-0.0513518065435375,3.21072187262893,-0.0158944608138756
"2815",0.000101511074644665,0.213718697269452,-0.0509320107951798,3.2102164421531,0.838944374465422
"2816",-0.0189136824956953,0.231999503107309,-0.0421522417735399,3.21620911745919,0.612872194137343
"2817",-0.0138991649808195,0.239192166574814,-0.0403719399144676,3.21670967331575,0.359684491304607
"2818",-0.00884754307815327,0.237851519950626,-0.0413981580794954,3.21562067341607,-0.0312256052498128
"2819",0.000651003431437838,0.230891175935282,-0.0430262337796612,3.21440597647741,0.249532256740165
"2820",-0.0058393219931105,0.22651438283633,-0.0440995410046246,3.21341667135357,-0.577991142794959
"2821",0.0140826038711092,0.233200760240892,-0.0482773070852159,3.21421344261141,-0.565594594958713
"2822",0.0141782512311391,0.240668710555759,-0.0518325812462153,3.21506921714319,0
"2823",-0.000289877162962582,0.233573348246588,-0.051313872445033,3.2139343606446,0.110227552299125
"2824",-0.00257233613407569,0.227234470928439,-0.0508831284430253,3.21296567378424,0.51801387321278
"2825",-0.0117399156194146,0.230144656329389,-0.0486885393642853,3.21299665062813,0.375059042566811
"2826",-0.00916778700265496,0.229535166614828,-0.0478768958851136,3.21250569167759,0.23369956885464
"2827",-0.00589327110643189,0.225443558231888,-0.0479167063106139,3.21180248339027,-0.389803253380033
"2828",0.00899949645020306,0.224324014227345,-0.0490062456598201,3.21141920800301,-0.438391182770931
"2829",0.00941224812104427,0.224199565294387,-0.0501029062196623,3.21120331076482,-0.094191529726867
"2830",0.00247301804441646,0.218305002669358,-0.0499626781704064,3.21063056690164,-0.047129055934797
"2831",0.00254887760074881,0.212634628863327,-0.0498500754776169,3.21014057634653,-0.567288001018756
"2832",0.0133231677124973,0.218873263954114,-0.0527548655717999,3.21134666266698,0.488690181991797
"2833",-0.0113327315401577,0.220948056206872,-0.0504315790665018,3.2114584160813,-0.472888649210246
"2834",0.0105318808533736,0.221844921240255,-0.0514880800994167,3.2113692306254,1.27170251394104
"2835",-0.0288902367740119,0.271122291843111,-0.023279423002506,3.24216698140662,-0.469117357588017
"2836",0.0107891646703548,0.269648999673629,-0.0295414366167034,3.23743646501725,0.297363080062474
"2837",-0.00559868137402755,0.263240146147592,-0.0334738137123967,3.23308903179631,-0.0468933185615528
"2838",0.00151273895438901,0.25529999570172,-0.0367345010920275,3.22934531541335,0.530174327782029
"2839",-0.0100529993203965,0.254367723666904,-0.0383602382941673,3.22649807603743,-0.202381948114966
"2840",0.00579168323864755,0.248773572995153,-0.0407784872242231,3.22374238083095,-0.249649060851204
"2841",0.00728711846065026,0.245056561412128,-0.0429403194309835,3.22146421470166,0.0936914497018271
"2842",-0.00392915360392755,0.238729320567133,-0.0441969230351024,3.21941110848161,0.140372790732868
"2843",-0.00328209693295117,0.232487747327881,-0.0452085231591121,3.21765282529775,0.140176021707017
"2844",-0.00276967258704904,0.226293571261352,-0.0460272337252286,3.21614668632645,-0.109008809361827
"2845",0.00233859894812699,0.220168900262924,-0.0467163575651467,3.2148570289581,-0.0155823919286813
"2846",-0.000110320886535466,0.213958514557002,-0.0472502169621957,3.21375289391807,0.0467398933491459
"2847",-0.000565393254857074,0.20803781783969,-0.0476740164773567,3.2128086252004,1.25378935204619
"2848",-0.0288230414007623,0.258646741313401,-0.0168319264241931,3.24865540266758,0.276497872007064
"2849",-0.00626021355398026,0.254022605058912,-0.0232023621251361,3.24273670645162,0.122642971067793
"2850",-0.00292743194124888,0.246989642699401,-0.0285458531127312,3.23759920619237,0.214263932599545
"2851",-0.00496048536080886,0.241332965533402,-0.0326901815170216,3.2332264061253,0.305297138366478
"2852",-0.0070073440747967,0.237642768378399,-0.0357337245276951,3.22956402483168,-0.213610090378624
"2853",0.0060351449856095,0.233013411878882,-0.0387428518508711,3.22637889807235,-0.0611153571352552
"2854",0.00138400624723562,0.226405496988402,-0.0409209907009461,3.22360680807595,0.624668748716695
"2855",-0.0145162477319415,0.234129303202117,-0.0391667579683026,3.22320590574224,0.166932279450921
"2856",-0.00366543683835841,0.228399664486226,-0.0411840733450774,3.2209037079685,0.0303214071455893
"2857",-0.000431344525834969,0.221851814090161,-0.042855942916314,3.21892411355824,-0.0303214071455893
"2858",0.000512038971863292,0.215585638763226,-0.0441841609425528,3.21723113262721,-0.318931092725022
"2859",0.00792413222958312,0.213836722707175,-0.0458550473067002,3.21597906908039,0.197553441652815
"2860",-0.0043813567483835,0.209092810951825,-0.046473764189031,3.21472807030693,0.288031731004207
"2861",-0.00650295059468212,0.206313084379765,-0.0466858279109973,3.21374243194899,-0.0757174261964089
"2862",0.00177479543439697,0.200879260065169,-0.047231614716087,3.21280004828649,0.498678781822687
"2863",-0.0115130593938494,0.204411501861091,-0.0455903309034106,3.21297856569977,0.030143180333736
"2864",-0.000976617616104569,0.198985562326482,-0.0463532892431562,3.21214653295599,-0.0602954495204144
"2865",0.00156592610167133,0.193850590714604,-0.0469669537981599,3.21143516320361,0.556350581717546
"2866",-0.0136611978920607,0.201344389994602,-0.0437926496574627,3.21293063376423,0.433905072184343
"2867",-0.0100843269078756,0.203268636582088,-0.0433919000132871,3.21276743256353,0.402295111589002
"2868",-0.00884900859773155,0.20337158590343,-0.0436011967626465,3.21234359819591,0.163435145212282
"2869",-0.00374674355438648,0.198942911234955,-0.0446929647120078,3.21161688632941,-0.208054763711163
"2870",0.00475035189962461,0.195121140057533,-0.0457841607777794,3.21100929961046,-0.327820290599351
"2871",0.00808322362105626,0.194536127873652,-0.047297068084368,3.2107337764909,-0.553769281652033
"2872",0.0124791507643885,0.200292875460269,-0.050633319419284,3.21178685771603,0.119994014697827
"2873",-0.00239130935793016,0.195239684530184,-0.0503485306645395,3.21112835347085,-0.465781023903583
"2874",0.010897456907699,0.198063839518923,-0.0519580727286561,3.21139584502836,0.0903206444059945
"2875",-0.00199549367149629,0.193013280867523,-0.051406122574796,3.21079337503677,-0.482655537280147
"2876",0.0108546859791488,0.195884237476869,-0.0528125115965606,3.21111815470002,0.226534869965356
"2877",-0.00479484592932191,0.192119925936404,-0.051958648285068,3.21058084715831,0
"2878",0.000105607615854736,0.187120037173307,-0.0514140034654286,3.21009583490351,-0.241655456672929
"2879",0.00516922963165782,0.18414674009428,-0.0511922607635435,3.20972792018815,0.0453549028864852
"2880",-0.00203102763466758,0.179738426092251,-0.0507943774460522,3.20936730177866,0.331975557639264
"2881",-0.00808920099920237,0.179754597690412,-0.0496171896677227,3.20936919586281,-0.377330460525749
"2882",0.00891090860920777,0.180441327943779,-0.0506292723691744,3.20947094746217,-0.105908172392744
"2883",0.0027318677223966,0.176529769823633,-0.0503989293542613,3.20915187854445,-0.166654079931999
"2884",0.00291483554097815,0.172803194893882,-0.0502190989431035,3.20887954803049,-0.060670409869501
"2885",0.00306775541864473,0.169302510316211,-0.050085260545841,3.20864827901047,0.363471549633609
"2886",-0.0089608353081761,0.17063818527858,-0.0486815824217165,3.20894304433996,-0.121010451917036
"2887",0.00246171074385098,0.166909751883823,-0.048831200781862,3.20869719664402,-0.912276358879432
"2888",0.0212730730520362,0.193800240238203,-0.0664893687268746,3.22553224628004,-0.045833015850838
"2889",0.000749871577045662,0.188832089020507,-0.0629580608574352,3.22288265527065,-0.290764609168881
"2890",0.00656790456444004,0.18691003395406,-0.0605798900308408,3.22073753991042,-0.61491354403499
"2891",0.0156189754333011,0.19897342538043,-0.0642506884818892,3.22284449689842,-0.355295036610065
"2892",0.00716610832206314,0.197513138699514,-0.0617699558355339,3.22076989615371,-0.0309549607796
"2893",0.00118977081409909,0.19240479777056,-0.0592103144423868,3.21880987082279,0.432499901860134
"2894",-0.00910673708721794,0.192973528070874,-0.0560795800866575,3.21755457648637,-0.246913705692131
"2895",0.00544466152886271,0.189791774172557,-0.0548958777161697,3.21610613270711,-0.247524878854294
"2896",0.00465482392392797,0.186439607767459,-0.053909985542426,3.21485441430003,-0.871194060202141
"2897",0.0205350823175589,0.210533887078152,-0.0664456938006963,3.22573574349971,-0.265978409170597
"2898",0.0067684005952354,0.208290420242871,-0.0634058372296436,3.22319896547373,0.28160218859461
"2899",-0.006675879591277,0.205470259511121,-0.0601464557038759,3.22098259756753,0.963937812089205
"2900",-0.0224720117379668,0.234553811240131,-0.0425720969383402,3.23323479457645,-0.434176523266844
"2901",0.00980610604202412,0.233561879718153,-0.0448286599498645,3.229780119291,0.0621407507956528
"2902",-0.00169400645503597,0.226919005426432,-0.0457474230878352,3.22651555438109,-0.0776819739211898
"2903",0.0015593758457453,0.220573516650735,-0.0464846337358754,3.22372368919054,-0.764493933233201
"2904",0.0194278255069459,0.239993854333996,-0.0558487028353525,3.22810395996911,0
"2905",-0.00109015658039836,0.232955398150362,-0.0545034739816387,3.22508188777239,-0.896725901914974
"2906",0.0203208390929642,0.254080447776112,-0.0626094386709502,3.22967087480657,0.205225425254174
"2907",-0.00324206152241081,0.246926649295315,-0.0598530498789123,3.22642403281474,-0.0631014376514583
"2908",0.001388472016598,0.239677900730798,-0.0576865572516668,3.22364529252079,-0.300276796148646
"2909",0.00659738889535692,0.235600698743631,-0.0562698770708184,3.22134590397456,-0.396479783509701
"2910",0.00839505903865836,0.233670171302195,-0.0555120264500827,3.21952290207203,0.206365657807267
"2911",-0.00458291074689062,0.228181026852372,-0.0541439796575585,3.21775881712417,-0.876011017319389
"2912",0.0204053311365138,0.249522750030607,-0.0626187314903382,3.22371708073061,0.143873416233187
"2913",-0.0022446941241645,0.24225808182182,-0.059875448755395,3.22133051642264,0.2074524002599
"2914",-0.00505378725490681,0.236858836183628,-0.057564350434006,3.21931568816257,0.365980200049604
"2915",-0.00879843174904854,0.235308757760209,-0.0551080138315619,3.21782435060708,0.0952532219980651
"2916",-0.00201751377317227,0.228778516671646,-0.0539036081393274,3.21629160245253,0.837486130633447
"2917",-0.0201062596692919,0.249692718757372,-0.0437298988465549,3.22221043486397,-0.330995652496929
"2918",0.00776841301663188,0.245819773681399,-0.0452635363229541,3.22014639232606,-1.03150958246165
"2919",0.0247722096668794,0.280652141799313,-0.0618228292660657,3.23299351450948,-0.0319081049293013
"2920",-0.00130414403433986,0.271867132322365,-0.0592484857238262,3.22926351457885,-2.93067197677591
"2921",0.0702493190150584,0.59724761379824,-0.358572726146629,3.98077381740696,-0.477642347596924
"2922",0.0120312381808908,0.587380944370562,-0.295628244378802,3.86900067346438,-0.214858358831693
"2923",0.00387819636893244,0.566489308092295,-0.244972757938735,3.77318897662223,-1.87046201348077
"2924",0.0467057931303364,0.693584922713516,-0.234373162575611,3.72553124341443,-3.35993209783664
"2925",0.0754117127256598,1.06304755152189,-0.291894005642119,3.81375123544419,-1.13966342654281
"2926",0.0247495428908494,1.06796505678547,-0.244079816528537,3.72693661905074,0.650323058269886
"2927",-0.0133186289216919,1.03616114287524,-0.203778224796451,3.65174465757801,0.21001057771165
"2928",-0.00503767121574286,0.996663242542292,-0.171981642807866,3.58738792036894,1.83618531455365
"2929",-0.0440387299692238,1.08893301114298,-0.136069104548942,3.54112713921532,0.376906391023446
"2930",-0.0116588439698479,1.05610070899157,-0.11799914804726,3.49283425613752,1.88029593173644
"2931",-0.044413942875956,1.14898106186745,-0.0937255644899952,3.4596837133585,1.26731727846531
"2932",-0.0286865534265105,1.16244672742845,-0.0819603657027705,3.42448703736334,-0.365206249206329
"2933",0.00861645040902819,1.11984694356338,-0.0752929656541844,3.39303862390636,-0.986052946384686
"2934",0.0236322754144156,1.11325246839271,-0.0713568926311505,3.36672674866179,-0.826381294425904
"2935",0.021532146152564,1.10149264655411,-0.0679518361409907,3.34407414673746,0.186109519922772
"2936",-0.00289802474193557,1.05763071990976,-0.0641154113701764,3.3242615009336,-0.7976283272356
"2937",0.019530442965156,1.04091942982085,-0.0619061668370134,3.30761170960676,1.03399514334366
"2938",-0.0257531318441216,1.04262507147546,-0.0574330201758469,3.29394606963265,0.739250678428416
"2939",-0.0179351190925092,1.02415941795495,-0.0550247681598753,3.28163992261355,0.500919397729749
"2940",-0.0122921701336289,0.994175707303026,-0.0536051147179962,3.27092370797307,1.34008126682749
"2941",-0.0307750336771686,1.01986489950561,-0.0489924537825951,3.26386213461462,-0.148014170596406
"2942",0.00271524588279631,0.97940819768253,-0.049059013871812,3.255662879069,0.148014170596406
"2943",-0.00280213831701507,0.94093376029788,-0.0491082982044249,3.24865084376966,0.31175675426654
"2944",-0.00654699518813037,0.906571531010345,-0.0491109883868127,3.24265885658507,-1.90198406998306
"2945",0.0443524996509254,1.00300706232454,-0.0614965604864182,3.24818565328328,-0.334504409581249
"2946",0.00922890733780352,0.970122907332305,-0.0591220542192111,3.24228126840364,0.917208131107972
"2947",-0.0219668843949661,0.963579867248958,-0.0557743453532601,3.23775249103628,0.182436405190234
"2948",-0.00408169181766673,0.92670621168405,-0.0544320863321952,3.23333455471494,-1.31767397277323
"2949",0.0306958860023213,0.953399159954812,-0.057342149336613,3.23189809990674,-0.1175976615994
"2950",-0.00061419659414983,0.915539906396086,-0.0556899487830715,3.22832669013135,0.953583135536995
"2951",-0.0208726368619939,0.908849985727549,-0.0530942456545297,3.2257933165439,0.19960086467149
"2952",-0.00380099921366167,0.874154930125205,-0.052304785030275,3.22310671644191,0.447650585890258
"2953",-0.010174470329452,0.846845538692295,-0.0515257713824457,3.22084145920333,0.148772653277096
"2954",-0.00459445031329732,0.815163974091009,-0.0510523499471637,3.21887261454922,1.26386581810238
"2955",-0.0292827212780712,0.841745538140813,-0.0464387322096141,3.21976282262241,-0.114239098511343
"2956",0.00347672547428628,0.809236152804217,-0.0470332178751185,3.21794860628735,-0.935122883527661
"2957",0.0205083169631969,0.806297312749909,-0.0489811063169469,3.21702639487339,-0.346735260289449
"2958",0.00794323262769495,0.779583088478065,-0.0491506489364409,3.21562588135459,0.0661375685483745
"2959",0.00111244616228498,0.74933953745514,-0.0491840881361624,3.2144104394191,-0.696635758091646
"2960",0.0171957616927891,0.740366782520529,-0.0501817875154004,3.21373036932766,1.24060808767346
"2961",-0.0291086382047655,0.767513270679191,-0.0454184449539523,3.21563383080628,0.81860313052784
"2962",-0.0197223273669489,0.765836476272095,-0.0446627615988241,3.21509103077482,-0.884381787726118
"2963",0.0201128047845536,0.762233887126505,-0.0470175514120495,3.21453713664162,-0.0493624033058915
"2964",-0.0029253779701377,0.733035564885184,-0.0474866823079073,3.21347946175805,-1.42551726061686
"2965",0.0325656127470389,0.77618966092687,-0.0546096813404006,3.21733738127506,0.183470988001788
"2966",-0.00130738315168482,0.745999793494183,-0.053519604530729,3.215874131221,-1.17332891507863
"2967",0.0278094306165357,0.76933715715921,-0.0567588734791637,3.21707783274886,1.78799984280575
"2968",-0.0401478176551883,0.845085677343411,-0.0439528290702024,3.22509435714938,0.59445353389101
"2969",-0.0137677587801574,0.826520260771676,-0.0445512771033286,3.22265781691809,1.11330553950735
"2970",-0.0269578037952324,0.844504999030647,-0.0421985156959301,3.22228316292149,-0.456919854998772
"2971",0.0107105103220475,0.818235556320488,-0.0438250654166668,3.22013716213624,-0.114556922764514
"2972",0.00495127657709214,0.788039573115734,-0.0449771754008962,3.21827105105979,-0.131083092667844
"2973",0.00100822199399129,0.757402630844915,-0.0458690890820506,3.21667262604575,1.5779099240303
"2974",-0.0326659707212167,0.800142743644443,-0.0400664781293642,3.21984665290062,-0.274747647577972
"2975",0.00732300398578699,0.771819397974427,-0.0420172904369966,3.21802677246492,0.452124135267318
"2976",-0.00739500918776706,0.745332301631522,-0.043449240818219,3.2164742097318,-0.0967118063774808
"2977",0.0021319900613275,0.716713891496742,-0.0446566959081939,3.21513599386879,1.44094712201517
"2978",-0.030740319985099,0.752842155008161,-0.0397355583602401,3.21795445235353,1.21654079541894
"2979",-0.0266978865674211,0.77449558635806,-0.0378167286834687,3.21868609151896,0.797689378755922
"2980",-0.0186582846381757,0.769510240952178,-0.0388852464871846,3.21755549623819,0.667652507266536
"2981",-0.0150163619029883,0.755742513506631,-0.0403564804773027,3.21628127700722,0.678596064885312
"2982",-0.0157520534238805,0.74396072015394,-0.041415192923603,3.21524075976239,0.780835323032264
"2983",-0.0167591747526545,0.734990877638363,-0.0420743560878517,3.21443740947208,-0.68865525812431
"2984",0.0169698625628858,0.725176161505424,-0.0444561711459819,3.21371520697417,0.398467960177978
"2985",-0.00994008724928954,0.703339780227336,-0.045281090902595,3.21281265396952,-1.66567700524909
"2986",0.0390435555646159,0.778269283924173,-0.0583418772006652,3.22253116602789,0.233009814162261
"2987",-0.00414181960746278,0.748679649648361,-0.0564778863706065,3.22031635622442,0.418054336503992
"2988",-0.00896451817008873,0.725213761898841,-0.0548618387009629,3.21844937897126,-0.38702734277074
"2989",0.00832931766433652,0.701669832109941,-0.0538269722419842,3.21684411618262,0.139502463916447
"2990",-0.00566040535136345,0.676699967123685,-0.0528636319963885,3.21545644892122,-0.450206457849839
"2991",0.00892806748511579,0.656023348025637,-0.0522837182674067,3.21429553883697,-0.342893104045172
"2992",0.0073786626411522,0.634894312233334,-0.0517735213018898,3.21329034268104,1.13328854004401
"2993",-0.0256320752986941,0.654673839767289,-0.0472409380148075,3.21480532082587,0.169661488989381
"2994",-0.00425764773908976,0.631300354650452,-0.0476403106211808,3.21371163285964,-1.25612258729733
"2995",0.02912322972623,0.66437925072429,-0.0539989351628226,3.21685913144884,0.311623810920808
"2996",-0.00900331744975391,0.64369354460375,-0.0529027972752376,3.21549016246592,-0.0778149599610811
"2997",0.00149475294226194,0.619313985866302,-0.0521644204308205,3.21429437499879,-0.0622955946014248
"2998",0.00389385384237521,0.596919414540695,-0.0515927891668317,3.21327312784709,0.512781793332123
"2999",-0.0143018366415,0.588121168908246,-0.0503554299967847,3.21266100785574,0.355844732263899
"3000",-0.00932100933807924,0.572334404660096,-0.0498946891310227,3.21193237295941,0.539084863487654
"3001",-0.0121717402158325,0.561310875434285,-0.0492330612218516,3.21141658118145,0.337371888774074
"3002",-0.00785748442852031,0.544859448155053,-0.0490909970087009,3.21084251528703,0.320978494914115
"3003",-0.00746534686365583,0.528592608555225,-0.048999144991772,3.21034604199064,-0.106878397837112
"3004",0.0029188344175744,0.509579851487251,-0.0490700146765865,3.20989549299836,0.426829916303895
"3005",-0.0101085035162133,0.497703098119605,-0.0487762587427401,3.20959952793126,-0.0913103091900458
"3006",0.00258255913782354,0.47988659700141,-0.0488908875008714,3.20925687710904,0.167338595373373
"3007",-0.00280596255132115,0.462976140642187,-0.0489696896580901,3.20896412132367,-0.609850952472196
"3008",0.0143622946003423,0.460124614015776,-0.0501847130571636,3.20916047482333,0.0152916889968435
"3009",0.000338771521862273,0.443586954258198,-0.0500051417149201,3.20888111197173,0.457666702741177
"3010",-0.0101906226846754,0.434752725090635,-0.049421435003837,3.20876755903961,-0.549451931764078
"3011",0.0126049871481725,0.429638923346112,-0.0502134430748653,3.20882927800753,0.33613477027048
"3012",-0.00897250933004593,0.419489343697893,-0.0497411646473124,3.2086684698822,0.274181436044446
"3013",-0.0068668376131629,0.408063161854734,-0.0494919664980494,3.20849298903115,1.05917165090208
"3014",-0.0244399330425564,0.434707932698788,-0.0424095123342423,3.2133550395239,0.2555431679994
"3015",-0.00549700057096569,0.421724240361843,-0.0437335616549649,3.21248475626572,-0.421243288762352
"3016",0.00924178462680408,0.412438451075989,-0.0452222492239255,3.21181313342839,0.165700120762952
"3017",-0.00418170476426265,0.398994856233487,-0.046034383339124,3.2111530506918,0.570315218351636
"3018",-0.0129257174404071,0.396546305898743,-0.0456274272976219,3.21099964545878,-0.329785938226695
"3019",0.00854604472151111,0.387327865096389,-0.0466625256347798,3.2105215116151,0.105049908362503
"3020",-0.00218854788386836,0.374170433893815,-0.0472034188807305,3.21004533063703,0.463899073608987
"3021",-0.0110809066416459,0.369701409697335,-0.0468935172781496,3.20988946367787,-0.990255653901889
"3022",0.023008142419441,0.3920837020515,-0.0538558826410192,3.21400301695237,-0.33227639693989
"3023",0.0061265710884293,0.38145351129006,-0.0530692311347342,3.21305185304053,0.181378526145959
"3024",-0.00536512106632855,0.370128578137484,-0.0522214541518276,3.21222081909683,0.346725304015411
"3025",-0.00791248861837274,0.36181751795971,-0.0513383523209407,3.21156821976162,0.615109583269818
"3026",-0.0137929255493815,0.362716232162595,-0.0493737793388684,3.21160885308608,-1.26431545669056
"3027",0.0283180723494608,0.403429954946517,-0.0617594976341631,3.22169363560378,-0.197104149931837
"3028",0.00478573681265205,0.391312253804566,-0.0592760081401546,3.21961201077925,-0.197493417780414
"3029",0.0044437219568608,0.379118600868482,-0.0572735641298575,3.21782587606175,0.0152056565335124
"3030",0.00061196499686425,0.366081640777426,-0.0556356664515835,3.21629190356829,-0.487731495735066
"3031",0.011801755572796,0.363025115442836,-0.0552535040295187,3.2153137346461,-0.107009105984424
"3032",0.00305824374945568,0.351399315311768,-0.0540518471179566,3.21414561851666,0.290187297946332
"3033",-0.00685167193130861,0.342637413704271,-0.052891869222964,3.21318377180983,0.638494111980237
"3034",-0.0149149070885837,0.346522416787314,-0.050048446026279,3.21333069557455,-0.638494111980237
"3035",0.0147544742877206,0.348916395448579,-0.0517067624450788,3.21327144645547,-0.3666925422869
"3036",0.009265851799333,0.343396411724583,-0.0517446735298379,3.21255738054916,0.0917992720525673
"3037",-0.00257569126716912,0.332244441262517,-0.0512359724430366,3.21178680321786,-0.214329537038188
"3038",0.00520368178849428,0.322987800754503,-0.0509277122384012,3.21114174324472,0.321322287023162
"3039",-0.00813970213040717,0.31669327930666,-0.0502484758871147,3.21066649148891,1.10901250577971
"3040",-0.0261660244599912,0.353337649986691,-0.0373836990770547,3.22120399981702,0.271575302700205
"3041",-0.00659266357845208,0.344885472591539,-0.0396186066926921,3.21923022334309,1.56965626480812
"3042",-0.0361582988412908,0.422553962904866,-0.0124485134699016,3.25102369070047,-0.148434048330942
"3043",0.00323830527728003,0.407998690768392,-0.0200385857274024,3.2446836298569,0.370672824147789
"3044",-0.00719618961545251,0.397114083589404,-0.0258899109657001,3.23929652952987,0.19220823541462
"3045",-0.00346151507735293,0.384156750783549,-0.030684889009159,3.23465646501693,-0.890213594059319
"3046",0.0207916250033322,0.399910367270952,-0.0391210862407036,3.23354664212443,0.148920355146775
"3047",-0.0035625919242675,0.386584703880436,-0.0412032416370196,3.22973784514177,-0.447428039492109
"3048",0.0101992580633085,0.38012050465952,-0.0434028856757204,3.22664004167916,-1.08206646407167
"3049",0.0253321610555808,0.411263031888996,-0.0534178697869335,3.23061544420315,0.947446744391983
"3050",-0.0220164326860044,0.427900573685022,-0.0479678173125487,3.23009155868334,-0.480120952302238
"3051",0.0103012028214243,0.419216134608233,-0.0486581979563428,3.22689695278899,0.225343744422363
"3052",-0.00377568429820087,0.40526122267762,-0.0487724304636743,3.22405167445613,0.508906950747118
"3053",-0.0121430614484365,0.401188093257565,-0.0480083742340202,3.22192886126239,0.342797861581612
"3054",-0.00886660451945451,0.39282839307149,-0.0479048277484374,3.21990062497901,0.148676804074727
"3055",-0.002598687994702,0.379697167132284,-0.0481831404592141,3.21806717615952,0.341120093479985
"3056",-0.00829809274221328,0.371330194069119,-0.0481073219904036,3.21657592670198,0.0740028154841033
"3057",-0.00151019695621023,0.358790914668843,-0.0483523289726934,3.21522306229631,-1.38549702326691
"3058",0.032435249028515,0.417669728331295,-0.0680774284800914,3.23370775692256,-0.481203936068725
"3059",0.00927775043962863,0.409740464808059,-0.064677403665731,3.23000726422549,-1.33537644458719
"3060",0.031902594407819,0.465181372192169,-0.0771008120925111,3.24124997559057,0.061087356817191
"3061",0.00071784112134032,0.448538224233741,-0.0713848281187126,3.23632461111018,-0.122212053096843
"3062",0.00288667418488292,0.433040909723232,-0.066853657029773,3.23211312347059,0.152741743457613
"3063",-0.00258201642364616,0.418070229891252,-0.0632377485107839,3.22851107151447,0.517583740340416
"3064",-0.0123731113255218,0.413782318583039,-0.059495454269597,3.22574368879374,0.363746990942249
"3065",-0.0095732028919475,0.405795041218483,-0.0569560411708634,3.22318993769132,0.528103830161369
"3066",-0.0121387170141254,0.401914468932899,-0.0544820510230099,3.22120448343808,-0.120463800142079
"3067",0.00267362163065047,0.388246790865246,-0.0534249016136681,3.21918180448471,0.120463800142079
"3068",-0.00330008622003813,0.375491244716229,-0.0525612810420443,3.21745318503736,-0.891850821103618
"3069",0.0210459379581582,0.392347071750012,-0.0568374155073078,3.21911973791284,-0.106342585031155
"3070",0.00305329109800359,0.379552575754097,-0.0553113116358785,3.21740076923275,-0.106455792883925
"3071",0.00243823595602374,0.366888414626838,-0.0540852496982131,3.21592897211518,1.39017046895199
"3072",-0.03047672961442,0.416996765250482,-0.0374730354260149,3.22926644775041,-0.285521269933292
"3073",0.00669793028537548,0.404722919191645,-0.0400072299494283,3.22609309462654,0.045136538793833
"3074",-0.000975676878047095,0.390591840782773,-0.0419211033425684,3.22336216320916,0.105239429392795
"3075",-0.00252328495604565,0.377463869018316,-0.0434331580237911,3.22102725236864,-0.935997171591235
"3076",0.02151593527891,0.395636102156722,-0.0498990213467637,3.22244361734925,0.166704592671896
"3077",-0.00519425175385278,0.383345569199868,-0.0497267113546588,3.22024820298885,0
"3078",-0.000251289371969122,0.370100916426402,-0.0496412197176363,3.21836351240306,-0.394477829101625
"3079",0.00914714468403994,0.363076119506989,-0.0499919582814532,3.21686866173999,1.1186813563816
"3080",-0.0257640922148642,0.394903391350915,-0.0404419189079549,3.22289372405796,0.330181899850102
"3081",-0.00844677963178956,0.386685233185805,-0.041899121647662,3.22072432902742,0.269340279539532
"3082",-0.00607161622936534,0.375945812987597,-0.043297759572781,3.21879436653361,-0.209424160311489
"3083",0.00483503401002282,0.364503509156966,-0.0445903242142127,3.21712805477717,0.433321559613742
"3084",-0.0101019914745934,0.35882002350609,-0.0450025182108211,3.21586713425953,-1.06423847894021
"3085",0.0255549303416255,0.390034653586696,-0.0552092497420502,3.22194301424947,-0.0753749941467374
"3086",0.00213905768459051,0.376996171408624,-0.0540061492074768,3.21981377835658,-0.226466466534048
"3087",0.00404779978490389,0.365152770197442,-0.0530769309473821,3.21799653439189,0.226466466534048
"3088",-0.00182300266222561,0.352886585852776,-0.0522993271090465,3.21643800311192,1.00533519852821
"3089",-0.0228290846813025,0.376361807726232,-0.0446428880906867,3.22014632707123,-0.059737158287787
"3090",0.000442524316321069,0.363409757685158,-0.0456033254017903,3.21827638619458,1.12894841350488
"3091",-0.0271394137071848,0.400844778079596,-0.0351206069169653,3.2260878140481,0.0295377346705206
"3092",-0.000881260724852726,0.386989383727898,-0.0380384111936807,3.22335771462117,0.662302810975929
"3093",-0.0150914549481527,0.389039073757189,-0.0385888522428296,3.2218217870228,0.161231255154592
"3094",-0.00283758805424983,0.376226559641227,-0.0407783515290855,3.21971082826463,0.773218528814873
"3095",-0.0179040869844521,0.385141397393818,-0.0394313854479484,3.21959406563006,-0.626869900323335
"3096",0.015466316071439,0.387150686676484,-0.0432247554651611,3.21859824944256,0.0877064812837558
"3097",-0.000818025053165543,0.373746845107255,-0.0444768975118781,3.2169524461565,0.843886864586468
"3098",-0.0189001538726834,0.385139896473644,-0.0418147262434607,3.21764921755311,-0.188528806475302
"3099",0.00449451796185574,0.372923433982234,-0.0433915065033553,3.21614501336121,0.506770070290413
"3100",-0.0138576205825815,0.372926470368494,-0.043199750061952,3.21544476634568,-0.158994035083487
"3101",0.00311902682597421,0.36065266227419,-0.0444689684682546,3.21425654903747,0.202312207734001
"3102",-0.00406321909329069,0.349456682089943,-0.045428967131467,3.21324383003516,-0.0866551180741637
"3103",0.00274334192735266,0.33814075736819,-0.0462387927463354,3.21237418629825,0.834537217528819
"3104",-0.0199396505216753,0.353585031907773,-0.041943403155096,3.2147614607209,0.343298863836616
"3105",-0.00747982456573699,0.345884029116005,-0.0431654348045013,3.21374410770082,0.0285551115589644
"3106",-0.000799191647242956,0.334310990881238,-0.0444292743351326,3.21280112298263,0.256629738791309
"3107",-0.00574682590518585,0.32542386423431,-0.0453113383782284,3.21201733029933,-0.0284819141771753
"3108",0.000581304090454938,0.314683649258473,-0.0461343147322104,3.21132433912018,0.59642323916736
"3109",-0.0141461388015338,0.317915845855641,-0.0448149005946008,3.21165599310547,0.0849136762031688
"3110",-0.00165828587221905,0.307752812736611,-0.0457345671255587,3.21101566925304,0.0565690865035995
"3111",-0.00128089471667175,0.297879545579563,-0.046468752866807,3.21046777507083,-0.396657270320938
"3112",0.00938359877399454,0.294238440245816,-0.0476747076525165,3.21019709371839,-0.0425924617782736
"3113",0.00089778865368069,0.284914774638518,-0.0480124744228491,3.20976768370565,-0.0284050562909866
"3114",0.000301245668596144,0.275916492267928,-0.0482797090243414,3.20940040482715,-0.298741242166661
"3115",0.00769086245637727,0.27131139258774,-0.0488802685700749,3.20919212456016,1.0910487258994
"3116",-0.02592696132854,0.307782079211071,-0.0340628238517939,3.2226105749843,-0.367076509879705
"3117",0.00812569679895664,0.301625573613527,-0.0375080808960076,3.22046159878625,0.0989609185166329
"3118",-0.00254642609311354,0.292275665396958,-0.0399265974842262,3.21854679235175,0.141203073447127
"3119",-0.00328499424583683,0.283709610927251,-0.0418281309164816,3.21691179616148,0.324012398703055
"3120",-0.007743489002146,0.278895783326416,-0.0429772949427048,3.21561672370497,0.533035348203209
"3121",-0.0113460957622898,0.279142696229344,-0.0429980354436661,3.21492298190652,-0.322287114246733
"3122",0.00711766577260787,0.273568609765737,-0.0445664489648617,3.21387434425136,-0.323329163381803
"3123",0.00696183918991912,0.268491135061781,-0.0458546694697137,3.21299154602272,-0.862622898390014
"3124",0.0209266696813495,0.290300527991305,-0.0548822836568234,3.21845106303483,0.764010507500995
"3125",-0.018202389312841,0.302319389586586,-0.0493475192833257,3.21951036714231,0.0986123908890191
"3126",-0.00180756344263541,0.292898848670851,-0.0493318587223871,3.21773312146063,0.295255047532061
"3127",-0.00710028290890433,0.287002309638016,-0.0490440633668271,3.21628215857156,-0.351593077191215
"3128",0.0078327630760569,0.281888549969347,-0.0494609714634316,3.21506802858864,0.687963401353714
"3129",-0.0150162839158729,0.287914519791092,-0.0467383264297455,3.21533200304756,0.794373907586787
"3130",-0.0176675207297215,0.300749941591078,-0.0425987584385002,3.21707382386654,-0.264090778272141
"3131",0.00618392695997362,0.293319852562677,-0.0441238982886822,3.21567696628587,0.166875299467895
"3132",-0.00558250146989559,0.285955112622883,-0.0450660867593991,3.21447746764936,-0.334029538136982
"3133",0.00740239347173974,0.280486627639901,-0.0462499510669536,3.2135068185909,1.09533157483072
"3134",-0.0248147484408076,0.312789411624454,-0.034448292462677,3.22335474418501,0.508906950747129
"3135",-0.0110501424113913,0.311727192743732,-0.0363985707453441,3.22144827218448,-0.48133215393652
"3136",0.0108802214717651,0.309207668490069,-0.0399054842606054,3.21969074800183,-0.165562951726128
"3137",0.00300844385581338,0.299873139768952,-0.0418654092900892,3.21788947689517,-1.13874303708952
"3138",0.026807545193303,0.339128551243426,-0.0579854519563559,3.22966040740232,0.765221125328003
"3139",-0.017603667328971,0.347314064312525,-0.053139669510432,3.2280732259726,-0.52807237778994
"3140",0.0126396470514232,0.345747134129037,-0.0534556338009153,3.22548157117438,0.458748284892285
"3141",-0.00976790573832112,0.340195478099841,-0.0520865776302599,3.22299393403066,-1.00363262288891
"3142",0.0230254331648835,0.363998180343888,-0.0588856969127235,3.22606893515199,-0.449312746913322
"3143",0.0111453565285643,0.360810609924856,-0.0578104903618393,3.22366344168583,0.154679071829872
"3144",-0.00583876340408443,0.350638431940726,-0.055962948202595,3.22130138263253,0.727988655360107
"3145",-0.0172720375537364,0.359309909477786,-0.051460227505302,3.2209774739968,0.598013047033563
"3146",-0.0134027462951244,0.359989467773852,-0.0495120666624498,3.21963200708078,-0.388997434117222
"3147",0.00809758781491274,0.351850143108117,-0.049740618200334,3.21790166778905,0.166898508838814
"3148",-0.00602212975424342,0.342260853003324,-0.0495348317714061,3.21637820418327,0.568143979570396
"3149",-0.0129807643556208,0.342433806718613,-0.0480972533905774,3.21563413510268,-1.09761435401566
"3150",0.0259816369571681,0.375599679338828,-0.0587770154302426,3.22292931156613,0.167504226769488
"3151",-0.0037701434000288,0.363360504350431,-0.0568125379814848,3.22065808192084,0.278551712142633
"3152",-0.00677336058891821,0.354155581191535,-0.0550874055814153,3.21875254060369,-0.474000608648251
"3153",0.0110902728854609,0.350255381188435,-0.0546643187530377,3.21734583980953,0.474000608648251
"3154",-0.0127726132995612,0.349036266360803,-0.0523958357533726,3.21634038908992,0.222284059294625
"3155",-0.00609795255997403,0.340030101518657,-0.0516049183689838,3.21505294278852,-0.738216319965468
"3156",0.017190827815001,0.348327140366375,-0.054217411177561,3.21559743580585,0.613242339942038
"3157",-0.0150285691636467,0.351078831229899,-0.051328028537064,3.21525279666184,0.291363369492958
"3158",-0.00714395881588735,0.343016665740408,-0.0506637974793512,3.21414997423066,0.304330017702814
"3159",-0.00660898058878,0.334610032226036,-0.0501946417357306,3.21318926693683,-0.373625287608931
"3160",0.00882162507871306,0.32854766551261,-0.0504282165064922,3.21244233375606,0.166228047696027
"3161",-0.00426340243707254,0.318774821330279,-0.0501545907233175,3.21169358174366,-0.0138417883811581
"3162",0.000859288328360539,0.308347173729559,-0.0499813993658641,3.21104747087061,0.0276816610764175
"3163",-0.000141347763847126,0.298331432986803,-0.0498435356761153,3.21049489896478,-0.180067920391286
"3164",0.00442512139914613,0.2900707863167,-0.0497995045010787,3.21003218628609,-0.333287351980122
"3165",0.0093343945250765,0.286871734068834,-0.0503627306073921,3.20984283875974,0.430287290300041
"3166",-0.0104464626119882,0.284868537174565,-0.0492864481105574,3.20977013784027,1.15671903879326
"3167",-0.0267176773865459,0.325069958777642,-0.0333913428930489,3.22433667511214,0.32804840791617
"3168",-0.00754938227212842,0.318846272338015,-0.0363040317814338,3.2219565982928,0.163621525459506
"3169",-0.00393605490468484,0.309520177094333,-0.0389324434673343,3.21983100101061,1.25907031167322
"3170",-0.029361836168021,0.358182039575899,-0.022761104076463,3.23602805993414,-0.824050593557957
"3171",0.0194037849428305,0.369754686414967,-0.0320028434258268,3.23405770871345,-1.9035151940433
"3172",0.0439185896904182,0.490352177325516,-0.0834887602965637,3.29519560618406,0.413907875688729
"3173",-0.0111309007008367,0.479408851278697,-0.0760852853828965,3.28255969330835,0.316173196234104
"3174",-0.00715557427174603,0.465728353622972,-0.0704256363185645,3.27168343311891,-0.550510611348659
"3175",0.0138179091063814,0.461537865921361,-0.0670696717125093,3.26271925684469,-0.789751247115106
"3176",0.014378892764743,0.459534426246466,-0.0646656694818025,3.25518809330124,-0.418177358768651
"3177",0.00948095724897455,0.44951111732118,-0.0618810589236108,3.24834540940461,-0.433961624553975
"3178",0.0120715070782547,0.443627858973512,-0.0600551292882573,3.24265177981046,0.5456466843274
"3179",-0.014423083450423,0.441316624825781,-0.0566631319300185,3.23799002849587,0.389918332754902
"3180",-0.00948666176230563,0.43208861008582,-0.0547521267638772,3.2336461385503,0.416089365916472
"3181",-0.010301437150645,0.42422397729659,-0.0531269390054855,3.22997218253852,-0.708385488840502
"3182",0.0159866524193963,0.425997416180863,-0.0540862213932905,3.22746388525918,0.361764691191868
"3183",-0.00910219564564702,0.416065871149556,-0.0528082971217094,3.22460801920489,-0.152894602027515
"3184",0.00401014799293707,0.402377169053774,-0.052114080244179,3.22209486021373,0.706912639589052
"3185",-0.0143356837766363,0.402036206364345,-0.0501406752936453,3.22052600035895,-1.04131451174898
"3186",0.0244073219322052,0.427220532296728,-0.0567252646951171,3.2233708477049,-0.0279173647820985
"3187",0.00227920550324245,0.412619825622239,-0.055210127019335,3.22103486866471,-0.0139616056073322
"3188",-0.00108929480043465,0.398175004669648,-0.053996031901545,3.21903629672896,-2.23078571526354
"3189",0.0536377364329075,0.57887848059329,-0.128707612986532,3.33688633911243,-0.615827223707593
"3190",0.0118993833625791,0.568869917511775,-0.113008538263603,3.31831828237724,-0.172537785433929
"3191",0.00513223542607554,0.549587228801079,-0.0999494643483089,3.30224067098119,0.745523166287021
"3192",-0.0148214123062355,0.543793190582019,-0.0885690502960016,3.2888397625005,-0.0571510231300754
"3193",0.0013071739019445,0.523676668708714,-0.0804927683702755,3.27702411671047,-0.243256898947863
"3194",0.00334574322350635,0.505137008576043,-0.0740902827186065,3.26692026756816,0.0429707089617259
"3195",-0.000985484139530372,0.486681850894511,-0.0689922056555024,3.25827821373313,0.442952785408807
"3196",-0.0103784262980924,0.476291794172299,-0.0645342947563856,3.25100075660465,0.22785541045871
"3197",-0.00460442099579222,0.460614478991793,-0.0613597776474335,3.24466915601735,0.354987948220387
"3198",-0.00824600482417477,0.448748239081246,-0.0586510503473132,3.2393013291977,0.0283446713915836
"3199",-0.000868493523311079,0.432747115230556,-0.0567290801958991,3.23465806445684,-0.653968779386266
"3200",0.0151361784780099,0.432830566009169,-0.0567000549043287,3.23132672884145,0.597271400121169
"3201",-0.014925518990233,0.431824765918465,-0.0538380866104257,3.22839087191546,-0.340861003227394
"3202",0.00807009029246159,0.420518925596862,-0.0531072680110981,3.22537108110216,-0.0142277868917517
"3203",0.00155884677307936,0.405866581427066,-0.052328720800729,3.22274479968685,0.326728041205271
"3204",-0.00875666343138058,0.396789274544603,-0.051391464608935,3.22057919747742,1.22631743310651
"3205",-0.0288878954092627,0.440246899236539,-0.0388111819266745,3.22908231684075,0.433354980276657
"3206",-0.00947932436127217,0.431506557840711,-0.0405301810320784,3.22604404498592,-0.391335230376227
"3207",0.00873487135176491,0.421083698834408,-0.0426055722926866,3.22338501790299,0.544656049315989
"3208",-0.0144505249834146,0.419946396047568,-0.0426788195155927,3.22157956001418,-0.0975405915835337
"3209",0.00253950260256028,0.405442003846392,-0.0440481944936298,3.21950241794885,0.542232819677335
"3210",-0.0125012657857442,0.401715873004802,-0.0442102980272284,3.2180602511056,-0.55617495981844
"3211",0.0132219653567022,0.398993623291348,-0.04630811471684,3.21689014514976,0.22284131784262
"3212",-0.00406227414894112,0.386019836258846,-0.0469000003308562,3.21549451884428,0.637916460859367
"3213",-0.0142483994855566,0.386576684101348,-0.0458783403609874,3.21494957336717,-0.373935758760224
"3214",0.00854731298267652,0.377755944981554,-0.046869555231855,3.21390207720708,0.622451695030057
"3215",-0.0161864519543811,0.382051472031121,-0.0451995870815826,3.21398705106882,-0.0965717119958853
"3216",0.0017400843772022,0.368979749189187,-0.0460468270944766,3.21300892971447,-1.18015948000915
"3217",0.027763664922894,0.408683403294857,-0.0585509102624285,3.22224349855388,0.529322868428472
"3218",-0.0128829982975301,0.404482074317026,-0.0557835802467198,3.22037845345856,-0.781036048458228
"3219",0.0177028935137923,0.410826187921265,-0.0569811665535595,3.21976199060623,0.989210434927901
"3220",-0.0205215722921476,0.423773474733964,-0.0515908209933963,3.22017225129565,0.263066956833968
"3221",-0.00615849369230613,0.411752490959816,-0.0509913670052936,3.21832327699448,0.565323808252821
"3222",-0.0140904555116235,0.41098668109036,-0.0492993438749475,3.21727259189345,0.0137485392393832
"3223",0.000148444593213902,0.396541711976613,-0.0493017991988913,3.21581872195701,0
"3224",-0.000687395577037624,0.382749801810471,-0.0493035938732448,3.21457535233259,-1.63551809183246
"3225",0.0386302738172178,0.47047065019135,-0.0793065297916568,3.24833222233159,0.2093949253965
"3226",-0.00231750676361191,0.453593589975256,-0.0731344558975304,3.24238145708641,1.15079259602729
"3227",-0.0260711240431596,0.483514022576445,-0.0610319067071257,3.2424865706668,-0.747201483870108
"3228",0.0172629492878641,0.484729867404645,-0.0603179036676179,3.23813835011705,0.66445427186686
"3229",-0.0184688040698228,0.48920683781535,-0.0558962088099852,3.23470462077419,-1.1238411728896
"3230",0.0245070031499697,0.510642402808667,-0.0595768248316406,3.23395052968829,0.487160821490124
"3231",-0.0095539795917469,0.497363258065925,-0.0572193506216388,3.23013938804549,-0.445311061515447
"3232",0.0112938417381503,0.487489276457533,-0.0560700329504247,3.22696206203586,0.625653761430528
"3233",-0.0136483424147335,0.481874165813397,-0.0538097340766958,3.22441544233516,0.166182007500981
"3234",-0.00325189926820169,0.46522869262955,-0.0528675218124221,3.22192900138998,0.730684990775055
"3235",-0.0178586291048593,0.470214583941056,-0.049893169535805,3.2208974647931,0.150984861569864
"3236",-0.00305707579179098,0.454025882713815,-0.0497574787554925,3.21892027459973,-0.605312069714886
"3237",0.0135830870671343,0.450082675534651,-0.0506607506528292,3.21759890874091,0.28935604067804
"3238",-0.00926029725418722,0.439367174649779,-0.0500904964846608,3.21617035899696,-0.179026419777356
"3239",0.00427949090296941,0.424814180127596,-0.0499586620643624,3.21487932225051,-0.262231880310249
"3240",0.00606023732923052,0.412338446524068,-0.0499295906186956,3.21379025389059,-1.29357113602133
"3241",0.0298602989536118,0.458766008082937,-0.0623846157220289,3.22377141931321,0.947478176178695
"3242",-0.0218834504858411,0.472667662612819,-0.0559147686514447,3.22357619472957,0.263139823605085
"3243",-0.00582051813105301,0.458267284483616,-0.0544601155294531,3.22122610753771,-0.443582651383434
"3244",0.0100835539439725,0.448480961443939,-0.0537925351155884,3.21930687872013,-0.264311206249301
"3245",0.00259391426775574,0.432956429767478,-0.0528798808600842,3.21755920483935,0.236521849394078
"3246",-0.00372235176850368,0.418469173408695,-0.0521244320142362,3.21606604018199,-0.991558993357244
"3247",0.0237262816038502,0.441535648160082,-0.0575675504263366,3.218879016632,0.21030501967787
"3248",-0.00505075463543458,0.427142730064841,-0.0558305789542182,3.21719740079456,-0.294551022975675
"3249",0.00640998127772576,0.414679737888599,-0.0545995241461978,3.21577414390534,-0.988150332999771
"3250",0.0267962441935501,0.449224599563319,-0.0625500095706485,3.22156959746187,-0.726136884624223
"3251",0.0144406917515662,0.448480808509429,-0.0612259371146248,3.22007832779552,-0.933177398514284
"3252",0.0214719063655929,0.464605846533153,-0.0630339956069754,3.22079707517317,0.747237274857177
"3253",-0.0159975247064394,0.464113598968544,-0.0587594118203719,3.21944671085548,0.542548446795826
"3254",-0.0127852038644627,0.459088687315359,-0.0559273427420468,3.21799701032566,0.298571345707632
"3255",-0.00776287833159085,0.446961384184797,-0.0543586680371712,3.21648415394115,0.198553461911855
"3256",-0.00522313758230644,0.432937407871106,-0.0532551589853045,3.21515421990507,0.198160008226406
"3257",-0.00539627168803228,0.419603408266283,-0.0523710527485688,3.21401839554632,-0.68104690025268
"3258",0.0163811687983369,0.422676532696801,-0.0536918328225621,3.21394581089007,-0.499537183782361
"3259",0.0121265246471869,0.41831135055649,-0.0536685781390914,3.21328761600541,-0.100207581214762
"3260",0.00229361819047725,0.4039965168642,-0.0527799206336109,3.21241128208075,-0.0859722076165803
"3261",0.00490228547707786,0.391513544851017,-0.0521247787620974,3.21166972764045,0.714186723695676
"3262",-0.0170127242795603,0.397242428209722,-0.049115039096013,3.21224793594761,-0.0142338623825788
"3263",-0.00027077323997782,0.383418409519809,-0.0491552703322042,3.21152155869706,-0.213751417331082
"3264",0.00475957563572693,0.371690956890241,-0.0492431833607647,3.21090831368692,0.128305670178569
"3265",-0.00406937440307054,0.360001443609447,-0.049223395812728,3.21037997135823,-0.944753663140357
"3266",0.0217361265962283,0.379465780698985,-0.055031920340702,3.21380786509853,0.602238700056373
"3267",-0.0132854549875918,0.377443262905547,-0.0527522780034451,3.21328116721451,-0.228996808242998
"3268",0.00527438586571133,0.366114784538318,-0.052109587968695,3.21241499950156,-0.488366382870742
"3269",0.0127247849143532,0.364777747279713,-0.0527147531958128,3.21213063584537,1.24491841765688
"3270",-0.0299056412164115,0.411690881127085,-0.0374726965497963,3.22467900256136,-0.727898739461147
"3271",0.0159737165972136,0.413027218351248,-0.0415757378992968,3.22289136575544,0.386018064582583
"3272",-0.00870729189162206,0.403199440839158,-0.0428976833451674,3.22068900895005,-0.931839586295391
"3273",0.0213120986974958,0.419261892610149,-0.0487515268547276,3.22154376936527,-0.389638995009234
"3274",0.0104208135254666,0.412520310814775,-0.0494573676243902,3.21965661822872,0.763417463533766
"3275",-0.0173350602696862,0.417791077500714,-0.0471010223246079,3.21900889992177,-0.071772055043906
"3276",0.0010163924161755,0.403075989106576,-0.0475558511594644,3.21730364221274,0.10046645983191
"3277",-0.00306739309027783,0.389597656272922,-0.0479034020799434,3.21584648902139,0.472272791934369
"3278",-0.0117236125735475,0.385491788809884,-0.0473605732623814,3.21489160506819,-0.716438083793575
"3279",0.0161976817495012,0.389319214220462,-0.0498446889148621,3.2147759722666,-0.100712187492585
"3280",0.00331498344913959,0.376728699530705,-0.0497604505513697,3.2136863761821,0.874244192334644
"3281",-0.0219944317425763,0.396284156139143,-0.0440495631492767,3.21648253614518,-0.486340538063085
"3282",0.0113167009427328,0.390381529291205,-0.0457566648082257,3.21534247801892,-0.0860708703257829
"3283",0.00243071779522206,0.377314472174357,-0.0464978319760418,3.21416884835321,0.657991216778475
"3284",-0.0174395182025967,0.384779293046935,-0.0442801529694488,3.2146359722329,0.469384262689904
"3285",-0.0109254429497973,0.380151349360671,-0.0445637391455084,3.21381903351421,0.0851063881156799
"3286",-0.00119544617292615,0.367177133209917,-0.0455388630366218,3.21286525335991,-0.640070459195191
"3287",0.014349453356847,0.368507852336951,-0.0479440771937389,3.21276549036186,-0.24287461042421
"3288",0.00650843399849723,0.359061567785739,-0.0484018424304918,3.21200115311094,0.228604185854864
"3289",-0.00392913298789574,0.347822564677469,-0.0485579991382235,3.21131413214887,0.469852078155414
"3290",-0.0104344974525101,0.343601974685441,-0.0480116472725754,3.21095569236324,-0.584088846254843
"3291",0.0135599248895855,0.344073641189019,-0.0497264587425711,3.21102797269361,0.541466127700929
"3292",-0.0123933160817772,0.342394776990567,-0.0485632996640894,3.21089095345215,-0.284616671426019
"3293",0.00635726875688144,0.333403825607963,-0.0488549965897299,3.21038763109577,-1.34865745742632
"3294",0.0319906045180907,0.39222928304535,-0.0702224561374784,3.23194792541547,-0.50684345704588
"3295",0.00961390244182593,0.385847763706443,-0.0664776694157428,3.22854060332452,-0.670068057001666
"3296",0.0170200400377967,0.392612777895121,-0.0655847902121232,3.22681732274165,-0.248774548438951
"3297",0.0076995253230714,0.383392484031584,-0.0625026229586733,3.22404536347927,0.947874395454368
"3298",-0.0226367674855869,0.404286022352295,-0.0539006998162818,3.22558226326209,0.838276335329136
"3299",-0.0205404829575832,0.42016461385932,-0.0484711327630967,3.22568825604899,0.344827927891606
"3300",-0.00840721522279433,0.41066172925,-0.0483265950188694,3.22309679704845,-0.359221594703069
"3301",0.00770371733457974,0.400046699967554,-0.0487277383316146,3.22084294328768,0.917043251408667
"3302",-0.0220615387721689,0.418494185826302,-0.043737329012488,3.22216008645322,-0.171306251742798
"3303",0.00478922645619936,0.404963176561457,-0.0449197982467072,3.22000298095683,0.640890892655721
"3304",-0.0139221086613641,0.403690897280192,-0.044561822186763,3.21866289222419,0.340136382349021
"3305",-0.0075493379453374,0.393752812876206,-0.0453043840198615,3.21706175879426,0.508045123241901
"3306",-0.012045533054883,0.390159210455179,-0.045217507544552,3.21596838605156,0.785197528268522
"3307",-0.0173209778558628,0.397580407560175,-0.0432999626600228,3.21614924988316,-0.321746098362391
"3308",0.00727747403361227,0.386914387605525,-0.0446967983866347,3.21489049747257,-0.562036044608444
"3309",0.0119665454735838,0.383475372143096,-0.0465621868951167,3.21411381715487,-0.0422803191415744
"3310",0.00178109869391215,0.370502356992882,-0.0471322890635643,3.21311756684467,0.0986262848526376
"3311",-0.00216245928049924,0.358107407178242,-0.0475753555904674,3.21226561659088,0.168847655142168
"3312",-0.0032071747899072,0.346661043059386,-0.0479125974752754,3.21153869019497,0.112406924860947
"3313",-0.00287834114146633,0.335580650637285,-0.0481847957849662,3.21091644817272,-0.351691999270926
"3314",0.00762495923393369,0.328256305489091,-0.0486906316844489,3.2104493451184,0.0985985008394585
"3315",-0.00227323772874898,0.317677975766444,-0.0488122693679324,3.2099837841613,-0.564733958888769
"3316",0.013124972166396,0.318828135111817,-0.0504543623477532,3.21024914836348,-0.32617202568343
"3317",0.00800129066069175,0.31302785476815,-0.0506116978428894,3.20991950168838,-0.227531383713542
"3318",0.00533299423637189,0.304870292916393,-0.0504625137457976,3.20955194557643,-0.270867654384521
"3319",0.00726103782337224,0.298695158285648,-0.0505207893700752,3.20928929215838,0.0570857729217333
"3320",-0.00151012297075697,0.289217056688144,-0.0502701287096385,3.20899135995755,0.80995114187658
"3321",-0.0191965944716423,0.305065705279595,-0.0444304359939851,3.21248850139766,-0.767158187796535
"3322",0.0174245286864977,0.314713641654255,-0.0490204178365619,3.21377734081849,0.057028801089376
"3323",-0.00120687731876895,0.304465926579842,-0.0490798956135198,3.21282953707395,-0.873242969447563
"3324",0.0199224114182472,0.321412842087801,-0.0549105845812058,3.21589619386605,-1.22967191411482
"3325",0.0307337833979418,0.376709871429947,-0.0743115142317564,3.23567005978948,0.392242821489613
"3326",-0.009854506820594,0.369404266822428,-0.068760050445483,3.23166560769334,0.66474233219822
"3327",-0.0160222732295014,0.374629236635491,-0.0624007643988802,3.22930019219816,0.273283161811083
"3328",-0.00625917312399183,0.36472665142062,-0.0595510914819476,3.22613648796167,0
"3329",-0.000768547567122393,0.35233278049429,-0.057444015407199,3.22339927950491,-0.74971516096688
"3330",0.0162266397558764,0.35820476747272,-0.0582832996056916,3.22233413141729,0.173510743357413
"3331",-0.00263286640768042,0.346381224168865,-0.0564308467492965,3.22014789646324,0.230880333440536
"3332",-0.00474535404337844,0.336286632123333,-0.0548989369134333,3.21828793167239,0.057636889203666
"3333",-0.00109016041651602,0.325161354496726,-0.0537482895078511,3.21668709877929,-0.129729747924118
"3334",0.0029951068797022,0.315016015309024,-0.0528528915581869,3.21531968719985,0.38868543859748
"3335",-0.00893780731385959,0.310036421294266,-0.0516374844111329,3.214291597784,1.07182162200242
"3336",-0.0245927366994688,0.341583361388469,-0.0402582413175352,3.22229711828769,0.39721998604329
"3337",-0.00896752914473028,0.336287651317817,-0.0415849121293603,3.22027833573718,0.282765634470034
"3338",-0.00647756243267034,0.328090086812574,-0.0429854878812184,3.21842979037313,0.969449109972731
"3339",-0.0224961181455738,0.351940711381883,-0.0366620601896482,3.22241392935978,0.682786739551677
"3340",-0.0154216030096369,0.357246463342446,-0.0368705065062676,3.22141182387591,-0.654826442990364
"3341",0.0160614788609155,0.36181854140235,-0.0416685003845694,3.22045243500159,-0.0139791710579207
"3342",-0.000822207368863791,0.349507549834427,-0.043240811175567,3.21853817531539,0.0978131846307351
"3343",-0.00152404654287059,0.337875352232152,-0.0444875063932158,3.21690117558677,0.181399617174322
"3344",-0.00333480426512848,0.327352937913681,-0.0454558663982095,3.2155036729662,-0.111591586416221
"3345",0.00317727172200903,0.317166567360555,-0.046268679830733,3.21430789224923,0.473406620703065
"3346",-0.011288638992339,0.31528492543277,-0.0459201785009102,3.21364411660081,-0.487364328870044
"3347",0.0112396130442771,0.313129444439595,-0.0475401910470829,3.2130509487213,0.237016492971498
"3348",-0.00563488869797081,0.304862533823839,-0.0477951889304315,3.21222784225923,-1.00770621808344
"3349",0.0234248457050926,0.331734585714337,-0.0573729103163865,3.21877360088183,0.686902539648804
"3350",-0.0138937892916868,0.332779808083782,-0.0541768882706699,3.21776522726478,-0.799499314387758
"3351",0.0188749123519858,0.345015413746758,-0.0572812535324699,3.21869538372174,0.196961234185922
"3352",-0.00287727405864109,0.333819489935961,-0.0556327201152481,3.21703620113682,0.70028297383195
"3353",-0.0159590284069987,0.340090260108802,-0.0516993353377357,3.21697450266225,-0.545799409649089
"3354",0.0117141335643322,0.33741831140918,-0.0521166251569439,3.21589249025062,-0.944666877030925
"3355",0.0196084787680008,0.352900800014636,-0.0564847618338205,3.21778545010102,-0.56826406650507
"3356",0.0132074083219501,0.353594116373206,-0.0565091535306774,3.21689879635441,0.398123659660105
"3357",-0.00883410484809419,0.34654947047644,-0.0546642186657738,3.21559616041216,0
"3358",0.000616324201471961,0.334895273307421,-0.0535629951542626,3.21438501150181,-0.797838681503721
"3359",0.0179395621255878,0.345555694589193,-0.0563727154544064,3.21547476459008,0.085787823391148
"3360",-0.00205744704429985,0.334115699716936,-0.0549172625380224,3.21428133141101,0.541620480259269
"3361",-0.0130046765071346,0.334520413007649,-0.0523433471343458,3.21385703693258,-0.35599895198537
"3362",0.00856943867812739,0.328003388160389,-0.0520801539056508,3.21299355240474,-0.773310455446208
"3363",0.0165899222484167,0.336218703117872,-0.0546181223328443,3.21385308581408,-0.129468478129274
"3364",0.00296734401052403,0.325758865232162,-0.0535501415248573,3.21289686302442,-1.07092195712757
"3365",0.0268659500658806,0.364106263034175,-0.0656452596814227,3.22345554279748,-0.203903362228391
"3366",0.00485024560889667,0.353708820750849,-0.062376787808108,3.22112197988909,-0.482280803266899
"3367",0.00967588256799614,0.348220121602835,-0.0602387998061853,3.21927909539715,-0.029304029513727
"3368",0.00296977079969308,0.337172611473209,-0.058010216842408,3.21753668296568,-0.0439721516795666
"3369",0.000418325188031808,0.325927695348666,-0.0562206463752923,3.21604457798338,-0.205459420676801
"3370",0.00418539425883649,0.316343564440005,-0.0548481290439869,3.21477519397556,0.132129506120027
"3371",-0.00385876375695663,0.306939902684822,-0.0536721011781334,3.21368750019449,-1.13612435629346
"3372",0.0258055610607121,0.341757983685511,-0.0651150675200105,3.22340400511145,0.163095892035847
"3373",-0.0043608180962514,0.331258809898638,-0.0618307719755781,3.22106635185294,0.576115043507142
"3374",-0.0133396289368194,0.332482991699534,-0.0576838826530668,3.21974549171219,0.279473595156304
"3375",-0.00663311120219884,0.324686260586429,-0.0557461512377764,3.21798176188721,-0.220572106190808
"3376",0.00520869789757623,0.315694639344453,-0.054508471747131,3.21643943260517,0.0588668155336258
"3377",-0.00194034451206208,0.305585031399811,-0.0534350537346309,3.2151064434448,-0.649448777179623
"3378",0.0151375469842749,0.311109512651176,-0.0550978136601652,3.21524108944291,-0.118536093298571
"3379",0.00372081345998799,0.302095185607476,-0.0539552919739716,3.21408785500815,0.488058352514031
"3380",-0.012790470199019,0.303275876221501,-0.0514760704188375,3.21375004589262,0.279926517964163
"3381",-0.0066568687432071,0.29675026622249,-0.0507824687263581,3.21286445751844,-0.886661638597841
"3382",0.0205224137110068,0.315322789139772,-0.0569299558831007,3.21653355511773,-0.356877702190822
"3383",0.00702367847912432,0.30881065696289,-0.0556562396015009,3.21525960071867,0.742063363618839
"3384",-0.0174612020521395,0.319034313614145,-0.0506287393030391,3.21625178668901,0.633799748591107
"3385",-0.0142031678507081,0.323000164635364,-0.0482240161310072,3.21597171966987,0.264123411066403
"3386",-0.00585152548152407,0.314936186051036,-0.0482891010552585,3.21473826195193,-0.117302066236341
"3387",0.00192782808910995,0.304852624527531,-0.0485034200900893,3.21365156141144,-0.132129506120027
"3388",0.00365967944636429,0.295915668059681,-0.0487068817406942,3.21272660670115,0.0587457793367052
"3389",-0.00128555783426816,0.286533187705262,-0.0488298997421336,3.21193097728153,0.27857213235174
"3390",-0.00587366070459741,0.279817418436456,-0.0487634377008366,3.21128442728237,-0.0146423603746615
"3391",0.000570509217426359,0.271044945838139,-0.0488762169757587,3.21069754891802,-0.0732439789574157
"3392",0.00255054905628985,0.263083309137211,-0.0489804592509175,3.21019698927603,-0.587891169977606
"3393",0.0129698138924868,0.266512618474805,-0.0510707423182135,3.21072272596558,0.411886431083996
"3394",-0.00967066008789639,0.26424723983036,-0.0499707320559931,3.21046629478902,-0.294031379139564
"3395",0.00703355785793227,0.259274073316863,-0.0501219745746534,3.21006854931487,-0.694395934932707
"3396",0.0167475649558032,0.27073478147547,-0.0544743094160939,3.21244842368073,0.517561229258506
"3397",-0.0129794419324237,0.273077671691562,-0.0516630135400889,3.21248017684855,-0.369413054014212
"3398",0.00801133488204343,0.268609564223766,-0.0515757256693591,3.21182898647249,0.457869494987623
"3399",-0.010332931953482,0.267280143996467,-0.0501836257770055,3.21150050295784,0.851068966790869
"3400",-0.019907645832029,0.286514357912323,-0.0427029462804206,3.216172925194,0.233508570784691
"3401",-0.00600222048838906,0.280266944816769,-0.0438454144578791,3.21492699919747,-0.922610337329283
"3402",0.0217560716777582,0.303100673762813,-0.053370776292404,3.22019157804186,0
"3403",-0.00134807592802498,0.293358825437183,-0.0525351648619444,3.21831509832713,-0.412797283803062
"3404",0.0099333403588326,0.29062752544398,-0.0526258994317082,3.2169666178388,0.250830083556786
"3405",-0.00299980941509676,0.28189529047646,-0.0519272335545825,3.21555864836663,-0.472674439866239
"3406",0.0111182792628131,0.281285487756687,-0.0525010524300889,3.21478324243536,-0.504676742831772
"3407",0.0130519633468251,0.284428303747338,-0.0537944234045167,3.21459950699683,-0.327918016304551
"3408",0.00698269847103967,0.279036094494058,-0.0531864577823451,3.21361249436992,-0.179318637410592
"3409",0.00427239759350196,0.271615359789339,-0.052462167482526,3.21269993409605,-0.524856869562268
"3410",0.0111235473016889,0.271710379757841,-0.0530458064059072,3.21240135983431,-1.05805098283021
"3411",0.0253594518970853,0.307700854075093,-0.0669212837235158,3.22503457732399,-0.716739629510371
"3412",0.0160273264385882,0.316396873673469,-0.066612725681886,3.22430267134274,0.610316206314926
"3413",-0.0128879333690972,0.316641498349725,-0.061693359283256,3.22239372254075,0.968823805575514
"3414",-0.0225253251152819,0.341531786497062,-0.0509136156728537,3.22640722386564,-0.165850019169306
"3415",0.00336709526260463,0.330631434126737,-0.050598233006045,3.22363209754006,0.46669260467434
"3416",-0.0121317454498357,0.329489906855208,-0.0491967745317777,3.22170057289478,-0.587483801604732
"3417",0.0129325945866777,0.329398752612249,-0.0505417263828473,3.22014721132409,0.196211669620805
"3418",-0.00343494865124688,0.319139314741208,-0.0502684514688159,3.21827918853364,0.22592072264509
"3419",-0.00436322578173269,0.309992919334788,-0.050011528638437,3.21668835402581,0.525171887512005
"3420",-0.0122707556918374,0.310267245026066,-0.0485138259750874,3.21587837744028,-0.194742028439548
"3421",0.00490680313341564,0.301614886156938,-0.0487484524032305,3.21463725870746,-0.330429859072456
"3422",0.00771620532888139,0.296038956240046,-0.0492217547183289,3.21365971761066,-0.48258274925258
"3423",0.00941458853286421,0.292783499213148,-0.0499163660365222,3.21295061904896,0.36215521701034
"3424",-0.00686646112093797,0.286431712641955,-0.0495629361516385,3.21217481636075,0.570743513870936
"3425",-0.0127147070741523,0.28858058270378,-0.0477940602939326,3.21222704322759,0.149655819610972
"3426",-0.00362653954842906,0.280457438484684,-0.0480582565352936,3.2115101940746,0.179291845428914
"3427",-0.00443017460255942,0.273023991238507,-0.048239640353934,3.21090273708282,-0.0149287154117828
"3428",-8.0061213664596e-05,0.264534196894848,-0.0484601074397578,3.2103711203452,0.491474665656338
"3429",-0.0116714082381697,0.26563406381833,-0.0471927133075835,3.2105252647821,0.607274324231277
"3430",-0.0135179961596636,0.270330810398769,-0.0452665047109083,3.21122328772299,-1.2033124470209
"3431",0.0279129233288708,0.313531068778992,-0.0645568037148409,3.22886581578603,0.640598093820283
"3432",-0.0145649137184121,0.316409919082924,-0.0595244576954619,3.22660986761553,0.370562937933427
"3433",-0.00856842879256813,0.311413518730729,-0.0569337938191943,3.22394820133716,-0.0591978706054874
"3434",0.00179926822447735,0.301438053821356,-0.0553685208142766,3.22152796543535,0.42839270774398
"3435",-0.0121715136540511,0.301681012431649,-0.0527917570974252,3.22000463295661,0.235571369245913
"3436",-0.00649774606135603,0.295063036190169,-0.0518437663816809,3.21820843847445,0.87848295557329
"3437",-0.0197179859575941,0.312344355290371,-0.0452852775868829,3.22072537844202,-0.43827681550952
"3438",0.0104447542713994,0.308911133180127,-0.046818165151469,3.21900579390663,-0.381399904908342
"3439",0.00718874661613864,0.302607439272885,-0.0476258350714874,3.21737425397352,0.498461668349415
"3440",-0.0104026541144495,0.299932962381275,-0.0471774824206232,3.21618079780412,0.350365321914853
"3441",-0.00788165382827924,0.294745333565859,-0.0472140448731323,3.21499597837993,-0.804744997044371
"3442",0.0193525315557206,0.310197041350718,-0.0530780136743621,3.21743878222181,-0.915000480609512
"3443",0.0204705895507712,0.329722748210511,-0.0588393669557123,3.22052561713325,0.355187586675132
"3444",-0.00837330600799331,0.323009398480238,-0.0565577472997334,3.21868299062622,0.970310464944235
"3445",-0.0219631285972315,0.345595414055195,-0.0477564945907073,3.22232440893404,0.641682236796415
"3446",-0.0145063377048688,0.349231159569136,-0.046021179499142,3.22111510624451,0.348280717746152
"3447",-0.0087491160841654,0.343036466665064,-0.0462499010995673,3.21923300248279,-0.275622137204551
"3448",0.00555806650896635,0.333464605665464,-0.0469740869072126,3.21751134251369,1.14105376111167
"3449",-0.0263292946691318,0.368840760734552,-0.0359298689424386,3.22574666954718,0.143513227846398
"3450",-0.00245935254108441,0.356849801142946,-0.0386669548577567,3.223067381266,-0.114794100710469
"3451",0.00321503268736446,0.345414787773426,-0.0408750641368236,3.22077631101293,0.0861079272492737
"3452",-0.00243137607360066,0.334174220388693,-0.0426027018711356,3.21881575217934,-1.11072184095881
"3453",0.0254009679165365,0.366532011209483,-0.0543814548618294,3.2256161190146,0.564115186567976
"3454",-0.0132651977315296,0.364886989568124,-0.0522051074321434,3.22339555322707,0.603970774707591
"3455",-0.0138177347106913,0.365935508570376,-0.0500325097142254,3.22174094440062,-0.589548044459759
"3456",0.0135100290293504,0.365213423720043,-0.051163493345646,3.22015889014823,-0.0865676002697713
"3457",0.00130089002044928,0.352918202511263,-0.0507847821955652,3.21828724672178,0.245080494617311
"3458",-0.00701571803142998,0.344281452480173,-0.050281015490993,3.21673033936847,0.0287935504436732
"3459",-0.000168282802040886,0.332721023977817,-0.0500814906123116,3.21535497914873,-0.360516649759129
"3460",0.00885490758849692,0.32695605105688,-0.0503688210826445,3.21430594604396,-0.463366018758543
"3461",0.00916192429153645,0.322075515014634,-0.0506935590236839,3.21344678331121,-0.669872899562007
"3462",0.0175357961384624,0.332790238725873,-0.0541825327879643,3.21474104777537,-0.292654584056906
"3463",0.00715270706013213,0.325585371917531,-0.0534577954502485,3.21372128984806,0.36568460263901
"3464",-0.00949503105177808,0.320717842737881,-0.052065344673696,3.21294559072801,-0.80627864773759
"3465",0.0182974867016612,0.332293886359708,-0.0555125088560991,3.21450077107134,-0.117820337635383
"3466",0.00264724555745145,0.321881463630028,-0.0542553550601984,3.21345006147168,-0.265604405811626
"3467",0.00503818042266757,0.313040981128828,-0.0533277938276139,3.21256460601093,-0.503630156503937
"3468",0.0127707260779943,0.314065368155073,-0.0540092021088584,3.21243814293074,0.0148489123444562
"3469",-0.00112764588265591,0.303848762734189,-0.0530422888219773,3.21168423511922,1.0192864671288
"3470",-0.0242421627810264,0.33389918887916,-0.0417455959207293,3.21965931119725,-0.930239266231347
"3471",0.0213729988921293,0.35210777727916,-0.0490679820550396,3.22172175841223,-1.43435897060932
"3472",0.0331803869799521,0.41697168351868,-0.0716671515493825,3.24341857498292,-0.482728347268335
"3473",0.00864270647235235,0.408259584054505,-0.0674495281994123,3.23828259844735,-0.774197415361538
"3474",0.0211548618248657,0.424803188390878,-0.0683239084129694,3.23664928402932,-0.274683523846403
"3475",0.00705830432684452,0.413615567778817,-0.0646039527103784,3.23243121883653,-0.844016366141442
"3476",0.0183011934633305,0.422136426523384,-0.0643776029530761,3.2303414124065,-0.509850467138384
"3477",0.0128427877882812,0.419121555340748,-0.0623281067202712,3.22739406977676,-0.387988381492149
"3478",0.00931994851992709,0.4105841896319,-0.0600545271970034,3.22458646920392,0.0777181977410557
"3479",-0.00303702566652255,0.396693580129252,-0.0578337667431213,3.22207452967843,1.6488546757465
"3480",-0.0383093188548877,0.482587746646456,-0.028162811738325,3.25155898169653,-1.78879094984525
"3481",0.0405554906413975,0.571599424578879,-0.0554922047323278,3.26954187699711,-0.296065662309108
"3482",0.00614390244480585,0.55361351107741,-0.0543219328709022,3.26053789674543,-1.25629793007053
"3483",0.0275630191975327,0.584975657068698,-0.059660850736383,3.25723027148605,-0.66592920899769
"3484",0.0192540183014153,0.589803365678223,-0.0597017584188261,3.25104061464793,0.206595226441608
"3485",-0.00594323036145728,0.569684843488992,-0.0575188234675675,3.24470370431028,-1.10145578404302
"3486",0.0238552888621569,0.586473457300821,-0.0596589781783353,3.24151548803076,0.831206831709297
"3487",-0.0192509556632712,0.588126985484192,-0.0557336145089233,3.23736737578329,0.397172656505945
"3488",-0.0102753129743485,0.573813695433076,-0.0540753521470105,3.23309169398261,0.852547001515297
"3489",-0.020269079650376,0.580807753292266,-0.0506474601565913,3.2305796456085,-1.04299302003568
"3490",0.0242616967865938,0.597359638674019,-0.0541275232718752,3.22937909493978,1.30989010915555
"3491",-0.0305834882094655,0.635894946600447,-0.0459041632198408,3.23139670879706,0.172319303234036
"3492",-0.00324683257112829,0.612797776228576,-0.0465900873939445,3.22789927781337,1.21345608442495
"3493",-0.0276658445471414,0.641740195265345,-0.0416589846598889,3.22852514583472,-0.0464001245661594
"3494",0.00182158551298644,0.617427555826444,-0.0432337024897382,3.22544209681081,0.15458342852584
"3495",-0.000208007776849987,0.594071489501582,-0.044484052854802,3.22280541311283,0.0463284696727462
"3496",8.32456267110518e-05,0.571722119879039,-0.0454771680330856,3.22055047907239,0.876187297809833
"3497",-0.0200771210779575,0.577622000919247,-0.043956736933185,3.21976209896778,0.305623709774444
"3498",-0.00598804820966402,0.558800205613149,-0.0449828635826154,3.21795970168345,-0.627537071235834
"3499",0.0144472863299304,0.551834837944039,-0.0467387474451673,3.21671437911199,-0.477107484490885
"3500",0.00851371380284555,0.536607499148213,-0.0474764394428213,3.21538749112639,1.1656573703101
"3501",-0.0253937249982137,0.559722139772993,-0.0428324049908793,3.21741842032849,-0.749984383220631
"3502",0.0180862375630641,0.559588781924284,-0.0457444470185544,3.21663029634144,-0.307739895121883
"3503",0.00719811536090136,0.542654050831021,-0.0466084521936673,3.21529406731001,0
"3504",-0.0022538246687837,0.522818717555109,-0.047161703014843,3.21412680409329,-0.649352931054831
"3505",0.0145718864525387,0.517817921883318,-0.0486030782829507,3.21350148139213,-0.856769786450962
"3506",0.01855319044099,0.522916950196327,-0.0509806507349669,3.21368304590873,-0.344773887990152
"3507",0.00666953826709425,0.507049328242664,-0.0507538924290337,3.21277018161348,-1.77388243373816
"3508",0.0421270295760089,0.609486209243474,-0.0762872027763585,3.24048790464082,-0.721677416513367
"3509",0.0186587936471035,0.612562980180684,-0.0726992889627518,3.23659019050371,1.13628493118179
"3510",-0.0288346997640996,0.644036116626066,-0.0619900588849831,3.23631937370999,1.23360729335777
"3511",-0.029234685106008,0.680057861372163,-0.0530000165936316,3.23652915163487,-0.91584407713744
"3512",0.0208409096551076,0.681528794404087,-0.0540454065275528,3.23310768192068,0.474759556087007
"3513",-0.0139108248567174,0.66761450963964,-0.0525402785717293,3.22952182201464,-0.0789702323279684
"3514",0.00118805417526836,0.642141180150632,-0.0518761214270555,3.22629446220901,-0.904696274506162
"3515",0.0242542554799478,0.657633835405369,-0.0547813138044771,3.22546864524975,0.0318826720379639
"3516",-0.00364486798646118,0.633184733079362,-0.053649165471008,3.22282859822284,0.635528036731348
"3517",-0.0154786541864325,0.62554422960669,-0.0518336610186479,3.22090600995625,-0.221975673831282
"3518",0.0055426536850011,0.603656281298223,-0.0513494995105956,3.21893031792432,-0.95694510161507
"3519",0.0207656806317522,0.610447865899301,-0.0533296902417538,3.21843632618395,-0.369270709413577
"3520",0.00543192957002394,0.589757004966466,-0.0525564172270409,3.21682148431726,0.385295066470537
"3521",-0.00634312024608845,0.570210819182903,-0.0518233066572534,3.21544278670382,-0.56238599257174
"3522",0.0135432951980972,0.561041880193402,-0.0519955073972644,3.21448114569715,-0.016114736961792
"3523",-0.000986526812898588,0.540148530609497,-0.0514431896586933,3.21343143404861,-0.598078239554217
"3524",0.0139565126414384,0.533270630260736,-0.0518454017008868,3.21283012279489,-0.341047833615599
"3525",0.0096138853526929,0.52022925499112,-0.0516348631981479,3.212098089511,0.454472458916855
"3526",-0.0120821648933668,0.51059012500104,-0.0506082386539649,3.21156114750531,0.274925377338497
"3527",-0.00684223893265417,0.495277012207374,-0.0502192882442789,3.21095683568995,-1.3331363103922
"3528",0.0307643071907437,0.540611658482627,-0.060181576154382,3.21862493238195,0.424629088145118
"3529",-0.0100252232786998,0.52644385049201,-0.0576943278078338,3.21703436918117,-0.0815195284404269
"3530",0.00158190538426194,0.507136623392559,-0.0559704684909179,3.21561501760739,-0.0326264276956145
"3531",0.00350093895615515,0.489386508678311,-0.0546155893243507,3.21440253487384,0.488282220131153
"3532",-0.0139276983497073,0.484536330384946,-0.0525674815119517,3.21371638501436,-0.113719450156341
"3533",0.00145216958621401,0.467001079263461,-0.0518981092239826,3.21277741295679,1.24385740686657
"3534",-0.02795573525562,0.502920310554275,-0.0429492982112077,3.21836918040395,-0.0321130381693513
"3535",0.000669656733250014,0.484505026832842,-0.0442581606676195,3.21675654196279,0.384677505936032
"3536",-0.0096878879235994,0.473218535841876,-0.0449666754531971,3.2154629357243,0.0159961609554837
"3537",6.04329469082912e-05,0.456087068029749,-0.045860498172846,3.21427107507449,0.191754612927181
"3538",-0.00452717756587062,0.441079989076891,-0.0465333007866819,3.21325640425868,-0.496120086178842
"3539",0.0125487908894853,0.435818330041577,-0.0479165248017789,3.21266683222572,0.448215893645987
"3540",-0.00943671537672563,0.425963898755871,-0.0478752689925359,3.2119643631623,0.446215879819295
"3541",-0.00996335298829333,0.417888174964504,-0.0477023160522793,3.21141490817059,-0.0159020434460866
"3542",0.000381213252106956,0.403144738434794,-0.0480333345044992,3.21080913721745,0.681514643508402
"3543",-0.0184100666301836,0.411960608296272,-0.0452928248933364,3.21190964759786,-1.19171983189795
"3544",0.027076929260103,0.445562050146382,-0.0549537218201865,3.21805351076417,0.22353514018193
"3545",-0.00505455281401458,0.430950851347803,-0.0537568427885522,3.21649102496439,0.509068869025353
"3546",-0.0113602971075843,0.424559876352157,-0.0521829148024987,3.21536466225685,-1.21329713156663
"3547",0.0279977338320195,0.461607331056211,-0.0611083141754327,3.22171932772068,0.974993738150759
"3548",-0.0232166835430519,0.479464056696107,-0.0541578656298954,3.22241590578952,-0.0159071025548185
"3549",-0.000681589684594254,0.462161574444292,-0.053160101606699,3.22021738812107,1.79730519902503
"3550",-0.0398209076911335,0.552946391283462,-0.0275413643120049,3.24538966220973,0.545385068246373
"3551",-0.0121434219511694,0.54392420783138,-0.0313512456081656,3.24008338423916,0.279329790561272
"3552",-0.0075167965354881,0.527854994024316,-0.0349003901087855,3.23535553979248,-1.40451747030476
"3553",0.0332845858086207,0.582588279546781,-0.0495443356579988,3.24118106735136,-0.314812159889499
"3554",0.0088504145774702,0.566998152906039,-0.0497433325977478,3.23632349991556,-0.998186217165276
"3555",0.0216145488635521,0.578047593758018,-0.0526563067036904,3.23372881254377,-0.318979536810016
"3556",0.0118776710958508,0.566760283718482,-0.0525004036200202,3.23005346701615,-1.44813471947107
"3557",0.0310389558216233,0.61197255986234,-0.0607229674484191,3.23361624026752,-0.0648508453337748
"3558",0.00410423720396354,0.590423527429603,-0.0584041018791661,3.22979938018901,0.743257582248191
"3559",-0.0195326110082962,0.593811202340606,-0.0545360250083515,3.22747140385401,-0.403258873758877
"3560",0.00843163907206668,0.575784704327006,-0.0535981933101662,3.22456730430144,0.70865170132331
"3561",-0.0195772738343429,0.579659054267642,-0.0506598220352738,3.22303404804202,-1.58528069182383
"3562",0.0353253035323812,0.64026748461539,-0.0622396961038968,3.23084532757607,0.309320555949621
"3563",-0.00626400525409756,0.617933466325378,-0.0595409628167388,3.22743127448798,-0.407199845982525
"3564",0.0100552829073282,0.601203510151103,-0.0576836609700986,3.22456455810593,-0.130654926311408
"3565",0.0050253492031513,0.580417257004476,-0.0559996660163508,3.22205977793876,-0.639398850232786
"3566",0.0141364131415164,0.572409354170169,-0.0554314902584214,3.22019382160479,0.295615258798743
"3567",-0.005169289829245,0.552582477312343,-0.0541400110315171,3.21832085621656,-0.0492085632828154
"3568",0.00140832712654576,0.532136014656998,-0.0531472344374104,3.21671523508779,-0.956156311894574
"3569",0.0238909135940778,0.551207743265096,-0.056710186859513,3.21799613227105,0.578084027903958
"3570",-0.0167630312800116,0.548501079308679,-0.0539034291747046,3.21695908596225,-0.313402318377864
"3571",0.00667286711502137,0.530793354406698,-0.0530341199489094,3.21556251267653,0.986363413703817
"3572",-0.02228993415179,0.5443488710329,-0.0488074907723181,3.21631147474946,0.375541301836685
"3573",-0.00871353561528053,0.529910767622051,-0.0486697072935145,3.21505291156105,-2.30804838246038
"3574",0.05244503664816,0.695118712300339,-0.0944124361464216,3.27478993374965,0.0833541767024437
"3575",-0.00258501847148141,0.668535160939581,-0.0851331565871364,3.26500848883413,-0.584943591481901
"3576",0.0132289281842665,0.654712772428504,-0.0782790090781275,3.25679762820866,0.518265809381591
"3577",-0.00925722674358475,0.635170775675196,-0.0721523577330957,3.24965553670366,-0.602109194858325
"3578",0.014231579610792,0.624350507219157,-0.0681246194702915,3.24373272229675,-1.21520482753558
"3579",0.0279674873532687,0.654900788290591,-0.0699204344649618,3.24222105712425,-0.630272080455574
"3580",0.0144366907519103,0.645326176918463,-0.0664792361779461,3.23743186533831,-0.0854773964344524
"3581",0.00256160395302095,0.621331405030067,-0.0629530230793327,3.23305964170579,-1.77728774476104
"3582",0.0394108680117433,0.703277236498844,-0.0756375794936633,3.24374408303727,-1.88038226464852
"3583",0.0456221482478297,0.822804909763024,-0.0912995425980979,3.26020556480271,-0.0354861607698265
"3584",-0.000435400702925544,0.7906078889545,-0.0826612748535998,3.25253568699395,1.63692821666048
"3585",-0.0343654616119708,0.839777035111432,-0.0686704333850291,3.25110181312068,-0.0873286231379167
"3586",0.00194095099758165,0.806910733677842,-0.0646878899276968,3.24475001821359,-2.27985486471973
"3587",0.0500831538891083,0.945497302224994,-0.0829665372146121,3.26156803357916,2.24490205066239
"3588",-0.0531893651595291,1.09127872148186,-0.0571359899421078,3.27251405192757,0.157191544025626
"3589",-0.00366035665841259,1.04908522636562,-0.0555135597716194,3.26306320152338,0.104657257067109
"3590",-0.000975578712841315,1.0071712438659,-0.0542374208182469,3.25497958572494,-1.40451747030476
"3591",0.0323496280765423,1.03774215531625,-0.0573478855331775,3.25053650383991,-0.798797182543665
"3592",0.0230548278046297,1.03459648748994,-0.05726832321849,3.24495033139481,-0.805229366513593
"3593",0.0201604740625866,1.02222127831475,-0.0566701858231853,3.23988216910906,0.287047201043145
"3594",-0.00664217799241009,0.983973750544686,-0.0551280957654081,3.23515798971846,0.429031762846599
"3595",-0.0098130663688939,0.951519005385251,-0.0538062525534093,3.23113798046401,0.444959352988505
"3596",-0.0115090268753109,0.923064538530528,-0.0526666384759698,3.22772469094868,-1.21495151793254
"3597",0.0273468973351587,0.936166327099997,-0.0547395878749849,3.22620586467273,1.25046288194208
"3598",-0.029194746952862,0.954286420038704,-0.0504483943353602,3.22520119518825,0.901305032227728
"3599",-0.020556048351694,0.946902811440661,-0.0489479662452455,3.22311120498996,-0.264247489268765
"3600",0.00647834951261537,0.911763708757141,-0.0490516922881173,3.22081532184179,0.193849739089325
"3601",-0.00735627345272398,0.879217240897961,-0.0490520539870263,3.21885596590565,1.19007354837186
"3602",-0.0285448477705343,0.900382222866665,-0.0455618815735428,3.21919069435259,-0.961461824783361
"3603",0.0232980789475132,0.899510076879374,-0.0480089671868546,3.21820254984285,1.04841079122115
"3604",-0.0248764504792577,0.904080845404892,-0.046191728746302,3.21760905659677,1.36385368252007
"3605",-0.0317202365895903,0.938959208654608,-0.0419991190960884,3.21915975763808,-0.120099525459283
"3606",0.00294337982990524,0.902053616982893,-0.0435049291861426,3.21743271844376,-0.206221073255064
"3607",0.00157680352874302,0.866593195890377,-0.0447001216340679,3.21595568536372,0
"3608",-0.00188767433023908,0.832712272783074,-0.0456478141219,3.21469251831862,0.480522633895863
"3609",-0.0101712460383971,0.807126008596197,-0.0462284391333402,3.21364822632148,-0.377358938363936
"3610",0.00991252874604112,0.781920769150794,-0.0470169093717063,3.21275000032696,-0.828304994570361
"3611",0.0166068258306218,0.770652194282318,-0.0483404917659182,3.2122524112472,2.56599778208098
"3612",-0.0577986943542404,0.963862338428911,-0.014021048775553,3.2535068407374,0.286702279192907
"3613",-0.00661917549812287,0.929833670551389,-0.0212157595968039,3.24681671358321,0.269088625201663
"3614",-0.00578961264673361,0.89538173595273,-0.02696701909171,3.2410886360693,-1.23364471157659
"3615",0.0281493832132313,0.913164410027723,-0.0347662116970101,3.2379495930441,2.38586585837651
"3616",-0.0522076566409936,1.05700788560558,-0.0183799191939646,3.25294409389165,1.27032971176816
"3617",-0.0270701028849303,1.06880390492708,-0.0221767728266014,3.24763819838771,-0.0984090615748168
"3618",0.00252432624365948,1.02620693840361,-0.0277599635954772,3.24178790003815,1.02849653655557
"3619",-0.0286785372943446,1.0406606987705,-0.0294112617443212,3.2382464067939,-0.16254880042007
"3620",0.00266706970585303,0.99930642545693,-0.0335062617346171,3.23375589787007,-0.342214951428887
"3621",0.00675824892806938,0.962613856876727,-0.0367970319296273,3.22992047867557,0.391007340784294
"3622",-0.0106075054655382,0.931751610510112,-0.0392224605839745,3.22666494092696,-0.881926343408129
"3623",0.0202746689725355,0.921987778425799,-0.0424004606042966,3.22427657981746,0.735477696291692
"3624",-0.0130992338961708,0.896285399026735,-0.0435413658891359,3.22187734881786,1.55117021967235
"3625",-0.0359553599717336,0.949894167714165,-0.037797361598391,3.22469280043546,0.431966114451632
"3626",-0.0102741080839946,0.920533551354289,-0.039983659243501,3.22220326323155,-0.319795603531636
"3627",0.00772733874845834,0.887890558277536,-0.0419613521230609,3.2200440329208,-1.30573306730795
"3628",0.0275831229832116,0.90503669503161,-0.0466288788001865,3.2199175986497,0.566298738545046
"3629",-0.0119459779200065,0.877923295754663,-0.0469734557866166,3.21812659376966,1.53701392766585
"3630",-0.0341202729814012,0.923419270978959,-0.0413505276024319,3.22071572270315,1.16886498998669
"3631",-0.0266057355322015,0.93765751010631,-0.0401300029692462,3.22027849062946,0.62617612239762
"3632",-0.0147381572810605,0.91643433999854,-0.041527151016407,3.21853438589623,-1.46194539636038
"3633",0.0326031559030091,0.950641037076093,-0.0478516505060538,3.21985771191402,0.0791452356311728
"3634",-0.0030167582033545,0.913247265115224,-0.0481503997029903,3.21802962460526,0.489307266207173
"3635",-0.00994403607714401,0.883909308532263,-0.048247272141664,3.21649380911123,0.408548651229684
"3636",-0.00840354999549767,0.854094841994974,-0.0483706402125475,3.21516900701847,0.469337532374997
"3637",-0.0102846243203486,0.827955217385025,-0.0483843074382172,3.21405762282184,-0.406631777067479
"3638",0.00810135236337553,0.799696825699092,-0.0486546643602091,3.21308202884565,1.26140425160967
"3639",-0.0298454246213093,0.828023745324559,-0.0442886414219892,3.21501078340742,-0.123877377253651
"3640",0.00329063449322881,0.796033836054111,-0.0453248422287057,3.21388454047575,-1.71906092972232
"3641",0.0387188531593041,0.866861181743268,-0.0562885168107378,3.22112276294645,0.471773166259781
"3642",-0.0112547203350064,0.840004262119865,-0.0546830530507815,3.21914663329203,-0.141298398577483
"3643",0.00290431592348649,0.807512457424722,-0.0535808761879426,3.21742159112006,-0.283197168503668
"3644",0.00847623933779953,0.780891123710402,-0.0528085151393289,3.21596489265534,-0.870327512830177
"3645",0.0173889528258337,0.771412338426779,-0.0530612815462148,3.21506012067213,-0.877968765204573
"3646",0.0200905922316597,0.769837658357578,-0.0538568733679285,3.21460646253886,0.830277801738072
"3647",-0.0173353696061355,0.759172460067284,-0.0520444401071543,3.21385228346091,0.0953591934944098
"3648",-0.00232594206255409,0.730199395217968,-0.0514783658938526,3.21289383939551,-0.318218247846291
"3649",0.00709754954492182,0.705332872783476,-0.0511016391020458,3.2120845358932,0.540370037082494
"3650",-0.0121588661334312,0.687921607120455,-0.0503738277025928,3.21147728583493,0.600507493566066
"3651",-0.0146367907961445,0.676586802624961,-0.0494373608876723,3.21110257196427,0.0157542339829564
"3652",0.000367011211905876,0.650675370721455,-0.0494114243583952,3.21054202229541,-0.537041252836284
"3653",0.0124827475454517,0.636445967045113,-0.0498490009090782,3.21019456472629,-1.03479391888552
"3654",0.0239561802669059,0.652061870833714,-0.0532014038619001,3.21172245333165,0.701645359785186
"3655",-0.0137272675374592,0.638959343688799,-0.0518652843068665,3.21123470270566,-1.03826505730445
"3656",0.0244992260787894,0.65426325005186,-0.0547560869400115,3.21257682261895,1.90845486924107
"3657",-0.0437139120595205,0.755361915508018,-0.034906371827896,3.23038144831795,0.314564587791927
"3658",-0.00773509435008155,0.731226912296138,-0.037744253346198,3.22705313585753,0.0627943505720152
"3659",-0.0023604804359792,0.703393395764687,-0.0401207275456053,3.22418337778946,-0.157059872084975
"3660",0.0042436083275892,0.67751290823944,-0.0420268917874705,3.2217303645739,0.50172573106973
"3661",-0.0102657699469205,0.658560791840612,-0.0432929438585623,3.21968450438203,-0.140856115314708
"3662",0.00493162960988128,0.634919503973061,-0.0445549951999033,3.21788399770276,-0.0940144224684247
"3663",0.00430933270170788,0.612131118864592,-0.0455546206042813,3.21634378452249,0.749652112933091
"3664",-0.0199282783330131,0.615621075830367,-0.0443189155891346,3.21597097662054,0.217594117560443
"3665",-0.00516188564197673,0.594480962218983,-0.0453006143993718,3.21471160749866,-0.763659910078013
"3666",0.0180724018844835,0.593935219522216,-0.0476834448423409,3.21430299064976,1.2437971292217
"3667",-0.0301391544789772,0.631399047210668,-0.0409407296284925,3.21835473677953,0.200663801221662
"3668",-0.00471552394137348,0.60942056121514,-0.0426238482059788,3.21674912446785,0.261800411330643
"3669",-0.00538448478386687,0.588451295110075,-0.043956672535035,3.21537666998157,-0.400678606632499
"3670",0.00944208494954487,0.572222078270387,-0.0452794102582561,3.214247244155,0.169713841552982
"3671",-0.00264355307319259,0.551213719677929,-0.0461048274632025,3.21323163874906,0.0770475421426331
"3672",-0.000684143087070194,0.530751446678882,-0.0467643733342854,3.21236283656339,-0.385832718788898
"3673",0.00908443329942624,0.516702672172804,-0.0475263424214674,3.21167490784671,-0.433907390840932
"3674",0.00837258359699352,0.502679143173577,-0.048103562043585,3.21107811619945,1.00441236894629
"3675",-0.0210652445620493,0.513767957157899,-0.0452041532029332,3.21224430090697,-0.43143364301208
"3676",0.0101099952703996,0.501154642453954,-0.0463477520291396,3.21159300449196,-2.24868937966229
"3677",0.0520415367591373,0.66782377795129,-0.0966382376070157,3.27917884118575,-0.459043148779265
"3678",0.00807845515354025,0.648120897175336,-0.0870822728969301,3.26880008821904,0.316806854550306
"3679",-0.004933297480376,0.624963583894078,-0.0792862995939585,3.25988863328715,-0.285080965959328
"3680",0.00746573450864314,0.604939647451917,-0.0732187319815147,3.25228180244022,0.300894993034273
"3681",-0.00941718142859089,0.587907041512053,-0.068093016640378,3.245804954925,-0.380228594973853
"3682",0.00679935556043379,0.568756334510069,-0.0643070720751905,3.24023251318763,0.774768679082588
"3683",-0.015713804069386,0.56388423118479,-0.0601389413321705,3.2358698413915,-0.220750641521061
"3684",0.00537535568668762,0.544538529978823,-0.0579480519635104,3.23172794230575,-0.871983329299497
"3685",0.019463460902081,0.550302336802009,-0.0584788143815642,3.22932018136595,-0.414872144445783
"3686",0.0103350349088971,0.537715806300486,-0.0569718629433571,3.22622449422295,-0.160025638246392
"3687",0.00572706857136269,0.520208044465266,-0.0554622796483942,3.22348458260236,0.0960461095124543
"3688",-0.00194679263389853,0.501269431935197,-0.0541948626163815,3.22113140759256,-0.609855846186952
"3689",0.0138856277811571,0.495894735007992,-0.0541119457076326,3.21945392521265,0.0804570000759952
"3690",-0.00283091963359857,0.478209311139393,-0.0531187101776098,3.21768460358094,0.144659673221598
"3691",-0.0037049302589349,0.461823011058935,-0.0523154071946065,3.21617310826262,-1.06572944739881
"3692",0.0244639533052231,0.485417620677397,-0.0573933453830766,3.21867800077611,0.0973551918530269
"3693",-0.00360088516967399,0.468381851090891,-0.0557204019486521,3.21702147742302,0.259151424596582
"3694",-0.00651983985309233,0.45440912458339,-0.0542910345319475,3.21562384511671,1.30174598333512
"3695",-0.0299829618538185,0.499563325044777,-0.042244988385865,3.22357020979321,-0.737182825607519
"3696",0.0171468615826733,0.499623661552483,-0.0452555909159343,3.22187850871314,0.0803923188244682
"3697",-0.00275266084541483,0.481726684002012,-0.0460854026322551,3.21975805918563,-0.451031692443427
"3698",0.0104987775243085,0.471598542926536,-0.0471684129728858,3.21806157177984,-1.43091872383248
"3699",0.0355835523351689,0.541431049566275,-0.0651278712856216,3.23348801964356,-0.0163786750018102
"3700",-0.00173094686183848,0.52140943576581,-0.0618736692818972,3.22968642025251,-0.0983284248348759
"3701",0.00431033753249742,0.503430672108835,-0.0593147129740715,3.22643803287941,0.62112000926407
"3702",-0.012843369593554,0.49598858007427,-0.0565417723665644,3.2238959281855,1.31122882296021
"3703",-0.0306696619292253,0.542792550848092,-0.0445655578217904,3.23005884024958,0.273026749543781
"3704",-0.00756280683492936,0.527287529410827,-0.0453673343477617,3.2267901680728,-0.821326784687915
"3705",0.018947785602739,0.531680918030572,-0.0483108309184352,3.2249832975571,0.177720379598512
"3706",-0.00562381798080789,0.513845251728774,-0.0484722576170839,3.22241891303741,1.01181301655845
"3707",-0.0228133570749149,0.530596226681062,-0.0445993145771862,3.22262770863268,-0.191938638580352
"3708",0.00558536303375995,0.512718805475514,-0.0456100429768368,3.22040384014229,-0.852163690496305
"3709",0.0184027712177683,0.517131204671165,-0.0485104225092272,3.21952597902449,0.435028479516425
"3710",-0.010504329264095,0.504980735897788,-0.0483354235646519,3.21783440933184,0.449150578629681
"3711",-0.010213251689112,0.493877907521215,-0.0481431646122337,3.21640672933965,-0.7550843169644
"3712",0.0183233463497692,0.498002361961219,-0.0504871430651053,3.21608502419025,-0.112948781672995
"3713",-3.89349178934803e-05,0.47980930591142,-0.0502452531444969,3.21480309526644,0.948026703414984
"3714",-0.0208452915110629,0.491812536919827,-0.0466899874632928,3.21558882968018,-0.480924299808
"3715",0.0114861052361389,0.482075874068757,-0.0477060517573403,3.21451786511173,0.608781117609258
"3716",-0.0161585643070426,0.48166187162267,-0.0465563702822202,3.21409277470929,-0.063907974694688
"3717",0.000810905972462332,0.464177129805491,-0.0471231753024257,3.21309929183372,0.621367409887569
"3718",-0.0111923635241869,0.455886781558121,-0.0470290577297401,3.21241563665168,0.222116543801959
"3719",-0.00429370132630979,0.440904524051346,-0.0474607742571835,3.21166971641849,0.0950419840273942
"3720",-0.00261752581544809,0.425665717220751,-0.0478330339777987,3.21102769615199,-1.33887878249486
"3721",0.0314468606888295,0.477279160430282,-0.0618740350448268,3.22276636209336,0.192369408473847
"3722",-0.00301531112712426,0.460325432725443,-0.0592849930448701,3.22051735866034,-0.465527769051105
"3723",0.0112946395001802,0.452279257942278,-0.0577918538355629,3.21876560130102,-0.419220220545002
"3724",0.0126927025710956,0.447409745067584,-0.0569288191928451,3.21741135474426,0.515714277565821
"3725",-0.0145112725054972,0.445077071910275,-0.0541765836467075,3.21640581448106,1.16661331093323
"3726",-0.028112284022348,0.483946604120468,-0.0436095142238643,3.22266249145887,-1.48862292744741
"3727",0.0345375585246776,0.544101824948385,-0.0590460795524745,3.23334876448745,-0.339229789814149
"3728",0.0064765119449901,0.527491033488627,-0.0571616432170739,3.22958901721884,0.43594159619163
"3729",-0.0123381443636761,0.518073164551484,-0.0549633935280627,3.22653391761165,-0.14510280659592
"3730",0.00380391290662655,0.49984219189946,-0.0538149976725395,3.22374046666157,-0.452782144826008
