"","mu","h","sk","ku","y"
"1",-0.00271758071579857,0.282421409580981,-0.147745379168658,4.75100236338242,-0.459808676118775
"2",-0.0180364672696458,0.278895659143549,-0.0710334319539366,4.55034397890657,-2.18819829510713
"3",-0.085834324098313,0.483319666242204,-0.120555924004192,4.3764336669995,-0.33704110099057
"4",-0.0132207831262663,0.467478315588236,-0.0642144457486044,4.22539495344265,0.94922801018299
"5",0.0365039458939027,0.482074422710586,-0.0484551770909591,4.09436635808793,-1.41452219594946
"6",-0.0547721491022546,0.540870722223606,-0.0540290446601521,3.98070167879581,0.785510183663599
"7",0.0302769867017487,0.536924138816184,-0.0474459596616993,3.8820868413664,2.32839389540445
"8",0.0874912059344121,0.738408359808038,-0.0192778996896343,3.79658482638061,0.655417715724915
"9",0.0235631423420807,0.722080508187321,-0.0396366953426732,3.72236006951123,1.89280098855189
"10",0.0783372006688265,0.867768883110835,-0.0323361284019616,3.65798530135155,0.327987174552902
"11",0.00882382421517384,0.827482066872978,-0.0431648919574012,3.60212089863356,-0.303951601789673
"12",-0.0139708659742108,0.79063029313892,-0.0458032503132824,3.55365697738021,0.503417100563758
"13",0.0212597126172549,0.762810800361309,-0.0461774533989435,3.51161323105324,0.975617494536468
"14",0.0366383296659347,0.764775616959083,-0.0452371140972237,3.47513982445232,-0.872052458392644
"15",-0.0309400180040849,0.751148135564312,-0.0468352234017568,3.4434976434426,-0.191280842573294
"16",-0.0103044533466128,0.716843424904844,-0.0466531943244195,3.41604687699735,-1.80315599447788
"17",-0.0698046769766932,0.823551022656808,-0.0554150873419194,3.39224349791379,-0.676476763688985
"18",-0.0273426570524586,0.807778245201444,-0.0492050463623313,3.37158274881259,0.326584222341686
"19",0.0115489655285263,0.769778988286283,-0.0471511666161622,3.35365869812657,-0.958277532553026
"20",-0.0390322843960736,0.773813801038791,-0.0480095275619242,3.3381099446035,0.721610347372664
"21",0.0288902643989835,0.756165972576835,-0.0464272866247251,3.32462031941242,0.244818140884448
"22",0.0070560549363513,0.719689317533709,-0.0465076380542931,3.31291747895879,1.27152958324562
"23",0.0480203094481975,0.750900399487546,-0.0436785400793538,3.30276736578228,-0.913543683076759
"24",-0.0336952102242975,0.742122647408156,-0.0466394000626248,3.29395985061055,0.0974105118019292
"25",0.00358864466137382,0.704600505068946,-0.0465703330399215,3.28631866571643,-0.064929796940652
"26",-0.00148735199888625,0.668989333591535,-0.0465543901177883,3.27968972479114,-0.496480896111173
"27",-0.0222991775003151,0.649734494100105,-0.0468672415395323,3.27393906282454,-0.778150299937305
"28",-0.0308347535244175,0.64618101629378,-0.0475682719606169,3.26895062791527,2.44499041231678
"29",0.0933850264570724,0.860168937048214,-0.0234127489296803,3.26466244248848,-0.353698117932916
"30",-0.0135790093446333,0.819035067880625,-0.0411115569181634,3.26090235043094,0.136804431266696
"31",0.00394472548219335,0.777586745982566,-0.0452660422910614,3.25764036277306,-0.718295328366395
"32",-0.0279581993668967,0.760448167949023,-0.0467327197540329,3.25481072601842,0.75045742561235
"33",0.029820095548431,0.745735374634525,-0.0460385407171551,3.2523559808941,1.68205169457016
"34",0.0714074708961464,0.860709226169381,-0.0372244947777083,3.25023768509163,-0.372233431817448
"35",-0.0155193275666099,0.821386920601002,-0.0443900553823403,3.24838847640263,-0.0793776831645249
"36",-0.00124851216842707,0.779575053635357,-0.0460402408515723,3.24678422815051,-0.677266442811464
"37",-0.0241544690010198,0.756897620452113,-0.0467486906451752,3.24539262862885,-0.0559798487168695
"38",-0.00142068052011445,0.71859862172674,-0.0465967044819466,3.24418524669748,-0.577618934505172
"39",-0.0242115439431845,0.699273247138255,-0.0469242980980649,3.24313796448965,1.1201013179326
"40",0.0396610577898395,0.707376362222989,-0.0450995956201339,3.24223032460453,-0.398597466517511
"41",-0.0147421856525068,0.676609368896086,-0.0462672082433474,3.24144187375675,1.68710191423212
"42",0.0654116578356597,0.76440650434503,-0.0388907425351566,3.24076678049708,1.37287647698689
"43",0.054637659142147,0.820489179105785,-0.0404004556425562,3.24017643161259,0.193491024339182
"44",0.00469829680039181,0.779983368982488,-0.0450924792667023,3.23966005110912,-1.47216118253598
"45",-0.0548933853168635,0.827132787311603,-0.0498914989284686,3.23921548072888,1.14688208532203
"46",0.0450377262701075,0.838275450714687,-0.0457120374225062,3.23882754176802,-0.108661916932085
"47",-0.00302801705012016,0.795506110080782,-0.0463519375464591,3.23848985081311,0.92757873078046
"48",0.0308367060532455,0.782357696793082,-0.0458694103551577,3.23819721981569,-1.42582810720122
"49",-0.0532577344499011,0.821137430535503,-0.0495482334634689,3.23794580125283,0.311696660055569
"50",0.01168587482303,0.78191111354749,-0.0472382469003743,3.23772491924301,-0.569579817860613
"51",-0.0198854508571951,0.753061957268424,-0.0468762747884657,3.23753334890278,-0.462727777531488
"52",-0.0225981191766616,0.7306635837286,-0.046929631822091,3.23736722421191,-0.0157232704726423
"53",8.51591295945446e-05,0.693624031458609,-0.0466390795296235,3.23722298462196,-0.212506474839824
"54",-0.0110053884092128,0.662059696067228,-0.0466062842768928,3.2370978597981,-1.84483603616421
"55",-0.0703880914431877,0.774198132205646,-0.0567860935345033,3.2370025730127,-0.506900550329728
"56",-0.0205016751133563,0.750512747881332,-0.0492502479242126,3.2369067525123,0.120923873012402
"57",0.0054893769695178,0.713029538616461,-0.0471839317604062,3.23682351278319,-1.41995975826027
"58",-0.0554007943886941,0.765280050610866,-0.0510270245008013,3.23675551788335,0.513511337484071
"59",0.0193676108603285,0.734948314031844,-0.0474877017410065,3.23669234683864,0.170586126415939
"60",0.00379777299896796,0.69826357068876,-0.0467683580962563,3.236637509871,-0.186847611125324
"61",-0.00852838061381505,0.664976135007013,-0.0466166648184273,3.23658993942616,1.00324466058332
"62",0.0411334915115413,0.6797304047773,-0.0446234264331165,3.23655011722439,1.58137629759559
"63",0.0584007776441633,0.749903209565154,-0.0401147343184266,3.2365206134984,-0.0792707136238996
"64",-0.00234981625695827,0.711815793028459,-0.0450317725402452,3.2364885262261,-0.055526912147344
"65",-0.00156119994893337,0.67584530241096,-0.046191573156621,3.23646068962626,-1.84990260325314
"66",-0.0703765382798091,0.785680456432605,-0.0562175512576703,3.23644900177988,-0.599920729154529
"67",-0.0233029670079352,0.765389411972834,-0.0492238125969587,3.23642657391584,0.713015498459116
"68",0.0259718817197324,0.744692092585024,-0.0468158341097059,3.23640709987681,-0.0807689245104104
"69",-0.00324018421524724,0.707026556609828,-0.0466124920374558,3.236390050005,-0.137457066316662
"70",-0.00619417523286527,0.672392397370636,-0.0465708569954668,3.23637525949428,-0.910353356844817
"71",-0.0344711389080737,0.673417631840962,-0.0477308535093838,3.23636317026941,0.122404030134593
"72",0.00819253602254133,0.640779817160943,-0.04681905479937,3.23635194095206,-0.4987133747299
"73",-0.0180145733167577,0.617613829990734,-0.046780415625545,3.23634225327738,-0.361278001954024
"74",-0.0169742850859544,0.595674630480161,-0.0467804420604009,3.23633385300235,-1.07510132451772
"75",-0.0418238274674468,0.618222466119454,-0.0491909528208708,3.23632863024846,0.621660587164999
"76",0.0238544810229838,0.601497954529075,-0.0468227526803029,3.23632212271761,0.297029921353373
"77",0.012669858599346,0.576721374315006,-0.0465301503461024,3.23631635183958,2.04679547199383
"78",0.079853601845174,0.735230477924938,-0.028179863616452,3.23634030068045,-0.153479572920512
"79",-0.00507190354379738,0.698037117934971,-0.0422171116005095,3.23633209983583,0.314782938808586
"80",0.0135069041433121,0.667863195692679,-0.0454649586897575,3.23632500025245,-1.41213188978475
"81",-0.0546132183601993,0.719036019921022,-0.0507876232421805,3.23632326147061,-1.15912350436138
"82",-0.0468943477824506,0.752370596756896,-0.0505474997380173,3.23631990373987,0.970961302161027
"83",0.0380219508566354,0.752137508640091,-0.0463669088148441,3.23631510501606,-0.057337102770813
"84",-0.00304407650384494,0.714000400802599,-0.0465064374501972,3.2363102418909,-1.37773907193443
"85",-0.0555927322734388,0.767893675287272,-0.0509832585746741,3.23631039251185,-0.817420516112308
"86",-0.0311204673721202,0.761021022183446,-0.0484460541143591,3.23630663590283,-0.722874459880954
"87",-0.0257600106796283,0.74346092879219,-0.0474554261265073,3.23630310626647,-1.01747528619783
"88",-0.0398950974462513,0.754268922202072,-0.0484185871161293,3.23630100387467,0.212829433761053
"89",0.00520257005711775,0.716331783499097,-0.0469890976908571,3.23629800882642,-0.734042217075245
"90",-0.0302731424085829,0.706274815704548,-0.0473483737181038,3.23629577883603,0.196842033689645
"91",0.00872601107719953,0.672170389557734,-0.0467266360597945,3.23629347738559,-1.67259697158603
"92",-0.0654717513954158,0.76132153408449,-0.0543641407807812,3.23630068768229,1.48432134900369
"93",0.0584331218316721,0.813177729793512,-0.0443230255617661,3.23630161999467,-0.429222051361741
"94",-0.0152723190729485,0.776593704440214,-0.0460705408260738,3.23629855318286,0.941868423568626
"95",0.0338835974402449,0.769223473962859,-0.0456010226137229,3.23629635326965,-0.264539131103908
"96",-0.00738708398115291,0.73116714937961,-0.0463308235979417,3.23629397475205,0.655795903081155
"97",0.0246678723132275,0.711325788798432,-0.0461385459498496,3.23629206355127,-1.29011999125344
"98",-0.0469784143218884,0.736728091447414,-0.0489698688341859,3.23629230078992,-0.586461361772167
"99",-0.0262487349966777,0.722242649835534,-0.0476638036298205,3.23629072387441,-1.21835986247146
"100",-0.0459329618957134,0.749628555138537,-0.0494286205475284,3.2362912466908,-0.53553527754647
"101",-0.0248484315044419,0.732163597017624,-0.0476806264983143,3.23628975168491,-1.44525280149454
"102",-0.0571199502357989,0.792952614279517,-0.0516687251993981,3.23629316031394,0.392192320160026
"103",0.0122008923341994,0.755440490869536,-0.0477350843994529,3.23629120786698,-0.714224980608215
"104",-0.027294554253872,0.737921746013374,-0.0472843900067359,3.23628971995527,0.51832108892496
"105",0.0191513461519554,0.709960786608286,-0.0465781586036891,3.23628826502125,-0.679727149791061
"106",-0.025487444793411,0.691764316637705,-0.0469484738103406,3.23628712919427,-2.14067131183111
"107",-0.0840858641735814,0.866847868026064,-0.0632433525547685,3.23631129653028,0.0183351669013829
"108",0.00429225704876301,0.822532377056784,-0.0504866404785844,3.23630693792124,-0.846916596746706
"109",-0.035450935207793,0.816679529417508,-0.0483908881399471,3.23630368632806,2.85251946393008
"110",0.109850932881496,1.11634902954496,-0.02017920176667,3.2363483104959,-1.44798910003146
"111",-0.0548312279599721,1.13271859039082,-0.042025169769,3.23634025738549,1.99456095487512
"112",0.0781863832642328,1.24190136614626,-0.0398285565084376,3.23633808584785,-0.223643694772135
"113",-0.00742108156684602,1.17804163269164,-0.0449652022744031,3.23633017845464,-1.11672630263158
"114",-0.0461400352857304,1.17960172010217,-0.0473895901039559,3.23632409288438,0.415725858569449
"115",0.0210872826403331,1.12930770373461,-0.0466608489373071,3.23631806206332,-0.56980211146377
"116",-0.0283369224161537,1.09288037085452,-0.0468446506060649,3.23631291104677,1.47657314926744
"117",0.0589007480197719,1.13334367487301,-0.0439999146030857,3.23631049765957,1.19932144240691
"118",0.0483323341470883,1.14915790782702,-0.044278992001768,3.23630742895024,0.246957260808829
"119",0.00681364262845848,1.0919109389016,-0.0460055976360503,3.23630358369494,-0.326466077224087
"120",-0.0110918170935863,1.03892550829977,-0.0464383685760255,3.2363002494838,0.0971688606112645
"121",0.0049259915903169,0.985960251372703,-0.0465218761114913,3.23629735438728,0.255720786590846
"122",0.0111147106304997,0.938953699595014,-0.0465199976365053,3.23629484661228,1.6767487412197
"123",0.0677815532061583,1.02577993287721,-0.0411324910903454,3.23629834688127,-0.416558790319116
"124",-0.0153403354995486,0.977599114291051,-0.0453022478979163,3.23629570942284,0.520427924560252
"125",0.0203507477387983,0.93864645044949,-0.0461316911886908,3.23629345247434,-0.103869134241136
"126",-0.00427756102623771,0.890812258785553,-0.0464515904896171,3.23629145774341,-0.182030995524415
"127",-0.00798700196132246,0.84711554904213,-0.0465363214037591,3.23628972850884,0.372375403227723
"128",0.0149471027518097,0.810040737686328,-0.0464839840625554,3.23628824183768,0.50008726397193
"129",0.017977286868098,0.778734813225664,-0.0463979105731265,3.23628697917961,-1.22010772443663
"130",-0.0466603781430979,0.800382334919795,-0.0487033977776812,3.23628754249672,1.30607746838349
"131",0.0508337099737477,0.829270376560888,-0.0445093764474511,3.23628841196715,-0.249516154405302
"132",-0.0107288836960888,0.789150488028375,-0.0460819328532353,3.23628708688179,-0.112054487439181
"133",-0.00598752192162055,0.750154800889856,-0.0464449575881522,3.23628593600214,0.541866891586304
"134",0.0226218053805154,0.72659573490876,-0.0462570058268043,3.23628504016259,0.13715071582413
"135",0.000917676812426466,0.689849724562411,-0.0464802806241427,3.23628415979464,-0.472245758087453
"136",-0.0155311045271457,0.661941725003527,-0.0466337628996004,3.23628342405546,0.171983875911447
"137",0.00512230152925028,0.629151206779796,-0.0465666396090732,3.23628275799092,-1.07109946871907
"138",-0.0430798859826068,0.650872316647509,-0.0490029275734954,3.23628415462888,-1.59317095218371
"139",-0.0630308386384998,0.739622796921316,-0.0551329957874077,3.2362929681856,-1.83442365752479
"140",-0.0727148192344533,0.866114315289343,-0.0589345509583222,3.23630454547459,0.439403477909717
"141",0.0152734704109051,0.826286088547289,-0.0494335646425738,3.2363010885291,-0.376513219334465
"142",-0.0127629112723218,0.788405115447782,-0.0472667716991767,3.23629808960924,-0.585508135782906
"143",-0.0262087010725427,0.768957143738067,-0.0471406058001037,3.23629566986375,-0.262336755453758
"144",-0.00755458813223814,0.731987571902497,-0.0467033622875209,3.23629338347392,-0.381160276332627
"145",-0.0125185696918053,0.699623556391345,-0.0466378041206739,3.23629140948336,-0.885890993940151
"146",-0.0321901979686859,0.695216604109513,-0.047495090352693,3.23629022423967,-0.3123854065507
"147",-0.0135063748152995,0.666383911985007,-0.0468585993041458,3.23628867988302,-0.544407342281683
"148",-0.0212441709576302,0.646521229520024,-0.0469165516877887,3.23628743438857,-0.0370164727528557
"149",-0.00174549626173702,0.614157696974913,-0.0466364933261265,3.23628623687224,0.985501874259248
"150",0.038660130751111,0.626546138095652,-0.0447183902593195,3.23628655767627,-0.717442370953132
"151",-0.0294248510600481,0.617657937307639,-0.0467971339627337,3.23628583360003,-0.499723416393888
"152",-0.0179755690799895,0.597263889606026,-0.0468314218374592,3.23628492928543,-1.11013780617929
"153",-0.0413863185483851,0.618749366616302,-0.0491208827629382,3.23628609817478,0.523953294466387
"154",0.0204485385803622,0.59796139637142,-0.0469433468482996,3.23628515349454,-0.121387568012382
"155",-0.00168138372320338,0.568025324468644,-0.0466423242427449,3.23628425810901,0.707572079725285
"156",0.0241166554350236,0.556452120025497,-0.046067451899494,3.23628372111336,0.32417941603216
"157",0.0134429436970716,0.534721843509333,-0.0463244414342078,3.23628304748844,0.645222996118686
"158",0.0222811272039053,0.523241365589623,-0.0460258241998526,3.23628264994529,1.22364781295248
"159",0.0492326752063509,0.570129389297282,-0.0412723582818528,3.23628740985999,-1.25121500816496
"160",-0.0504210108387224,0.609883268521156,-0.0494112215472823,3.23629014822784,-0.137950083954372
"161",-0.00415522999812537,0.580378335602136,-0.0472318597759566,3.23628859205851,1.07099746768776
"162",0.0426088296357839,0.603636531494905,-0.0440286425804048,3.23628946933374,0.870280173232704
"163",0.0335250062719985,0.609318544439472,-0.0445134061012268,3.23628897602518,-0.570266311218229
"164",-0.0179852015021493,0.586815690224757,-0.0462202161494802,3.23628762235556,-0.628331530393336
"165",-0.0252734410986237,0.577036280945481,-0.0470765117652341,3.23628670576745,-0.613920469462365
"166",-0.0203186184205335,0.561373748911608,-0.0470160170112788,3.23628574795374,-0.626961301359552
"167",-0.0252367321826058,0.553038240577248,-0.0473098766521565,3.23628511085283,-0.426360827543558
"168",-0.0197602369929754,0.537976416215585,-0.0470655729998797,3.23628436127053,0.970567308309773
"169",0.0354404613400229,0.54609484696456,-0.0450342584561564,3.23628472451647,0.988566403073217
"170",0.038477147693167,0.565028827715858,-0.0437574743499454,3.23628584464056,-0.933388914088233
"171",-0.0368645220632151,0.573101536132798,-0.0475042573455046,3.23628598932611,0.367073918641925
"172",0.0171087698891582,0.551591194954276,-0.0466372744733481,3.23628502558372,0.274423882428793
"173",0.00840693013251475,0.526504736570315,-0.0465417988549744,3.23628415230378,0.827841889488916
"174",0.0328744332329146,0.53235951661622,-0.0450618377871928,3.23628440345681,0.126754204386062
"175",0.00839364209956289,0.508631386174471,-0.0461623048432472,3.23628361460284,-0.244598572826034
"176",-0.0120268156792099,0.487422409860594,-0.0465265080814253,3.23628293981145,-1.30553732691761
"177",-0.0481200835758955,0.531888613811493,-0.0517716152785712,3.23628776360412,-0.978860895567088
"178",-0.038893805342006,0.553721534354247,-0.0504920313137007,3.23628878312027,0.194687865694067
"179",0.00672614815494791,0.526914632718801,-0.0474739664011459,3.23628740746173,-0.111203792388372
"180",-0.00372940771184179,0.501105671697801,-0.0467691353926389,3.23628621360812,-0.102045558277779
"181",-0.00579910524037274,0.477354665768957,-0.0466103995370998,3.23628517893723,-0.0557051355969965
"182",-0.00141044344286319,0.45392656429896,-0.0465639823733937,3.23628428018817,0.620286208595032
"183",0.0266384716852745,0.45217833752005,-0.0456004419586925,3.23628406087481,-1.01109344275888
"184",-0.0391000855100167,0.472039661313309,-0.0491358508826179,3.23628568196569,-0.570334863741955
"185",-0.0228308616724031,0.466042738272565,-0.0478508886507875,3.23628508226087,-0.0844238125280478
"186",-0.00211459866305895,0.443404904733782,-0.0468576745095474,3.23628419639883,0.318561123892039
"187",0.0110837061131651,0.425226677425528,-0.0465521855652103,3.23628344502489,0.884755480416591
"188",0.037512901659495,0.446292886912336,-0.0434944419024782,3.23628542770283,-0.875401380975695
"189",-0.035470238120999,0.457988394244603,-0.0478726448281272,3.2362860471051,0.57825193770264
"190",0.0251122229998234,0.451845065375694,-0.0461937749119774,3.23628538235606,1.30273935530935
"191",0.0504382278194849,0.506431511848028,-0.0395237888142167,3.23629237603502,0.174256016947007
"192",0.00609720119076097,0.48326223955566,-0.0448697395070094,3.23629052769833,-0.560534433426746
"193",-0.0188631130902526,0.469504346186504,-0.0464513760768214,3.23628903949133,-0.0368663598645513
"194",-0.0010597040086413,0.446512372686439,-0.0465265510018488,3.23628762933017,-1.44849329213673
"195",-0.0548763495393095,0.512167025801781,-0.0551512494192747,3.23629695518982,1.36549425569404
"196",0.0515722726342173,0.557663649809207,-0.0434724381309197,3.23629975425826,-0.397504567785481
"197",-0.0143745295378301,0.534287759663744,-0.0458938455514769,3.23629694198324,-0.827796197962516
"198",-0.0351038949569221,0.544649203858016,-0.0481962868747991,3.23629579589399,-1.05155414558705
"199",-0.0380125190325904,0.562561666084284,-0.0492952369982344,3.23629536706193,0.179169268544063
"200",0.00646672182203549,0.535215417173817,-0.0471924684422151,3.23629311911086,-0.937107525103993
"201",-0.0334174612423555,0.540526357854236,-0.0481454062705834,3.2362921449103,-0.859604146979807
"202",-0.0379873023275294,0.558450785088982,-0.0492937053536436,3.23629221084981,-0.702702992632048
"203",-0.026523349997753,0.553376234689845,-0.0480133937233236,3.23629083715202,-0.328979493608644
"204",-0.0128184612919715,0.531376054259833,-0.0469949314507815,3.23628921669481,-0.739302978209965
"205",-0.0283649933866575,0.529160115327037,-0.0476174338375427,3.23628835174748,0.942623956419753
"206",0.0355181408393787,0.537229449379635,-0.0451607887613727,3.23628818977538,0.260806716295868
"207",0.00960645773242907,0.514030850804608,-0.0461694797458378,3.23628690389516,-0.794193036387175
"208",-0.0320442245343299,0.517660285138134,-0.0477958447811959,3.23628665667041,2.05002126500177
"209",0.0832486216580011,0.687059378009426,-0.0238969864146979,3.23632455816761,-0.669090624620471
"210",-0.0291843696588476,0.671826388827422,-0.041680869985802,3.23631866381898,0.440192098355254
"211",0.0174117739627741,0.645594014720203,-0.0452799442162519,3.23631336512045,0.609235582638205
"212",0.025651363660827,0.633209423529815,-0.0457041024436448,3.23630899929129,1.3667209300188
"213",0.0488434809858295,0.673468708027111,-0.042538151234775,3.23630850611816,-0.337584716701296
"214",-0.00811315341764586,0.64058486007,-0.0456100127250194,3.23630451791257,1.54723936636355
"215",0.0577597891468956,0.704083948098546,-0.0405961045177684,3.23630719182572,-1.28457505024481
"216",-0.0504564801861316,0.735832334344441,-0.0480824664526238,3.23630589255864,1.59854705071159
"217",0.0613308655800922,0.800708659720434,-0.0417752265702901,3.23630754896004,-0.610378293801775
"218",-0.0206917607838298,0.769605187027431,-0.045555717027343,3.23630372712263,-0.988168756909816
"219",-0.0434029146832005,0.787187082244355,-0.0483000570765164,3.23630186320802,-0.49777045723504
"220",-0.0163436955909145,0.756554253652415,-0.0470927527512546,3.23629879382584,0.375904962893549
"221",0.010831936710222,0.721124266059598,-0.0466526019664624,3.23629609583332,0.766215671606726
"222",0.0341926361486081,0.719348011302205,-0.0455233514901881,3.23629438944327,-1.65184422255117
"223",-0.0644787621184734,0.798561600866894,-0.0527036604571422,3.23629937128661,-0.68369841862973
"224",-0.0250603313681737,0.779957078597472,-0.0484571661489446,3.2362968025244,-0.362734265614463
"225",-0.0111313528903136,0.744519929729245,-0.0470393551203369,3.23629437215318,0.942280802462594
"226",0.0352846557364955,0.741956554154197,-0.0456435536819882,3.236292870716,-0.484308434411399
"227",-0.0149040054379145,0.70959791294367,-0.0463957004548107,3.23629096704707,-0.285986848876221
"228",-0.0132521240487965,0.679221968850184,-0.0465818547203086,3.23628931835979,0.371623658905468
"229",0.0192169437513949,0.655059304167703,-0.0463760017621924,3.23628793249536,0.256471287579597
"230",0.00787358467261668,0.62420570157105,-0.0464897133122508,3.2362866719546,0.887803337914823
"231",0.0374569510278129,0.634226820366618,-0.0448418441744864,3.23628678259111,0.599983050426915
"232",0.0230127363062885,0.619719172255168,-0.0456962109197586,3.23628587790068,-1.30770008783541
"233",-0.0524434733780233,0.66567523772986,-0.0506996031981466,3.23628913514502,0.255355508312722
"234",0.0119711216817428,0.634945842196459,-0.0475003971155629,3.23628771734219,-1.26421530705125
"235",-0.0504569229144267,0.675511008963186,-0.0506014672914497,3.23629006326711,1.47180171864042
"236",0.0551674573997446,0.723488424050638,-0.043302929827761,3.23629257282636,0.113047586226817
"237",0.00766189519408107,0.689615527466265,-0.0457598063509719,3.23629069870353,-0.604402633184474
"238",-0.0267138376908066,0.674996557209627,-0.0468620816824685,3.23628930538247,-0.875279110959483
"239",-0.0295075807939348,0.668006651055361,-0.0474207375860155,3.23628830235484,0.438597194325423
"240",0.0168982111141878,0.641489902939377,-0.0466441355653031,3.23628702164325,0.370353208085818
"241",0.0172884014612896,0.618552801028743,-0.0463971615279388,3.23628593712832,0.246142318725512
"242",0.0108191744203633,0.59132817546157,-0.0464650442463609,3.23628494849281,-0.530907579976671
"243",-0.0206722310665636,0.573620237386238,-0.0468125452930618,3.23628419140861,1.10602819599641
"244",0.0451233433473235,0.601938920718973,-0.0435060833322973,3.23628613294989,-0.849702997505075
"245",-0.0330304516401721,0.600122137027422,-0.0468458354923033,3.23628571721971,-0.379975758783897
"246",-0.0165828197216033,0.579322583277417,-0.0468098952036056,3.23628481275137,0.90009608589762
"247",0.0363597425635606,0.58736060415147,-0.0450096678208955,3.23628508275196,-0.122693611729702
"248",-0.00758932355143933,0.559071366375917,-0.0461943062704326,3.23628419770443,0.235815795738578
"249",0.00965649873364283,0.533734907309496,-0.0464352360652948,3.2362834346092,-0.0188448130209982
"250",-0.00184449864708392,0.507274908210125,-0.046522588679528,3.23628276693142,0.891229690063982
"251",0.0363810316367531,0.520420104620346,-0.0444888844818732,3.23628374935807,-0.411792814009046
"252",-0.0141666783911433,0.499319282663665,-0.0461488065041168,3.23628306246882,-0.357009022556198
"253",-0.0157464120107528,0.482349377875874,-0.0466452957997393,3.23628250958689,-0.414977488845585
"254",-0.0146285992280644,0.465320859380065,-0.0467360350459746,3.23628201814352,-0.901890577168366
"255",-0.0364804362669526,0.482297725160232,-0.0490785879794266,3.23628355126629,0.142945657351533
"256",0.00507586278650757,0.458912800477232,-0.0471436567166484,3.23628286830639,0
"257",-0.000267261464928104,0.436393646344474,-0.0466895445656119,3.2362822756442,-0.649663123802414
"258",-0.026133100939298,0.434910960971142,-0.0475435015305636,3.23628232869162,0.00958451143688727
"259",0.00128226751032239,0.413677709391553,-0.0467838470676605,3.23628180751334,1.08665638908391
"260",0.0406038695988661,0.441534456875276,-0.042689117890116,3.23628504623487,-0.265806118147637
"261",-0.0101413218866902,0.422065341438074,-0.0456719560105122,3.23628417139191,0
"262",-0.000256726448828585,0.401529852768252,-0.0463424596545949,3.23628340610745,-0.983912030725204
"263",-0.0368685905302328,0.421542897409276,-0.049557059039175,3.2362853949508,-0.201797022306791
"264",-0.00710200036665805,0.403143156141584,-0.0472941320144271,3.23628447452647,-0.753117395678569
"265",-0.0295600373285854,0.409441465627428,-0.048334270152396,3.23628479687345,0.280667980035529
"266",0.0073789926593201,0.39069131138168,-0.0469561129784521,3.23628395079365,-0.445564472125714
"267",-0.0159500228561756,0.378938117509948,-0.046889174756489,3.23628330584805,0.329521523217531
"268",0.0117293439161948,0.364274932962599,-0.0465385290718686,3.23628267970109,0.588492364551223
"269",0.0238509552676166,0.363967878189189,-0.0455335212454857,3.2362827207019,-0.830681875037543
"270",-0.0345227078981982,0.3792606230632,-0.0489852420794296,3.23628436883966,-0.739878764596832
"271",-0.0270661920056678,0.384439244005527,-0.0486477791887385,3.23628462615679,0.526265711236336
"272",0.0210442799713467,0.377490398099927,-0.0465252701657085,3.23628405007766,-0.24329728316862
"273",-0.00979988618188263,0.361664191838588,-0.0465920183922644,3.23628331138919,0.427808139107832
"274",0.0149788565708174,0.350528052351505,-0.0463378368922794,3.2362827402302,1.50219483442546
"275",0.0584166067660975,0.434825135325887,-0.03115203767486,3.23630497407295,0.562307890970525
"276",0.0197638235266386,0.427708781559778,-0.0423377728680891,3.23630174238189,0.52135290373004
"277",0.0218783369600153,0.421749330818382,-0.0449116675466775,3.23629898230753,0.0661594466738663
"278",0.0014455119149775,0.401372306975022,-0.0461624375817677,3.23629625502602,0.386628799782596
"279",0.0136870181881107,0.387412240902284,-0.0462998300071121,3.23629394020653,0.141076910301786
"280",0.00765788407376219,0.370666815382871,-0.046455142633136,3.23629188777378,0.244062826491209
"281",0.00988600076107065,0.355879495530925,-0.0464545381988114,3.23629011840305,0.299569593064797
"282",0.0126883698562535,0.34383383909583,-0.0463637262858807,3.23628861868117,-0.741195868734987
"283",-0.0295424826177012,0.351948918733915,-0.0483899118679107,3.23628865614724,-0.358490949968389
"284",-0.0138003013499277,0.341645281556465,-0.0472320575535451,3.23628739023303,0.396152187585172
"285",0.0152798425576079,0.331702786700827,-0.0464618116040759,3.2362862920165,0.964923876285705
"286",0.0378719319742481,0.358933666117122,-0.0419074826762151,3.23628984922692,-0.354908376644356
"287",-0.0121731232213164,0.345077622758795,-0.0455426134641072,3.23628835520359,0.615616159319637
"288",0.0242076123474864,0.344987839332693,-0.0452898311279048,3.23628765141945,-0.718588319132087
"289",-0.0295177000384306,0.352244397405728,-0.0480363912122059,3.23628771917818,-0.450578064472081
"290",-0.0175562021603067,0.345593702298735,-0.0473861793132794,3.23628671247878,-1.15444128448064
"291",-0.0450597935833018,0.389864512585985,-0.0540539768422631,3.23629409075606,0.0380626134579093
"292",-0.00148433717266199,0.371346191807627,-0.0483215344633384,3.23629201160225,-0.180926583659011
"293",-0.0047530554651414,0.354183455199547,-0.046974978206483,3.23629020860675,-0.477692701626652
"294",-0.0217432514388161,0.351221226632141,-0.0474255224735764,3.23628906984936,0.181792137326319
"295",0.00855856357682,0.336186394439222,-0.046721940133039,3.23628766226421,-0.440698164868843
"296",-0.0196492034399416,0.331056212802784,-0.0471631216626433,3.23628671918784,-0.153742703483964
"297",-0.00459330643700715,0.316212230515807,-0.0467066986183881,3.23628561813785,0.288073946097999
"298",0.0115163950924709,0.305056335217196,-0.0464594571473028,3.23628469938939,1.22934792623488
"299",0.0469871075761641,0.356066572174853,-0.0367038032682587,3.23629644784396,-0.113722529314653
"300",-0.00341391964590109,0.339121235634743,-0.0442275869630703,3.23629405628271,0.548464731850109
"301",0.0216258959756784,0.336413369855897,-0.0452223731782274,3.23629241049578,-0.700296228089504
"302",-0.0282238625819818,0.342192844470999,-0.0478666507226608,3.23629170121842,-1.04053251355936
"303",-0.0407041319332134,0.376642722520951,-0.05252174203761,3.2362959732255,-0.567773261769389
"304",-0.0219482032974571,0.37461007775333,-0.0488334876928888,3.23629414543366,-0.48370027557104
"305",-0.0224250267556845,0.372334384973265,-0.0479419502797895,3.23629254331713,0.0193929991881132
"306",-0.000676025061978097,0.354517334180098,-0.0468780790984225,3.2362906689955,-0.126121772721094
"307",-0.00472882728290127,0.338239428884695,-0.0466348068656532,3.23628904390024,-0.204071787453728
"308",-0.00744106915513056,0.323863944117938,-0.0466044963807051,3.23628763998153,-0.165506536344177
"309",-0.00448174664985209,0.309231076302896,-0.0465715346665071,3.23628641635013,-0.0584795338303325
"310",-0.00141410356910498,0.294793229586407,-0.0465549718873413,3.2362853536865,-0.136585387087644
"311",-0.00476167326182466,0.281727777962131,-0.04656153158935,3.23628443321342,-0.567849577562843
"312",-0.0225743174917255,0.283720096427631,-0.0477749156953288,3.23628441513325,0.0294507438441401
"313",0.00130227533337056,0.270578802735596,-0.0468384196123633,3.23628361755971,-0.501846071694787
"314",-0.0199248351614865,0.269595729274665,-0.0474822661676007,3.2362834183204,-0.415184463546175
"315",-0.0168733028891776,0.266249078164629,-0.0473789381339796,3.23628306187168,0.533492670188015
"316",0.0210848429002989,0.26613981371347,-0.0457836514641095,3.23628301102152,0.236197334493031
"317",0.00808641857067167,0.256239342412292,-0.0462888126912021,3.23628242006001,0.0786086313447339
"318",0.00392146900825625,0.245084555411672,-0.0464788263563383,3.23628188791469,-0.196637562131433
"319",-0.00806991223390661,0.235823504300425,-0.0465961356645321,3.23628144024324,1.00857648095909
"320",0.0408924533352129,0.273011133135611,-0.0375156654067908,3.23629230691451,-0.175524179632478
"321",-0.00618746502901525,0.261047289813693,-0.0444292476250532,3.23629046526894,0.253436143059475
"322",0.00861392822092356,0.251147307463208,-0.0459811547817995,3.23628888288378,-0.595617637420444
"323",-0.0229015630371108,0.254516066024862,-0.0478305397522153,3.23628844365425,-0.127394794043678
"324",-0.00542559895432987,0.244092570399396,-0.0468820854913281,3.23628711812277,-0.432390610776137
"325",-0.0161842301348958,0.24086758485349,-0.0471946637982928,3.23628624301242,-0.671939287066917
"326",-0.0292225760451697,0.255880333417973,-0.0501926698592464,3.2362883705552,0.277227900325787
"327",0.0110060908964829,0.24704422723816,-0.0472938333811163,3.23628708237416,-0.993648875003827
"328",-0.0399674313626895,0.281213612275349,-0.0545282741359605,3.23629518781785,0.0299535721874103
"329",0.00124061039724441,0.268204483040633,-0.0484312109093536,3.23629296316386,0.378637359498823
"330",0.015033068243382,0.262488104920622,-0.046610277535649,3.23629119951903,-0.358673294748948
"331",-0.0158403842141202,0.257226265675864,-0.0469727034645455,3.23628968474277,0.0997605828945202
"332",0.00523915930768657,0.246116106597198,-0.0466375219732008,3.23628819068185,0
"333",-0.0020289722337032,0.235078094809478,-0.046570942553392,3.23628689299548,-0.149678219831806
"334",-0.00455069369971157,0.225156229667553,-0.0465679743004329,3.23628576909744,-0.239952124729094
"335",-0.00931086545723616,0.217755916144842,-0.0466777803911665,3.23628482914523,0.28986976166638
"336",0.0106500833895442,0.211207943854649,-0.046413666063818,3.23628403128777,1.06230832705914
"337",0.0418691703419408,0.253826380782534,-0.0344385267021522,3.23629985887312,0.197316559678082
"338",0.00797234701271688,0.244961666851093,-0.0435852739511096,3.23629704610368,-1.62960680970807
"339",-0.0638490590855574,0.351021172321509,-0.0786516516952277,3.23635737008073,0.160160194396116
"340",0.00825489706928951,0.335233622099022,-0.0541065320859536,3.23634691006222,0.0599940023993936
"341",0.00128223042391229,0.319406113593832,-0.0483314084501436,3.23633783366642,-0.0699965030328884
"342",-0.000932605419807997,0.30437313605565,-0.0469697349043912,3.23632995962771,0.109972517956624
"343",0.00254719519901893,0.290304738219029,-0.0466470638990722,3.2363231287774,1.65489581640488
"344",0.0614150233868363,0.386603833606211,-0.0234978821441726,3.23635648941716,-0.779442552980136
"345",-0.0303480444205127,0.390602346189576,-0.0425193968370566,3.23634708663961,-0.347274248894376
"346",-0.0137521796498768,0.378216383132827,-0.0458108216168665,3.23633806239433,1.12671680187451
"347",0.046711614324267,0.421871964365943,-0.0398136998924424,3.23633750440738,-0.670547823613331
"348",-0.028653040825934,0.422206833307842,-0.0460524984556831,3.23633034626826,1.36591324244851
"349",0.052818412906431,0.479190349924557,-0.0386246088801188,3.23633272721486,0.632390101879593
"350",0.0237902634173837,0.474993281212164,-0.0438717840690478,3.23632598011324,1.86400477611573
"351",0.0706752104067768,0.600399007226048,-0.0285265228199107,3.23634662346357,-0.74527384895077
"352",-0.025945032812659,0.585890765182359,-0.042713401107312,3.23633776997274,-1.88785315309144
"353",-0.0751918734172366,0.72509802377592,-0.060947662472732,3.23635262584862,-0.136919336793541
"354",-0.00113374735630711,0.688821374262204,-0.0499469301896124,3.23634279237902,-0.235155899075621
"355",-0.0130068891123273,0.658944252112776,-0.0474109916817193,3.2363342755875,0.117647072392961
"356",0.000412479996618769,0.625723391518022,-0.0467525955537528,3.23632687289368,1.43005501421965
"357",0.057539686131857,0.690399046986421,-0.0406246548122792,3.2363269315948,-0.406504624816973
"358",-0.0194994915784858,0.664121448809957,-0.0452905910605646,3.23632054465241,0.878680881507431
"359",0.03824569556393,0.671384809874825,-0.0447440589047947,3.23631599552372,0.297576413495147
"360",0.0110209041265031,0.642047126081231,-0.0460682710679955,3.23631102703722,2.55502165164064
"361",0.098237650247386,0.892219272246028,-0.0174840261783821,3.23635987052566,-1.03306703878796
"362",-0.0370387900018877,0.878471639445459,-0.0403666795827955,3.2363494294831,0.452105884523556
"363",0.0154864044436694,0.839219934170549,-0.0450391486509055,3.23634003094154,0.197155394097481
"364",0.0090246688520852,0.79904591329653,-0.0461751731271546,3.23633186864975,0.421171477556365
"365",0.0131474567428266,0.763618462717903,-0.0464077010796807,3.2363247968421,-2.12382327961584
"366",-0.0766075113367429,0.892796546800603,-0.0567529338965328,3.23633194302075,0.561291489307764
"367",0.0174695402310709,0.85313484626951,-0.0489002701714488,3.23632486202525,-0.867043686223223
"368",-0.0334147854443519,0.84060653166441,-0.0477937084509169,3.23631907091401,0.961866374913508
"369",0.0334959531449654,0.827723278296759,-0.0461721213142593,3.23631403354878,-1.54730880715605
"370",-0.0565568633495566,0.874021761796165,-0.0499315730462663,3.23631245553473,0.0865925873129544
"371",0.0012179361342943,0.829322847095886,-0.047347093888154,3.23630794338991,2.15962348489564
"372",0.0871795419897433,1.00775481703613,-0.0331122732571822,3.23632349127503,-0.141276218458881
"373",-0.00876504514355696,0.956701077680618,-0.0433825822370444,3.23631751738784,-1.27100259804262
"374",-0.0480692660656607,0.975557323838069,-0.0476826612242055,3.23631372249751,-0.277207079009467
"375",-0.00927268841446282,0.929009763344104,-0.0468390241947645,3.23630904628141,-1.33945630652523
"376",-0.049822247019123,0.954419615245174,-0.0488064118640288,3.23630668526391,0.193836075422275
"377",0.00541943787476128,0.905738690370112,-0.0470810136555683,3.23630293755541,0.135462042968842
"378",0.00700523328725719,0.860825469079568,-0.0466680064591515,3.23629968704218,-0.815538500695299
"379",-0.0340957428756059,0.849993257169249,-0.0473283925917913,3.23629727463364,-0.0487543279122468
"380",0.000813584009338919,0.806558801632612,-0.0467331173678718,3.23629477353473,0.253263334283068
"381",0.0106771074790085,0.768767766930413,-0.0465664301894017,3.23629260843642,-0.604997942149831
"382",-0.0235552653173142,0.745202906888444,-0.0468382906132327,3.23629083758417,0.283438590772384
"383",0.0106719416565763,0.710124005473701,-0.0465951983764288,3.2362891929744,0.447950890248713
"384",0.0160199237140456,0.682005477405373,-0.0464450943917335,3.23628779595237,0.99580268904787
"385",0.0385708740871786,0.692135475273341,-0.0448666353369191,3.23628772424277,0.374478329022475
"386",0.0161339598567149,0.666174470974242,-0.0460045318623802,3.23628653511311,-0.75036427109098
"387",-0.0310809509730964,0.659466487474812,-0.047225834241977,3.23628590451246,0
"388",0.00273303500199743,0.626283906321148,-0.0467088256805858,3.2362849096404,1.84650068103804
"389",0.072486577025616,0.747718384654891,-0.0346192023942314,3.23630041798453,0.915316605089397
"390",0.0373095492299437,0.756528394044247,-0.0421832050965292,3.23629857551587,-0.536850830224829
"391",-0.0191463140502516,0.727159082611125,-0.0456499047424679,3.23629594158528,0.358220594224073
"392",0.0162726593101829,0.697278866618574,-0.0462437369145504,3.23629364245981,0.0846540990215389
"393",0.000453618570865317,0.662041390869522,-0.0464772637096261,3.23629162252333,-0.963635231957598
"394",-0.0355367565491368,0.665260584487224,-0.0478221851720134,3.23629070982884,-0.561665525299598
"395",-0.0249757599952702,0.651877900780149,-0.0473735397289822,3.23628933100494,-0.411346062390447
"396",-0.0177423666174581,0.629205256625622,-0.0469370858719409,3.23628794906727,-0.963212995070309
"397",-0.0382925878724217,0.641682052467449,-0.0484820003492115,3.23628803291451,0.357471034254708
"398",0.0124483386167517,0.61286113583815,-0.0469656298252744,3.23628676414797,-0.599730952148541
"399",-0.0245755577630275,0.598940240023378,-0.0470991959216467,3.2362858626273,0.106666676780258
"400",0.00448716621341372,0.569289528871196,-0.0466775956296866,3.23628487340037,0.627991049885868
"401",0.0253084643741422,0.559709448035484,-0.0459821763104983,3.23628431605078,1.8511979024599
"402",0.0701383593295,0.678605973857995,-0.0330893811142383,3.23630242649257,-0.284037305143876
"403",-0.0094972612907092,0.645653380969648,-0.0433833573672971,3.23629924395583,-1.14428634870211
"404",-0.0445682051555525,0.671745340843201,-0.0485153297330069,3.23629874450224,0.602382660074971
"405",0.0277110573225494,0.657397851961445,-0.0465201964222911,3.23629628151172,-1.12161459585146
"406",-0.0456178752975658,0.681797433855131,-0.0491112042894133,3.23629601584846,-0.106100805709453
"407",-0.00717458795556744,0.64968513177215,-0.0471734286703296,3.2362936847151,-0.425532557013835
"408",-0.0192568412548105,0.628035911391989,-0.0469174056372569,3.23629173901101,0.34829756572515
"409",0.0124208021547416,0.600416910643665,-0.0465867295672184,3.23628998208365,0.29895388483659
"410",0.0146701168278926,0.576993226299612,-0.0464421388133311,3.23628848089882,-0.260328932637584
"411",-0.0122847017797456,0.552134770744392,-0.0465808856569019,3.23628715778048,-0.590657732708594
"412",-0.0204819504724594,0.537379884051567,-0.0469050052837143,3.23628614337784,-0.633252639807215
"413",-0.0241631811374043,0.528748899150346,-0.0472457907493583,3.23628542796468,0.048854366109212
"414",0.00231235201169472,0.502547346102982,-0.0467135304135472,3.23628449622198,-0.55835968152571
"415",-0.0209015705495927,0.490260016773997,-0.0469803623064629,3.23628385963311,-0.098280106190821
"416",-0.00542994335761199,0.467196986964808,-0.0466620580334483,3.2362831371155,1.03688691871687
"417",0.0412458428716844,0.493087956030724,-0.0432215399505258,3.23628551186113,-0.0486689063970015
"418",-0.00324836769488322,0.468817402800728,-0.0457647070332919,3.23628456900835,0.36929099305804
"419",0.0155344405748205,0.452655832660433,-0.0461876654105725,3.23628381032922,1.54967247681978
"420",0.0598260879920887,0.536449242934368,-0.035225909474768,3.23629814722076,-0.440318505990143
"421",-0.0190779814071764,0.517904165902453,-0.0440635691351834,3.23629559349154,0.00959278623211407
"422",0.00114995609744755,0.492233469718626,-0.0459631029069536,3.23629331509709,0.115041715304961
"423",0.0038421374364672,0.468369943269996,-0.0464084736301422,3.23629133874426,-1.08859029815473
"424",-0.0443704323221777,0.502081389778056,-0.0506986607234346,3.23629365409832,-0.34931143611039
"425",-0.0143894336991159,0.484801658838746,-0.0477108897789518,3.23629169470782,1.08276386520635
"426",0.0397070469687002,0.505353416495589,-0.0440686187591548,3.23629224220902,0.747201483870102
"427",0.0291502610279723,0.507710379436267,-0.044714537758765,3.23629121284098,0.42855167726471
"428",0.0187301359724232,0.494040376842359,-0.0457802203158269,3.2362896546884,0.832786113277805
"429",0.0310373741839842,0.498932009468025,-0.0449359026727283,3.23628912837948,-0.132025669875416
"430",-0.0075569521706338,0.475437768951257,-0.0461800546599297,3.23628770793236,-0.188910984678313
"431",-0.00606482498282753,0.453208514290332,-0.0464744536668563,3.23628647582964,-0.606924575222215
"432",-0.0245441462465286,0.44881435522477,-0.0473051710490099,3.23628582987487,0.861870183308536
"433",0.0321764468623063,0.455105091460014,-0.045159417112008,3.23628593451372,0.367111063212815
"434",0.0162668228654404,0.441705008433604,-0.0459495578700935,3.23628504106297,-1.34319083350509
"435",-0.052658129791932,0.498625135225836,-0.0538430054012561,3.23629283916989,0.294775091020654
"436",0.0131832850116395,0.477567640579831,-0.0482090722880506,3.23629093985465,-1.36706875456683
"437",-0.0561737805947488,0.543930962731886,-0.0550405681724955,3.23629900607817,-0.318149219910326
"438",-0.0134589834761498,0.523981031961493,-0.0487005353034688,3.23629632264201,1.20934384906833
"439",0.0462663589561368,0.558681327919483,-0.0431452422645333,3.23629763339518,-1.09353607700557
"440",-0.04603261392291,0.587556031285779,-0.0489566041947529,3.23629791675093,-0.241417721425224
"441",-0.00741988760582709,0.560623773409449,-0.0471441603305541,3.23629533544117,0.279990528075127
"442",0.0123433899051763,0.536877640296359,-0.0466249968796762,3.23629310675409,-0.929878842878064
"443",-0.038987927219529,0.553203961224022,-0.0488171453951699,3.23629292094638,-0.00973188653388309
"444",-0.000160005898915597,0.525722824455542,-0.0470844186910267,3.23629099659579,-0.155839127672265
"445",-0.00796889951436341,0.501474637736294,-0.0466962060484358,3.23628933054622,0.0389825558001579
"446",0.0021322806529788,0.476774334081806,-0.0465837501841889,3.23628788182749,0.699099847015436
"447",0.0294253326549492,0.478565659513933,-0.0453472673954605,3.2362873963111,-0.514139950041875
"448",-0.0220077908163328,0.467612974001545,-0.0466905835637641,3.23628639474197,-0.175216631997763
"449",-0.00504203124198852,0.445640071534033,-0.0465926727216425,3.23628533621133,0.359835058822108
"450",0.0152440728652637,0.430399762340007,-0.0463820596190028,3.23628447629396,0.310167933066162
"451",0.0111589523974532,0.413416633565473,-0.046420684845981,3.23628369446674,-0.865048889493919
"452",-0.0317393368157185,0.421760689747611,-0.0483079510051394,3.23628429110192,0.467472608221884
"453",0.0175787283991543,0.408970163217987,-0.046717466475455,3.23628360247982,0.106822054343335
"454",0.00328191501209963,0.389580495525575,-0.0465853140262437,3.23628291290402,0.203616689343644
"455",0.00822340158751657,0.372794621322284,-0.0465207084480502,3.23628232174746,-0.320155500241287
"456",-0.010596456698536,0.357945405771788,-0.0466164928277805,3.23628182002572,-0.868594735321974
"457",-0.0344919048638439,0.37618460704842,-0.049644894391956,3.2362840458673,0.293628477580687
"458",0.0134871146768988,0.362363526578898,-0.0471594019775896,3.23628333263241,-0.706162212620583
"459",-0.0278029647849567,0.36659346766236,-0.0481353679896892,3.23628365284929,-0.46367172303024
"460",-0.0197711622974431,0.36164132499647,-0.0475576720126731,3.23628328214311,0.581712263983985
"461",0.0228973679291617,0.358525670029099,-0.0460153663149207,3.23628305806694,-0.621273138795285
"462",-0.0265589517039448,0.360483263329008,-0.0476438353831645,3.23628322022281,0.316049645793884
"463",0.0133132342407931,0.347599444264275,-0.0466751292490758,3.23628262129136,-0.405118878264552
"464",-0.0165801589669531,0.338517403905889,-0.046892315195248,3.23628218859416,-0.655609778515247
"465",-0.0253605120345787,0.342070366417888,-0.0480156375186889,3.23628260958751,0.0796971550452435
"466",0.00451044308177558,0.326160872273819,-0.0468918337355485,3.23628205150023,0.566011143190615
"467",0.0204721200198532,0.323115699381773,-0.0458972858932509,3.2362819621972,0.749732228423887
"468",0.0306685981085597,0.336600610656234,-0.0437641483065079,3.23628366223322,1.47312551287986
"469",0.0579945457333266,0.422306076115309,-0.0294218135022523,3.23630802644364,-1.08077581878719
"470",-0.0438263151993886,0.451841366210924,-0.0465629623097099,3.23630796576803,0.488282220131141
"471",0.021591763373184,0.441159302356463,-0.0461519428524897,3.23630422502848,-0.0584681365321135
"472",-0.00232829838638897,0.419653511264301,-0.0464558207466073,3.2363008032017,-0.65522702757681
"473",-0.0284958121467307,0.422946920727925,-0.0478597605570058,3.23629871153046,0.450318920558392
"474",0.0170135933016792,0.409683418862514,-0.0466320295289365,3.23629610260876,0.389940053464635
"475",0.0123813586683853,0.394738419574676,-0.0464375045568454,3.23629379671045,-0.673600438315962
"476",-0.0253576971746398,0.393602097959433,-0.0474849248479765,3.2362923242201,-0.196097719473009
"477",-0.00790566787201734,0.376875494918237,-0.0468143024682921,3.23629048827875,-0.285026484181235
"478",-0.0104497241204684,0.362104525773516,-0.0466953481712951,3.23628890800278,-0.74092707441608
"479",-0.0288872067239779,0.369669275676485,-0.0483731628782853,3.23628881440845,-0.34765369010904
"480",-0.0148053421882275,0.359295573729559,-0.0472588375676567,3.23628754324564,-0.249066131245182
"481",-0.0109645544772987,0.345973504102289,-0.04682750271763,3.23628636310796,-0.209696017726025
"482",-0.00812112964139357,0.331618284966894,-0.0466626219597014,3.236285317811,0.309396923292895
"483",0.0119571700352909,0.319839736614698,-0.0464480900503107,3.23628443923743,0.368031449374461
"484",0.0134979566748298,0.310421248889731,-0.0462919438405852,3.23628372448635,-0.697422374533421
"485",-0.0276640045223041,0.317210097584436,-0.0482797371415721,3.23628431922608,0.289522490463628
"486",0.0125097643802449,0.306059195033705,-0.0468280765820126,3.23628357350494,0.596363958104362
"487",0.0224942219186534,0.307046864917139,-0.0455031428944291,3.23628357638231,0.0297250435678882
"488",0.00121184885061387,0.292779783745639,-0.0463017922105545,3.23628288996697,1.17202306778913
"489",0.0477909543519774,0.3455516452377,-0.0357759650112127,3.23629642172965,0.400645476554693
"490",0.0138747421819933,0.336294407157583,-0.0437102825210551,3.2362941527575,-0.488807308194399
"491",-0.0195222944552009,0.330785753401874,-0.04642321752541,3.23629233043492,-0.245302580936213
"492",-0.0083110698621167,0.317511944100189,-0.046580576693597,3.23629049864876,0.0589275208566293
"493",0.00181341791669544,0.302621912102752,-0.0465564568907756,3.23628889519014,0.479946070413105
"494",0.0205426474173732,0.300793870088141,-0.0457352324929482,3.23628796002501,-1.2091570273638
"495",-0.0458721220519274,0.345664042036325,-0.0549598765923759,3.23629723433114,-0.128655567253815
"496",-0.00571525450604028,0.330842161384451,-0.0485653761320135,3.23629474474214,1.0442415842841
"497",0.0426538905568555,0.367411019714313,-0.0408011210371144,3.23629942529889,-0.235478915718824
"498",-0.00986453663047227,0.351734070331058,-0.0452319233098031,3.23629664700861,0.831503934852016
"499",0.0323000911773362,0.364499871697257,-0.0438228697539059,3.23629616761952,-0.949451658374401
"500",-0.0394558866710127,0.389347887204466,-0.0498304109661685,3.2362975147252,-1.28676426544109
"501",-0.0485483391930952,0.443368392516931,-0.0553469368687395,3.23630458840811,0
"502",0.00156577511000851,0.421684068651913,-0.0486242909905171,3.23630111843796,0.129424080986095
"503",0.00158173654190274,0.401234888882671,-0.0470385010790679,3.23629810815159,0.68415318167166
"504",0.0299697685381439,0.407970903356312,-0.0450123286915956,3.23629666495034,-0.0790826454817791
"505",-0.00299844881443638,0.388273461293794,-0.0461872310324532,3.23629424463278,-0.0692486548917418
"506",-0.00070440713363262,0.369553042258991,-0.0464640070590031,3.23629214492519,-0.0692966418860302
"507",0.000816742922082266,0.351832642591393,-0.0465292152000605,3.23629032337027,-0.15857287762849
"508",-0.00634582232044627,0.336198906811032,-0.0465633282858465,3.23628874608831,-0.14889079131529
"509",-0.00619663792277266,0.321450374526251,-0.0465739730646118,3.23628737831474,-0.248645013477244
"510",-0.01116504503503,0.310061681695376,-0.0466814961841049,3.23628622610388,0.149261184982966
"511",0.0057534530859261,0.296325872469344,-0.0465670564621045,3.23628519054716,0.762719759137471
"512",0.0300264222295418,0.30905993871804,-0.0438923075342395,3.23628649579152,0.374274050615521
"513",0.014596089259567,0.301777460410167,-0.0455685318008097,3.2362855724546,0.00983042517380371
"514",0.000474617479642032,0.287696859871029,-0.0463179437933973,3.23628462157121,-0.374237190764792
"515",-0.0154076732716329,0.281209337068548,-0.0468609894186449,3.23628395332864,-0.395452813916254
"516",-0.0144443883096333,0.274768370933506,-0.0469772261588042,3.23628336689139,-0.16854215063945
"517",-0.00687958987440729,0.263709753690087,-0.0466947369934228,3.23628271759587,-0.0794123527935555
"518",-0.00516065113017107,0.252489673768825,-0.0466020028089094,3.23628214779023,-0.587621829312407
"519",-0.024390378824913,0.258563033835827,-0.0483795343787007,3.23628297728854,-0.0499575371333515
"520",-0.00224610056873568,0.247060271239821,-0.0469849010219218,3.23628237055319,-0.0699825072300897
"521",-0.00215931367984908,0.23602182348111,-0.0466535352489875,3.23628184392606,-0.290450401996538
"522",-0.0115744218798261,0.229371631831904,-0.0467882590791834,3.23628146366485,-0.361736728858825
"523",-0.0139482113804454,0.225151531895453,-0.0470273739922802,3.2362812461695,0.562137597530344
"524",0.0220903247507672,0.228605085952194,-0.0452110430054873,3.23628185087061,-0.270636159774298
"525",-0.0106069927279581,0.221160364418507,-0.0463648318707856,3.23628143281755,0.0602046977847756
"526",0.0018819446145704,0.211423376749432,-0.0465053890644417,3.23628103033944,-0.563325098980654
"527",-0.0221148315289293,0.216240951367398,-0.0482468107333625,3.23628190197563,0.171345100632083
"528",0.00684380865608403,0.207741146059651,-0.0469168103669936,3.23628144363335,-0.292471591670364
"529",-0.00993074638151724,0.201368645141629,-0.0467837593125867,3.23628108639952,-0.414959352583355
"530",-0.0182416236922521,0.202700101452396,-0.0477143609093092,3.23628141687121,0.30379770200767
"531",0.0127038761229325,0.198058533314208,-0.0465314149844777,3.23628113272438,0.0505433419908361
"532",0.00059266052400518,0.189529700041385,-0.0465449188581223,3.23628076998676,-0.252972560913889
"533",-0.00912713680316616,0.183827469730386,-0.0466901194939241,3.23628049950994,0.535544148671421
"534",0.0211639285683521,0.188585930441362,-0.0448107691408561,3.2362815028512,0.342052647384287
"535",0.0121177654130575,0.185393801928157,-0.045728362175484,3.23628127380622,0.110414063915007
"536",0.00485874483996179,0.178333570313111,-0.0463262685621875,3.23628089781685,-0.281294137661469
"537",-0.0105404249385346,0.173933631986345,-0.0467250199771163,3.2362806496151,-0.0301856419256326
"538",-0.000736802887093169,0.166699355938567,-0.046591134337491,3.23628035088103,0.291413560998653
"539",0.0120876895667323,0.164033019125293,-0.04615976361674,3.23628026765297,-0.140576386238926
"540",-0.00500324948848433,0.157885233150624,-0.0464791758274242,3.23628002312074,-0.201166835090345
"541",-0.00858968476909964,0.153710966782218,-0.0467004464344352,3.23627986263788,0.712318035712348
"542",0.0281943120382778,0.170037326616501,-0.041022953784828,3.23628556176415,0.0899325566484244
"543",0.00301500028847047,0.163465865918089,-0.0452305005492385,3.23628461460028,-1.07446934190136
"544",-0.0413474831077085,0.206075412322964,-0.0626800400402764,3.23630879391094,-0.262838808817738
"545",-0.0097328765881833,0.200824145504112,-0.0505964455359482,3.23630485733813,0.313305627955969
"546",0.0127000563185335,0.196515643064488,-0.0471818537636196,3.23630148374983,-0.313305627955969
"547",-0.0110082005172201,0.191239906958714,-0.046905180934969,3.23629849811577,0.313305627955969
"548",0.010516982138336,0.185992541881832,-0.0464431243808877,3.23629590034409,0.392769526532606
"549",0.0136711808018942,0.183829998901741,-0.0459843393994731,3.23629384427238,-0.130751841609968
"550",-0.00613973766429973,0.176938927201807,-0.0464507308682267,3.23629180434638,0.261332945996863
"551",0.0112488504613916,0.173021483494516,-0.046248233528269,3.23629013635568,-0.907538748805965
"552",-0.0367106895257861,0.203966885563325,-0.0567572204512729,3.23630194667236,0.212496917805351
"553",0.00872374679506894,0.196626774296848,-0.048891862319826,3.23629884230182,0.0505280188608855
"554",0.00296865755205012,0.188458068179353,-0.0470954050045972,3.23629613424918,-0.486126134569683
"555",-0.0197354307338132,0.191576579575902,-0.0481092965925377,3.23629474873156,-0.0101527996432193
"556",0.000188094102029608,0.183369966021818,-0.0469173280247039,3.23629258224498,0.131906061436902
"557",0.00475723988727208,0.176251148537309,-0.046614806717537,3.23629070630067,-0.345353314300164
"558",-0.0132013319936618,0.173769249643036,-0.0470267487063613,3.23628928887653,0.709726187076164
"559",0.0274193341807073,0.187503720700281,-0.0424947897703671,3.23629185610137,-0.0404203724177534
"560",-0.00253965393670763,0.179567240775378,-0.0455937081777162,3.23629007283712,-0.638785442072959
"561",-0.0246808243648935,0.189810815702894,-0.0494246842700988,3.23629122981773,-0.54056942283334
"562",-0.0200575342758354,0.194515897644086,-0.0489702957446452,3.23629078375061,-0.625803529915187
"563",-0.0248629521203915,0.205231699482365,-0.0501702755354054,3.23629178767459,0.277478211023931
"564",0.0105265633353834,0.198931572819843,-0.0472580641651841,3.23629005913151,-0.184899898594718
"565",-0.00634170280080844,0.191341410249703,-0.0467529454271129,3.23628852110462,-0.0411353358330372
"566",-0.00253088900663642,0.183361600734809,-0.046601373841376,3.23628717998128,-0.0308626101930169
"567",0.000445497358875957,0.175588007939301,-0.0465616388868678,3.23628601614246,0.071997946026054
"568",0.00355887365641272,0.16859794857142,-0.046542636194893,3.23628500770661,-0.123456805804095
"569",-0.00400202291819499,0.162043609525469,-0.0465606992581772,3.23628413344389,-0.2680137672762
"570",-0.0110900472770461,0.159077422042255,-0.0468902264329686,3.23628351408885,0.689196782428345
"571",0.0275006052327807,0.173854862285332,-0.0417845700728791,3.23628773912802,-0.390304521777262
"572",-0.0154834603554277,0.172607037679155,-0.046064906435847,3.23628683058241,0.215882890320722
"573",0.00810115098560449,0.167034775452584,-0.0463441318860929,3.23628573750405,1.11310825051559
"574",0.0438326403111813,0.216690199570308,-0.0269545888207489,3.23631625359695,0.597379390038095
"575",0.0218279936957427,0.22321857643811,-0.0399209804739054,3.23631275230335,-0.5060227374882
"576",-0.0178682022892713,0.221706462640814,-0.0457099135313249,3.23630858952249,-0.101512545515512
"577",-0.00352473417052027,0.212396012196988,-0.0463626028459886,3.23630459101604,-0.641909586071716
"578",-0.0234879547178237,0.219262048397317,-0.0485943184036972,3.23630271773845,0.255219371856387
"579",0.00879660850429858,0.211363819646273,-0.0469579228061347,3.23629951407963,0.0713448534568839
"580",0.00477611936132114,0.202849583553894,-0.0466243085358339,3.23629671987651,-0.520967519771075
"581",-0.0212874529570456,0.206948068833544,-0.0481613380831388,3.23629540610408,0.449622666314191
"582",0.0190050825997307,0.20748864620442,-0.0459415817465912,3.23629374101636,-0.326797676461606
"583",-0.0144959448441328,0.203906886822658,-0.0468325475578847,3.23629190002726,-0.358662064042098
"584",-0.0136753180918542,0.200917600395959,-0.0471028171358393,3.23629033983587,-0.308451817660161
"585",-0.0118705780194123,0.196667756247017,-0.0470087236482946,3.23628889313041,-0.0927213789192208
"586",-0.00429200725144832,0.188835568727903,-0.0466768652574628,3.23628750540989,-0.68259650703998
"587",-0.026354216391808,0.201176597054604,-0.0501047331788318,3.2362895071409,0.341880674878553
"588",0.0120651789141725,0.195977378553075,-0.0471572404890242,3.23628811962401,-0.321127328326948
"589",-0.0128332013103254,0.191958011570174,-0.0470302001276557,3.23628697181104,-0.353393985913417
"590",-0.0142643288423987,0.190048920264682,-0.0472565360647295,3.23628613399993,-0.187597762156728
"591",-0.0062287417281212,0.183251132266926,-0.0467747071330675,3.23628512231809,-0.302983045339694
"592",-0.0122185933370557,0.179986808555785,-0.0469851428429746,3.23628439718049,0.0523039919869073
"593",0.00278887764809333,0.172545067358936,-0.0466496574452918,3.23628360218819,0.677474059191783
"594",0.0264826307793746,0.185864688166051,-0.0425051094486553,3.23628679588481,-0.031167212345172
"595",-0.00163635533571386,0.177964060438181,-0.0455955840216827,3.23628568292882,-0.176797924477633
"596",-0.00617965465647777,0.17160695348655,-0.0463747038765649,3.23628472850382,-0.0833073046201609
"597",-0.0018346091584578,0.164583938907573,-0.0465101412324172,3.23628388956345,0.478071997629258
"598",0.0192797731255807,0.168516514675108,-0.0448945281348243,3.2362843235103,-0.885191929438255
"599",-0.0333225168912248,0.192306505489309,-0.0539003521463983,3.23629269642477,-0.356282468464122
"600",-0.0153967864027637,0.192146821861765,-0.0491400210782058,3.23629128857043,0.0419815287442046
"601",0.00246557600537909,0.18400029193621,-0.047159199601601,3.23628958053321,0.188699081047294
"602",0.00649341279011457,0.177449193262241,-0.0466369857712819,3.23628811156968,-0.0419023680968626
"603",0.000684575032365291,0.170014040381776,-0.0465698742676723,3.23628682432698,-0.293809235490378
"604",-0.0123678022584108,0.167370128084429,-0.0469699283607214,3.23628589315021,-0.147228967598161
"605",-0.00379134865618974,0.160979262476108,-0.0466662806539758,3.23628490254127,0.0736415792577529
"606",0.00349992180177575,0.154725527037484,-0.0465679205409135,3.23628404152503,-0.664734708338179
"607",-0.0256333600450475,0.167342114774602,-0.0507760594115903,3.23628737476237,0.612139114636377
"608",0.0234188837313194,0.174998394431784,-0.0449959712891044,3.23628826889574,0.241711010435318
"609",0.00912377283786483,0.170594984542103,-0.0459685093111812,3.23628703759761,0.606950377296552
"610",0.023400167985689,0.179878677050335,-0.0434614767818008,3.23628842391395,0.893234023721827
"611",0.0362170668399443,0.212300664697883,-0.0354134710280894,3.23630068480139,-0.155223293959571
"612",-0.00836548506910397,0.204374774629644,-0.0439760713667121,3.23629774388401,-0.363127441610289
"613",-0.0120151316005602,0.19989420134543,-0.0462580589781399,3.23629530912112,-0.531500391426466
"614",-0.0205941607003729,0.204108423542408,-0.0481024318201636,3.23629420790018,0.458716400690613
"615",0.0172871648236583,0.203101115151906,-0.0461631824676925,3.23629252238311,0.10396092006088
"616",0.00610110865546522,0.195601457546195,-0.0464055228977222,3.23629066266414,0.611179195701632
"617",0.0242282606486562,0.204540120391437,-0.043890103726975,3.23629120343166,0.710062154957625
"618",0.0279536786960307,0.219870934769065,-0.0418747473734444,3.23629336412948,-0.297817935145028
"619",-0.0134548693095493,0.21457211327262,-0.0457307309872494,3.23629149263108,-0.185299620654646
"620",-0.00528641205509135,0.206106123030087,-0.0463869664992733,3.23628976322537,-0.299262387319277
"621",-0.0114835055037349,0.201077955449131,-0.0467758538908074,3.23628835885895,0.659252490666287
"622",0.0251889277755115,0.210110386661239,-0.043999376315655,3.23628918072653,0.338236370225494
"623",0.0151467548940463,0.208455940727418,-0.0452717375599494,3.23628810681524,-0.0818917028056351
"624",-0.00351876207826236,0.199584483395177,-0.046252127516497,3.23628682058595,0.143266500149577
"625",0.00723372560609453,0.192400381270951,-0.0464171521095034,3.23628571907183,0.0306732787027343
"626",-0.000417486500005827,0.184140247097252,-0.0465181988087519,3.23628474876269,-0.245650072351996
"627",-0.00884575130305311,0.17860032786667,-0.0466786027769056,3.23628394905406,0.12290046610459
"628",0.00379427981275682,0.171422806537093,-0.0465714459385947,3.23628321424665,-0.873816919573212
"629",-0.034662197664245,0.198847090585607,-0.0555357269838752,3.23629374035837,0.924980901247027
"630",0.0360488600139132,0.225157224854365,-0.0413695955352213,3.23630017523968,-0.204813179635494
"631",-0.00759139380787653,0.216251276485886,-0.0453619412877134,3.2362972965328,0.255950997165138
"632",0.00859335368668566,0.208711336277787,-0.0461813083561865,3.23629481594812,0.265495918231559
"633",0.0120163113263482,0.20400600387322,-0.0461560168366174,3.23629276417525,-0.634273226150028
"634",-0.0280596009496933,0.217208573410002,-0.0499899088813052,3.23629407900052,0.562862868614016
"635",0.0241479345449878,0.223033086821452,-0.0454857726010953,3.23629338402052,-0.655270082951837
"636",-0.0265096816598106,0.232093508195983,-0.0487573490635634,3.23629338305602,0.645064439222002
"637",0.0246853021276543,0.237932069843482,-0.0452368922361186,3.23629273930298,-0.368098575142736
"638",-0.0129245205738726,0.23138324940593,-0.0464681697833562,3.23629092247309,-0.771251702070784
"639",-0.0317992704113574,0.251320415344223,-0.0512273777810991,3.23629396735926,1.07809453257224
"640",0.0445208785369173,0.294242097861705,-0.0376803419829951,3.23630474141433,0.275355841718292
"641",0.00849218417831956,0.283574483365362,-0.0443533574334334,3.23630128052304,-0.254933090702746
"642",-0.00814148190654909,0.272205040739607,-0.0460803345877934,3.23629825944445,0.0102098116378433
"643",0.000886025284446021,0.259684089308949,-0.0464387400587488,3.23629562788585,-0.789221541279287
"644",-0.0341707126968029,0.281634565625645,-0.0511838777604094,3.23629800067778,0.174780284045179
"645",0.00791822656584776,0.269855259449238,-0.0476129057555211,3.23629540885573,0.542950675626219
"646",0.0222429992918564,0.272209940406383,-0.045531327695027,3.23629397646848,0.986131104215504
"647",0.038157526157305,0.303880183389737,-0.0398182535185345,3.23629915362394,-0.222807465072385
"648",-0.0074940727611958,0.290698892853189,-0.0449818133330614,3.23629640685046,-0.457294633599567
"649",-0.0170946908640394,0.285952508274551,-0.0466997956089787,3.23629427086313,-1.20915501265236
"650",-0.0443621922721373,0.331528952979565,-0.0558449872503344,3.23630379708027,-0.682737730130803
"651",-0.0274675805366866,0.340577802743329,-0.0507656297457832,3.23630196295516,-0.478619163589117
"652",-0.0205337917223385,0.3379411568463,-0.0483311715163137,3.23629927561184,0.208376820554449
"653",0.00437670348028513,0.322264010569517,-0.0469660252709393,3.2362965097684,0.207943514314311
"654",0.00912186438043446,0.309561625273871,-0.0465796203925631,3.2362941266014,0.311106753052463
"655",0.0108511273726513,0.29867828369492,-0.0464297380259393,3.23629208061761,-0.737857335649061
"656",-0.0295622228730052,0.309364210405291,-0.0488707050701489,3.23629213558618,0.302036369799225
"657",0.0134769508992479,0.299248058217807,-0.0469284782595506,3.23629037087858,0.704666128296032
"658",0.0277341222846695,0.308448195166456,-0.0445004900101244,3.23629043184254,-0.320629120933399
"659",-0.0126451802720084,0.297854527548984,-0.0462058758515079,3.23628888058268,-0.686073377161858
"660",-0.0268276992635909,0.305614646985427,-0.0484141123535278,3.23628894418229,0.145924562062715
"661",0.00625166342921021,0.292081314024467,-0.0469762827912816,3.23628754844505,-0.679314939249273
"662",-0.0271383435921402,0.29947290693076,-0.0485605390603982,3.23628775350766,0.575104842282009
"663",0.020894491802838,0.29689352796636,-0.0462859789631761,3.23628691235352,-0.953336013931893
"664",-0.0369700294568756,0.320961574521973,-0.0510153136374155,3.23629026402237,-0.242398811843729
"665",-0.00997757326298223,0.309612050350565,-0.0477299306216243,3.2362887299138,-0.412371718386207
"666",-0.0139567851349927,0.301053920367434,-0.0470936661728535,3.23628746298268,0.465117117573089
"667",0.0164525126819154,0.294320309808395,-0.0463000859197037,3.23628642491485,-0.105518633827673
"668",-0.00151143865470502,0.280628619916715,-0.0464906513791235,3.23628536110269,-0.359598483745416
"669",-0.0158548875782313,0.274996210922437,-0.0469558985386102,3.23628462653772,0.591592682493057
"670",0.0257584774152787,0.280650034454344,-0.0449376090291497,3.23628502163594,-0.0526787137504869
"671",-0.00361129218970275,0.267864231506509,-0.0461710828008561,3.23628414385195,0.661732365862488
"672",0.0261703728559682,0.275224120691531,-0.0444879281575464,3.23628486136765,0.156912004578393
"673",0.0065028519923683,0.264177284313878,-0.0460173526975139,3.23628401449116,0.469264117819228
"674",0.0167713647172115,0.260488135812392,-0.0458602663773376,3.23628354843446,0.0624024981248354
"675",0.00370990266617492,0.249138276266724,-0.0463771389306266,3.23628286691447,1.95620363383847
"676",0.0756015353789057,0.404322706018043,0.00767998583225265,3.23640490917684,0.0815328214754753
"677",0.00427481999754278,0.386245117019565,-0.0337364923917917,3.23638815338858,1.15467706484709
"678",0.0448778365239696,0.42648920486271,-0.0376236480351201,3.23637999472602,-1.2770012391215
"679",-0.0492523300662526,0.471148947592727,-0.0504073265330135,3.2363730024076,1.39777420066146
"680",0.0540658862715943,0.526837913177988,-0.0406657422777286,3.23636816426859,-0.949981879032844
"681",-0.0334877178272107,0.529232598813544,-0.0464130607491232,3.23635707869654,0.223146456323781
"682",0.00300271268557324,0.503033927809289,-0.0465170393392044,3.23634665523319,-0.711746776886399
"683",-0.0236324861811243,0.494198062172089,-0.0471068172853714,3.23633789196101,0.203873668984829
"684",0.00429115277961393,0.470119365934032,-0.0466791567655978,3.23633001031978,-0.163065670050831
"685",-0.00213265146909979,0.447112475580193,-0.0465803567794213,3.23632317267061,0.994629127336509
"686",0.035225339892466,0.461057024419396,-0.0443060037902916,3.23631900476087,-0.0201999798687045
"687",0.000757957666051231,0.438555861459165,-0.0460197986568183,3.23631362504866,-0.0101015202873905
"688",-0.00107983952532905,0.417157681999758,-0.0464245443408961,3.23630895797701,-0.171882151411209
"689",-0.00380799415996428,0.397302489503765,-0.046523226737011,3.23630490945281,-0.0809880586887038
"690",-0.00359679995081451,0.378486603252649,-0.0465464711013617,3.23630139724167,0.0809880586887038
"691",0.0034710230220428,0.360591921580892,-0.0465462395751464,3.23629835021056,-0.67012130149479
"692",-0.0263108131254265,0.363211863449255,-0.0478327220579836,3.23629654131423,-0.490197060020679
"693",-0.0193187180279965,0.357829610734591,-0.0474490629911979,3.23629443799226,0.163666157646772
"694",0.00656785667083493,0.341697831396783,-0.0467473677293318,3.23629231472701,-0.0511169054733217
"695",-0.00229244378412584,0.325569778860101,-0.0465967337617788,3.23629047071138,-0.194482890513696
"696",-0.0082534867117944,0.312204303090538,-0.0466090298718019,3.2362888815135,0.988946225830084
"697",0.0388983675075369,0.340709335436559,-0.0414617053129656,3.23629274469541,0.445389945707564
"698",0.0162387470997303,0.333670788486624,-0.0449123758078278,3.23629104206,0.0100994798853697
"699",0.000802066802715157,0.317912138557169,-0.0461630570063863,3.23628936661223,-0.577304484814237
"700",-0.0224453763388893,0.317513480489592,-0.04743228336944,3.23628849052047,0.456043354353183
"701",0.0186936083841915,0.311766090993078,-0.0462677791427339,3.23628738399687,0.795613240594619
"702",0.0324902792473065,0.329146865912172,-0.0432165832099415,3.23628909152916,-0.452421221101241
"703",-0.0168737548414067,0.320630764875217,-0.0460750191871626,3.23628780084136,-0.626707802762019
"704",-0.0247060936514044,0.324182245519766,-0.0478316980946369,3.23628748621692,0.42497281403059
"705",0.0179147697325966,0.317203137486199,-0.0464430641164449,3.23628646323048,-0.688959158829407
"706",-0.0273505950338501,0.32286969619769,-0.0481666143946061,3.23628655313534,-0.591416019749235
"707",-0.0250621698226483,0.327447652477463,-0.0484395001429173,3.2362865071646,1.25007979839238
"708",0.0481971667102537,0.376642616505694,-0.0382860518860572,3.23629614847638,0.191715915640384
"709",0.00561003978714346,0.360157251481103,-0.0445721721452258,3.23629380172084,1.5801908961625
"710",0.0639022214202396,0.462224095439945,-0.0271700305558712,3.23632189649289,2.00399633749065
"711",0.0781525265741058,0.628300460733963,-0.0160874181123753,3.23636194163299,-0.0194533606293842
"712",-0.00388400735256528,0.596738225084321,-0.0393649447937116,3.23635087395968,-0.262991433906479
"713",-0.00668049712244419,0.56819983931846,-0.0448656646751258,3.23634127385965,-0.557485917408521
"714",-0.0210624825420612,0.553028047272234,-0.0465033220943835,3.23633309218716,1.32503887197249
"715",0.0515803657669042,0.600217373835582,-0.041609430332246,3.23633086302691,0.232018665569732
"716",0.0131296189139818,0.576800474239099,-0.0452682860762285,3.23632394623975,1.39044288345651
"717",0.0549110788079222,0.637111659580829,-0.0402205734390397,3.23632447089329,0.43709685706208
"718",0.0174864668098676,0.616251240769734,-0.0448257406578241,3.23631845181036,-0.199307236288995
"719",-0.0109876525659117,0.58839351632103,-0.0461779039784078,3.23631315218323,-1.10815043047098
"720",-0.0401987303495434,0.606845191655167,-0.0487658779799928,3.23631036775159,-0.30787016813295
"721",-0.0139029877778361,0.583364267411892,-0.047193807224192,3.23630616823238,0.173293583369596
"722",0.0060395654210365,0.555062596462101,-0.0466956011988141,3.23630248959866,-1.19993698316386
"723",-0.045887231997522,0.587866407360135,-0.0501507719084332,3.23630255695089,0.155642054765826
"724",0.00478453223439059,0.558706452732824,-0.0473978584298469,3.23629935614526,-1.09461608974971
"725",-0.0446703256735412,0.58826153065476,-0.0500173983517582,3.23629947949395,0.30417528235949
"726",0.0121335004647906,0.561949009169939,-0.0473288693747298,3.23629669407301,-1.08354093991773
"727",-0.0402941427848311,0.579921155662474,-0.0490568825214982,3.23629611050033,1.32817142543576
"728",0.050030182968495,0.619038080961772,-0.0431478672975706,3.23629755200341,-0.784933386445504
"729",-0.0287797018787354,0.608818931160527,-0.0463610935893535,3.23629532623024,0.432475610178243
"730",0.0149467722760764,0.583819588634887,-0.0464188651974425,3.23629310598188,-0.314342105595145
"731",-0.0100411281586793,0.557211498659242,-0.0465479799145293,3.23629116253419,-0.919205879190995
"732",-0.037882507974109,0.571943415265273,-0.0486394809323412,3.23629106962547,-0.328211543326572
"733",-0.0101259307579198,0.547289260671126,-0.0470984595221021,3.23628940336822,1.2572555847568
"734",0.0462909071318307,0.581155428110764,-0.0429771399690194,3.23629136959372,-1.21741494677962
"735",-0.0464034306894728,0.609780767429016,-0.0488091222399199,3.23629235659945,-1.35347196216205
"736",-0.0544355384419263,0.671016006626706,-0.0528794724526351,3.23629673504961,0.121053177296348
"737",0.0073438686452245,0.637936193690041,-0.0480383512945824,3.23629430580847,0.77329032088493
"738",0.0277261640590121,0.628610398574973,-0.0462315325318707,3.23629254793472,2.02027073175194
"739",0.0836458443016807,0.805337285101883,-0.0275481735357178,3.2363208368822,-0.57025029173981
"740",-0.0226960511498801,0.775221168376846,-0.0422249535455347,3.23631526509708,-0.682664041228316
"741",-0.0232335475946489,0.752665025270415,-0.0458483810993044,3.23631051106934,1.1450130031604
"742",0.0506988833502547,0.786353633473106,-0.0434536232143946,3.23630876441002,-0.570867692060797
"743",-0.0239868870712709,0.76035722111281,-0.046055953658948,3.23630482880329,-0.39560925891484
"744",-0.0180739068563274,0.732201393409361,-0.0465937861152318,3.23630137927096,1.33873443414838
"745",0.0504887578831913,0.766962481446945,-0.0435071456824558,3.23630098281511,-0.519583542330232
"746",-0.0235210440601411,0.741425423002227,-0.0460625918247192,3.23629807511308,-0.492660371769577
"747",-0.0186548477069261,0.714912526332219,-0.0466168145442297,3.23629552976375,0.384483147275179
"748",0.015030209656962,0.684629163992477,-0.0464903061994366,3.236293278721,0.480982522360813
"749",0.0159991124676526,0.658018517216806,-0.0464105048753666,3.2362913443258,0.234741891830494
"750",0.0126856950895651,0.629989735142982,-0.0464480865072718,3.23628964560358,0.545597612195519
"751",0.021129930979637,0.611889766280002,-0.0462118093358717,3.23628828260401,-0.223724620333974
"752",-0.010355731378592,0.5838195880815,-0.0464977784342164,3.23628697778564,1.08475639949505
"753",0.043860900827725,0.609408191040798,-0.0436851169003402,3.23628825964621,-0.0192678227956385
"754",-0.00016065406052489,0.578907871227774,-0.0458737239128224,3.23628695278547,0.930239266231356
"755",0.0352190925195237,0.585946411795898,-0.0448530812648007,3.23628687979643,-0.0763941977566164
"756",-0.00156072695703103,0.556631651160137,-0.0461493123111921,3.23628575572363,0.19087617934993
"757",0.00641870678499367,0.530057065619924,-0.0464454348342904,3.23628478177824,-1.26656845721074
"758",-0.0474882952280968,0.568473748693498,-0.0507595629977556,3.23628803293125,-0.51309469263603
"759",-0.0223117764662563,0.557049857822547,-0.0480534285388695,3.23628700046824,-1.06358030450809
"760",-0.0413801275844888,0.581087946655085,-0.0497178016609989,3.23628823598701,-0.521269928799076
"761",-0.0242293178751218,0.57142483072314,-0.0479014642540601,3.23628723814127,0.393662549519939
"762",0.0147720046302357,0.548429091661698,-0.0467734955796411,3.23628609244086,-0.0982704481599629
"763",-0.00558506253211327,0.521847627991953,-0.0466070301211969,3.23628507315337,-0.720314920673507
"764",-0.0266735928969503,0.516945840950543,-0.0473629236256531,3.23628463250936,-0.0297132671923104
"765",0.000436037363684308,0.491332542152577,-0.0467412681520928,3.23628380613957,1.24041755821383
"766",0.0505239856253329,0.541196360211555,-0.0407824089733474,3.23628933893303,-0.352837766817011
"767",-0.0129024309271175,0.517735207447245,-0.0452399633748917,3.23628790032123,0.753170284100395
"768",0.0287477311656141,0.515211425695417,-0.0453030400732065,3.23628718980709,0.747540008478304
"769",0.027932033617015,0.51418282404312,-0.0452265488891984,3.23628664585645,0.530556398169412
"770",0.0188263653078191,0.500222477309396,-0.0459048905912218,3.23628569053647,-0.433881990021429
"771",-0.0139968213113422,0.480593556972884,-0.0464995212136037,3.23628475256109,0.289463729711607
"772",0.0101822394580525,0.459606938136476,-0.0464960228408134,3.23628391890868,0
"773",0.000341985899764577,0.437066461190653,-0.0465367797600214,3.2362831870713,-0.734941902022101
"774",-0.0309510602808281,0.443487934406447,-0.0481353727015373,3.23628366106374,-0.359765082481959
"775",-0.0150744750292202,0.429492237466205,-0.0471503217822796,3.23628304613914,-0.546983196153729
"776",-0.0224653579810883,0.42397197570282,-0.0473663114873774,3.23628278416671,-0.117600954361006
"777",-0.00495516067861733,0.404310421655182,-0.0467532237354414,3.23628220414324,0.0294132067417824
"778",3.15019943652307e-05,0.384713175038412,-0.0465974611547285,3.23628169946415,-0.117704770823366
"779",-0.00552479877377997,0.367048887472623,-0.0465716745443124,3.2362812630952,0.538346134513059
"780",0.0223285702984841,0.363631128013983,-0.0458008321831307,3.23628129336232,-0.352044173484479
"781",-0.0147180028145421,0.351769025308333,-0.0465603778876345,3.23628097353443,-0.117624008856492
"782",-0.00376028722223537,0.335527943999261,-0.0465580433021004,3.23628063253818,0
"783",0.00107900457558986,0.31963502421448,-0.0465513630892869,3.23628033605449,-0.847045348148912
"784",-0.0338414735106532,0.337714164468344,-0.0498627509307277,3.23628303240381,0.168009131776793
"785",0.00662739431047465,0.322494130234487,-0.0473190817953242,3.23628241960288,0.698649828281615
"786",0.0268855133546075,0.328654309962036,-0.0450374299307077,3.2362830935773,0.723012431464122
"787",0.0281262289181932,0.337811395097302,-0.0441479624386381,3.23628402325926,-0.351082865006281
"788",-0.0124563950514717,0.325511050563853,-0.0460985693885115,3.23628331126023,-0.646870823707395
"789",-0.0242642284681305,0.327906840405764,-0.0477092513134306,3.23628347913834,0.216088876933914
"790",0.0112364555589972,0.315465589470311,-0.0467331109274482,3.2362828296177,-0.0883435640279272
"791",-0.00319407327206148,0.300840805061955,-0.0465945437484442,3.2362822422142,0.411603873933705
"792",0.0137887245510488,0.292195411422748,-0.0463203478683071,3.23628182153424,-0.431246380380673
"793",-0.016612156080338,0.286089974191526,-0.046902854024072,3.23628154821028,-0.295101532276476
"794",-0.0110480784768671,0.276788601683261,-0.0467950231733784,3.23628118335695,-0.335504557854054
"795",-0.0112759281643566,0.267991376178664,-0.0467782590149622,3.23628087063958,-0.0296574565962018
"796",-0.00225957233416435,0.255898361034063,-0.0466055698674289,3.23628054278412,0.158071560280055
"797",0.0058997651553922,0.245220349348714,-0.0465391320965161,3.2362802622154,-0.53449597702281
"798",-0.0213683498126976,0.247097088491335,-0.0477527336435827,3.23628078230027,0.247807035668331
"799",0.0104938124972757,0.238615271090735,-0.0467195606659286,3.23628049889242,-0.585813123453339
"800",-0.0236024494716233,0.24348710037337,-0.0482486244586889,3.23628139473633,-0.249264798288654
"801",-0.00998852460329908,0.235949699050657,-0.0471179361398718,3.23628105262523,-0.0699056302498089
"802",-0.00229200641994879,0.2255681171374,-0.0466860935305505,3.23628070070565,0.129785871560004
"803",0.00385957363190512,0.215945286140034,-0.046573875315224,3.2362803961078,0.059844406334201
"804",0.00375144735306253,0.20686693255022,-0.0465459761087663,3.23628013209345,-0.399640855605847
"805",-0.0164580706160402,0.205551800369088,-0.0472636883224862,3.23628028434254,0.0300285273263849
"806",0.00249859666113585,0.196687165027405,-0.0467167954318032,3.23628003404804,-0.612359490205504
"807",-0.0243614166933162,0.205279044478473,-0.0491278754016266,3.23628188835288,0.251420658412413
"808",0.00936031986635941,0.198379016055249,-0.0470585478300103,3.23628145288729,-0.110547219941004
"809",-0.00359641597296361,0.190101077250862,-0.0466753808691407,3.23628104836758,0.160755585709303
"810",0.00521909492945097,0.18271164484364,-0.0465546065438111,3.23628070105096,-0.100441953000356
"811",-0.0029292291694375,0.175184728090475,-0.0465546320134066,3.23628039587133,0.72094034097041
"812",0.0280468695979716,0.190482975077832,-0.0419424086876093,3.23628471685273,-0.289753912071592
"813",-0.0106926318857189,0.184994789444339,-0.0456274482768588,3.23628393326568,-0.0400320261551074
"814",-0.00220819568560489,0.177330677586879,-0.0463354819223156,3.23628319984815,0.0200180162814379
"815",0.00214089915841768,0.169998714077551,-0.0464971364341857,3.23628256339686,-0.280617542334259
"816",-0.0123272963192368,0.167285978279443,-0.0469430395708233,3.23628219090464,-0.0501932450431447
"817",-0.00184139007869213,0.160525806245177,-0.0466450768387199,3.23628168822071,-0.211087176937364
"818",-0.00961989370621666,0.156696118948484,-0.0467914430843964,3.23628133106732,0.291384280519035
"819",0.0115352862254724,0.153958106683214,-0.046259229381904,3.23628108801197,0.340545200905978
"820",0.0138338830404752,0.153676246152052,-0.0457325519579834,3.23628113755137,-0.240264406300886
"821",-0.00990655383346897,0.150031536485382,-0.046568051858556,3.23628084944013,0.210262906000851
"822",0.00924457326929812,0.146313300330731,-0.0463684740697117,3.2362805874062,-0.080048033091649
"823",-0.00401354038116778,0.140905098421792,-0.046520199546257,3.23628029881867,-0.441413236791531
"824",-0.0172950026318416,0.144237288144768,-0.0481008007442211,3.23628112698602,-0.514088123801774
"825",-0.0203859470949466,0.151427850347651,-0.0495607459193706,3.23628295311141,-0.364483546162481
"826",-0.0150722987588705,0.152668853449378,-0.048311711259356,3.23628298915874,0.313940204171645
"827",0.0120704561760414,0.150357339181072,-0.046571856108067,3.23628255274578,0.564631465792611
"828",0.0226739157972551,0.159892652005357,-0.0432563736628663,3.23628493811804,0.651402814479991
"829",0.0254694794210115,0.173530989710125,-0.041331420436976,3.23628843725175,-0.320160353517126
"830",-0.0130183673789398,0.170471567709306,-0.0456911579422246,3.23628726710807,-0.703944982541319
"831",-0.0257378857419321,0.183375493681399,-0.0503308888022395,3.23628986873871,0.0201816347809091
"832",0.00251995562850982,0.175663869690881,-0.0474405732364381,3.23628834875017,0.121004350753303
"833",0.0048616156457947,0.169012598308224,-0.0467338674608826,3.23628703461882,-0.393800680574083
"834",-0.0136504924728151,0.167259856563034,-0.0471370333203095,3.23628615570873,0.444175977594252
"835",0.0162160308037803,0.167478620524494,-0.0458140639445773,3.23628562724193,-0.0806126605524684
"836",-0.00459791543769214,0.161006733371084,-0.0463900275435568,3.23628467112861,-0.0100811532924724
"837",0.000318177619260936,0.154426217610077,-0.0465118004095883,3.23628383964273,-0.505357857398657
"838",-0.0191559146486675,0.158830604444566,-0.0483329850836151,3.23628442047827,0.495275687707202
"839",0.0190694179101345,0.162102141329917,-0.0454644607387513,3.23628465418743,0.0302434600823262
"840",0.00219768761515656,0.155714243054023,-0.0462874336645577,3.23628382560833,0.703096508311613
"841",0.0274345018457172,0.171392463348414,-0.0412279310108232,3.23628857645439,-0.100140204643218
"842",-0.00316355635297639,0.164382180523249,-0.0452963075850705,3.23628722777116,-0.744170771355613
"843",-0.029123635262882,0.182441359460741,-0.0520744341808324,3.23629231927501,0.463243527303324
"844",0.0202496514050287,0.185306750277804,-0.0464644932370092,3.23629140055083,0.300963309036165
"845",0.010774250356663,0.181308823163201,-0.0462284279364815,3.23628979820946,-0.140336831372119
"846",-0.00394659788558585,0.174001903703182,-0.0464824767555935,3.23628828861303,0.100260686160856
"847",0.00333114504309623,0.167018326298596,-0.0465267594496448,3.23628697868868,-0.714037327506235
"848",-0.0302128375387962,0.18637295493921,-0.0527278251123828,3.23629262948186,0
"849",0.00119282804547382,0.178434775844834,-0.0480065711956558,3.23629074373604,0.553571943560603
"850",0.0209923933063094,0.183764984929431,-0.0449773086430719,3.23629053074294,-0.30156838295003
"851",-0.0122649931117421,0.179764739081423,-0.0464734144333878,3.23628904036107,0.401889418651199
"852",0.0160315150120236,0.179196524768302,-0.0457665037425389,3.23628804847154,0.0200521356196346
"853",-0.00063803545048267,0.171642291375706,-0.0463647428903816,3.23628676958188,0.689347851941133
"854",0.0261808567532226,0.184342604598965,-0.0426042490995004,3.23628933341165,-0.0497933585949001
"855",-0.000380505386231054,0.176525175363972,-0.0456188719065228,3.23628788430443,-0.930704741684269
"856",-0.0375291596218675,0.210013090175256,-0.0573932841775806,3.2363013701027,0.49145076598166
"857",0.0209465584557824,0.211814431406659,-0.0479170550119142,3.23629908051519,0.0400120041348896
"858",0.000539181778754713,0.202568843476399,-0.0468715497880745,3.23629634020496,-0.924351000281912
"859",-0.0348059613638492,0.228872597998692,-0.0537832154794533,3.23630221271445,0.0504566335948075
"860",0.00144849948872618,0.21866085183462,-0.0482554850323905,3.23629905745747,0.452967707910599
"861",0.0151481754648511,0.215703420276243,-0.0464187110968768,3.23629657866844,-0.402536520195923
"862",-0.0148715232688828,0.212110636963441,-0.0469689957681266,3.23629437625789,-0.0706107862091443
"863",-0.00362460264690649,0.203309244926749,-0.0466601768484548,3.23629226072429,-0.384188117886465
"864",-0.0144266670142963,0.20062356395233,-0.0470985284279206,3.23629067583848,-0.416180877824476
"865",-0.0152060582473922,0.199140739238213,-0.0473558508316367,3.23628940437169,0.223531895555025
"866",0.00856009535305916,0.19235962199368,-0.0466514726382534,3.23628796931364,-0.488351769202782
"867",-0.0198495782176148,0.195149966342585,-0.0479390741920588,3.23628760699915,0.670870578744126
"868",0.026420224891392,0.205819753422421,-0.0438449613565405,3.23628901126493,-0.121642184284661
"869",-0.00489185091681781,0.19727246455532,-0.0459210635133086,3.23628760603806,0.0709759218642256
"870",0.00273917575895315,0.188939423969801,-0.0463982709550408,3.23628638600865,0.212626010344939
"871",0.00954470406662303,0.183567148180349,-0.0463439752678806,3.2362853835679,0.685417460116374
"872",0.0248702279761309,0.194270491980304,-0.0433292770630856,3.23628724457767,-0.251445945907845
"873",-0.00833587633282652,0.187481686766718,-0.0458621251391147,3.2362860901621,0.582389436044559
"874",0.0219062942403136,0.192995802002766,-0.0444679774209993,3.23628649716792,0.369760077510602
"875",0.0143156848962276,0.191385016015944,-0.0454194348206867,3.23628575297399,-0.0199521149903687
"876",-0.00142265877071631,0.183200201234697,-0.0462830048986244,3.23628477817723,-0.149767887811921
"877",-0.0053540780635258,0.176280961269889,-0.0465178671527137,3.23628393841146,0.249488677886587
"878",0.00906988351647919,0.171160356520618,-0.046396256721075,3.23628324983906,0.348241732959356
"879",0.0142479659003584,0.170224205562612,-0.0458313083484142,3.23628296562369,0.554676540980823
"880",0.0225264572684561,0.178613394929044,-0.043663901951907,3.23628462645837,0.708664383099148
"881",0.0279908222927265,0.195281667754456,-0.0409241163959865,3.23628883888667,0.244894083307014
"882",0.00892003841174239,0.189778886148298,-0.045042021082079,3.23628751635985,-0.460898094636586
"883",-0.0181221452712724,0.190823154496242,-0.0472466294605261,3.2362869484392,0.363012417282746
"884",0.0148907374447239,0.188481027152814,-0.0461835042214143,3.2362860719928,0.361699402103224
"885",0.0141943557502197,0.18676716128102,-0.045851505067181,3.23628536539655,0.165748587646381
"886",0.00753529754131336,0.180707887632613,-0.0462830009343073,3.23628447036267,0.272400207352559
"887",0.0118894019692795,0.177380853726187,-0.0461214002865448,3.23628382156323,-0.535776450903091
"888",-0.0224995775034621,0.184009747927143,-0.0486684059097013,3.23628483454336,-0.156402768930373
"889",-0.00499487856404514,0.177200328086259,-0.0470890388437417,3.23628398955859,0.750454279757691
"890",0.029179471873022,0.194127351600652,-0.0416157359713997,3.23628844482818,0.329585408855324
"891",0.012836066348313,0.191445667883521,-0.0448904187375504,3.23628734783828,0.703990563589377
"892",0.0289901172698277,0.208476037507692,-0.0414092665275055,3.23629093543786,-0.086525987227852
"893",-0.00422017364175915,0.199631114982865,-0.0453418613009531,3.23628927458628,-0.19254843726918
"894",-0.00600998661550251,0.192090184861642,-0.0463055313438812,3.2362878417092,-0.948883959235646
"895",-0.0358049634565553,0.221535490438893,-0.0551136091560282,3.23629716311568,-0.0291899783147753
"896",-0.00271020573858651,0.212207339552195,-0.0485796176293739,3.23629467814026,-0.12658845840599
"897",-0.00589849798034142,0.203933235544761,-0.0470625583651178,3.23629252768017,0.534474815888091
"898",0.0181184949984029,0.204339090893742,-0.045706895305912,3.23629122455746,-0.573457371688248
"899",-0.0214053006871571,0.207866111620621,-0.047838384265751,3.23629054060097,0.3891434038089
"900",0.0154297609731169,0.204954630575153,-0.0463452680800187,3.23628917406646,-0.662447624686192
"901",-0.0258468745575849,0.21450932805111,-0.0491886787525643,3.23628998059157,-0.136932728751615
"902",-0.0062268436011521,0.206587057795035,-0.0472311075924622,3.23628845956211,0.205328842610489
"903",0.00891329978440376,0.199747998862728,-0.046602589826901,3.23628715681362,-0.558304991033287
"904",-0.0236484266660432,0.206844908966748,-0.0487585242616262,3.23628770369879,0.019642506446968
"905",0.00164395229036591,0.197826349884368,-0.0470703506342946,3.23628647048333,1.05500636644262
"906",0.0402746477280902,0.236490970790946,-0.0351051168375234,3.23630104540667,-0.457755851667576
"907",-0.0185479525018208,0.234225549877491,-0.0445089014662099,3.23629838750501,0.438319505639432
"908",0.0174852522886923,0.231875391146158,-0.0454244669470874,3.23629607134976,-0.448081793927557
"909",-0.0187208607888113,0.230940436443637,-0.0470986609567135,3.23629418462474,0.0585594395028279
"910",0.00263199057749631,0.220722345362717,-0.046677977593652,3.23629209292206,0.86462869244218
"911",0.0367315768465682,0.250314971696034,-0.0391069954914539,3.23629901546744,-1.67776077491369
"912",-0.0674057433863475,0.365213585678052,-0.0803311267311674,3.23636615677948,0.0295057784289593
"913",0.00212130574419861,0.347715211723682,-0.0545168225369502,3.23635453071664,-0.463260401711407
"914",-0.0191567726289144,0.341700996915145,-0.0489532321181532,3.23634469789396,0.0987459347542649
"915",0.00206042875679212,0.325502353420697,-0.0471161589767373,3.23633591454091,0.0887880490430407
"916",0.00781287976366489,0.311928613988628,-0.0466419931051304,3.23632830320462,0.521269928799076
"917",0.0170541752610527,0.306018179899607,-0.0461055476820205,3.23632190755099,-0.0294334071293603
"918",-0.000376392256269057,0.291681363922499,-0.0464447041416691,3.23631614327724,0.333072408230896
"919",0.0131500298853764,0.283115314252751,-0.0463016343131115,3.23631122351292,-0.284021541499634
"920",-0.0110818844496803,0.273240690171164,-0.0466123669219308,3.23630691053115,-0.0784929396658567
"921",-0.00331359052544438,0.261062673449435,-0.0465699566083086,3.23630313355575,-0.422958383943248
"922",-0.016230744072145,0.256895240401633,-0.0470632900373157,3.23630009939436,0.0492732210018219
"923",0.000489855001556817,0.245184684142404,-0.0466705904376918,3.23629722409337,-0.305886074017334
"924",-0.0108931760377132,0.237530923557063,-0.0467421803671741,3.2362947834665,-0.158243530202772
"925",-0.00751288646717761,0.228685083136046,-0.0466619039802781,3.23629262866746,-0.287456212213634
"926",-0.0106571352539684,0.221963382295833,-0.0467621646293654,3.23629080663629,0.495099535941875
"927",0.0190841592882003,0.222230831315389,-0.0456352682836137,3.23628973211762,0.620355492505166
"928",0.0249073309701007,0.231473086770126,-0.0438344293556445,3.23629025868474,0.352768616694775
"929",0.0134731286018959,0.227180669633475,-0.0454889769340644,3.23628887515985,-0.657541993244494
"930",-0.0256621492186227,0.235388432502879,-0.0485727212358354,3.2362892745241,-0.543023499538494
"931",-0.0200140391752492,0.2376489721012,-0.0482876445309329,3.2362886480086,-0.665510278498582
"932",-0.0249979970877932,0.246256107538966,-0.0492532428487228,3.2362890989438,-0.16956764324341
"933",-0.00863802465761706,0.23779857958762,-0.047299999255532,3.23628771353238,0.139664827172101
"934",0.00343557290431929,0.227387338798808,-0.0467224472096988,3.23628647938886,0.258861156099519
"935",0.00968535125147202,0.220052967366057,-0.0464547853791208,3.23628544994662,0.158966749820076
"936",0.00618555333514351,0.211563608834011,-0.0464845653348842,3.23628452416145,-0.597432823487834
"937",-0.02449941438271,0.21935025644451,-0.0488082023485755,3.23628550061578,-0.0999200722622186
"938",-0.0022420854911252,0.209945458698176,-0.0470870877392005,3.23628455975184,-0.330446402929667
"939",-0.0123869476513059,0.205261630310975,-0.0469891156714565,3.23628387006775,-0.271179797581047
"940",-0.0118521577754103,0.200729865632039,-0.0469662444367517,3.23628327187507,-0.32235345733651
"941",-0.0132958699950677,0.197517954266117,-0.0470969475171241,3.23628283152026,-0.0100903082674774
"942",-0.00122321560199059,0.189071835739876,-0.046679466324629,3.23628224378612,0.151247823135755
"943",0.00663864104384955,0.182249608576348,-0.046526074528621,3.23628174605919,-0.0201531641149744
"944",-0.00102875827168853,0.174549159972099,-0.0465439781285808,3.23628130206589,-0.292678212658762
"945",-0.0108679612493036,0.170696171477226,-0.0468240847350691,3.23628102434187,-0.283400999397026
"946",-0.0103604898773534,0.166972825456143,-0.0468901132206035,3.23628078339053,0.26318468476232
"947",0.0109049478175473,0.163270656193804,-0.0463667852940091,3.23628056767422,-0.070789303658946
"948",-0.00244373180663151,0.15668639148432,-0.0465082449465039,3.23628027992492,0.070789303658946
"949",0.00203879634287579,0.150446000781879,-0.0465378490317377,3.23628003028532,0.232241231258961
"950",0.00896599921351446,0.146804280556157,-0.0463499815112479,3.23627988198732,0.241765001410916
"951",0.00850941530838066,0.143261346221799,-0.0463105645652064,3.23627975107575,-0.151034615631399
"952",-0.00528948561315824,0.138342264767978,-0.0465278607596285,3.23627957815475,-0.17144878386613
"953",-0.00685700080110422,0.134421848131139,-0.0466505475046547,3.23627945143742,-0.252665756733498
"954",-0.00939230581686924,0.131971422994888,-0.0468569526332884,3.2362794229036,0.121359238195856
"955",0.00438581603068808,0.12741206566859,-0.0466009559832603,3.23627929011941,0.312831376773736
"956",0.0129879942069962,0.127653456360041,-0.0457845369666234,3.23627959867389,-0.606368709867545
"957",-0.0238205643503439,0.138624123966442,-0.0506753696993142,3.23628362917543,-0.0608395881674429
"958",-0.00190634957837099,0.133474695038587,-0.0475293860210011,3.23628293650286,0
"959",0.000823174950215257,0.128382866642073,-0.0467803855615657,3.23628233481061,0.465493655761002
"960",0.0177768249518597,0.132749935335171,-0.0446999901895594,3.23628322401501,-0.780422549158161
"961",-0.029047237817066,0.151001024108028,-0.0534174727238097,3.23629105982709,-0.428266179200085
"962",-0.0173943404603169,0.154922136617593,-0.04985148179699,3.23629057854939,-0.102239043769231
"963",-0.0021172894179356,0.148894018343545,-0.047333764788091,3.23628896508676,-0.471650623132586
"964",-0.0196250885022574,0.154230979029424,-0.0488002067848034,3.23628913824477,0.33858340456207
"965",0.0126008959709467,0.152073869559148,-0.0466563176660824,3.23628790544268,-0.802143338457514
"966",-0.0323569838338787,0.17542831132756,-0.0550320335397364,3.23629695060591,0.340153912475202
"967",0.0140783256711344,0.172836354051727,-0.0481065352016479,3.23629469468929,0.308229977924854
"968",0.0126189791925888,0.170656052075817,-0.0464235822064078,3.23629276831206,-0.0513057319755549
"969",-0.00347923859182899,0.163817143898066,-0.0465255600338416,3.23629086480479,0.0307865978110219
"970",0.00264535048553849,0.157268355108211,-0.0465400734688668,3.23628921317085,0.245952163337689
"971",0.00751919129059974,0.152573378252348,-0.0464370656338041,3.23628781155868,-0.0614313523977672
"972",-0.00220963742003808,0.146549875216926,-0.0465247211800201,3.23628656418686,0.245499304971155
"973",0.00903173183865462,0.14306392037059,-0.0463457606875618,3.23628555085107,0.18372976486163
"974",0.00705682498639233,0.139036477039378,-0.046384726478937,3.23628463690673,0.488302089272986
"975",0.0188336889783975,0.144227672699468,-0.0444231998151708,3.23628540532644,-0.488302089272986
"976",-0.0185680595573728,0.147767892395233,-0.0476522837407843,3.23628559981367,0.325799514410654
"977",0.0126037887882693,0.145987074039474,-0.0463523622078565,3.23628485590837,-0.152586368041558
"978",-0.005780826179398,0.141020452162536,-0.0465439842136843,3.23628400841761,0.172913637142955
"979",0.00553988926942709,0.13632776059202,-0.0465041979628851,3.23628327398797,0.365186041877106
"980",0.0160572031047285,0.138752111969416,-0.0452109673602489,3.23628350034357,-0.721511183462347
"981",-0.0297821079591699,0.158020726574707,-0.0536661213780873,3.23629149837065,-0.183748520462717
"982",-0.00600402468425154,0.153092015283281,-0.0483189371630311,3.23628978696896,-0.184086777287699
"983",-0.00726065429400431,0.148564854633539,-0.0470757684748813,3.23628830892868,0.15342917140658
"984",0.00516244814141764,0.143339760799022,-0.0466421115257213,3.23628700146549,0.336717832551308
"985",0.0150569743880044,0.144460229644439,-0.0455560790339426,3.23628647145289,-0.316278384345252
"986",-0.0135605539403238,0.143645397086802,-0.0469312305876733,3.23628571500852,0.17356684126572
"987",0.00842476124276646,0.139800758454712,-0.04649940970238,3.2362847887267,0.050991791426655
"988",0.0013947008739236,0.134440585581698,-0.0465360758144831,3.23628394176714,0.599747668117404
"989",0.023309014647578,0.145119407878216,-0.0425347814892862,3.23628701877692,-0.906089171857582
"990",-0.0343794009194497,0.171883274111612,-0.0561139233529502,3.23629964673318,0.764101318388364
"991",0.0294130651824439,0.187573483314549,-0.0439957501002357,3.23630168644118,0.848918690888888
"992",0.0335668223548616,0.214549963869585,-0.0379584089138711,3.23630815162482,-0.161144158146093
"993",-0.00715052590943142,0.206091796375731,-0.0445541801529994,3.236304215446,0.0302343161789118
"994",0.00230288666561912,0.197217318062851,-0.0460774454300029,3.23630079497399,0.11078101742257
"995",0.0013513235411147,0.188759260152903,-0.0464375480716884,3.23629782755377,0.140816760344245
"996",0.00573006806128863,0.181663807719315,-0.0464864419933483,3.23629526046688,0.170725625199019
"997",0.00864080086829571,0.176258150050544,-0.046395003317635,3.23629306947224,0.450518857813388
"998",0.0173036159899629,0.177892524487146,-0.0453623504763426,3.2362918465131,-0.179964055769449
"999",-0.0071709607634039,0.171631027194126,-0.0463259707911389,3.23629007746914,0
"1000",0.000213710825252409,0.16448168426488,-0.0464966933140093,3.23628852979386,-0.280589421489416
"1001",-0.0105014299634494,0.160909443142001,-0.0468054932188533,3.23628729075264,-0.0501882068251232
"1002",-0.00252249557770689,0.154583430637464,-0.0466158583839225,3.23628611290176,0.030115946621231
"1003",0.000856524335872613,0.148362668508991,-0.0465649523434157,3.23628509042432,-0.422450839495377
"1004",-0.0169301204177779,0.150741815010754,-0.0478618696956413,3.23628505958578,0.482655537280152
"1005",0.0191953055938579,0.154674059514492,-0.0451730314427133,3.23628537663226,0.350473497480565
"1006",0.0132657950595112,0.154134104425628,-0.045522550843447,3.23628482496583,0.129863661425462
"1007",0.00494714271156224,0.148788111690468,-0.0462653279513427,3.23628398179824,-0.179856163591486
"1008",-0.00633902611072886,0.143956400421855,-0.0465450778838761,3.23628325652213,0.219780308247947
"1009",0.00912060927094119,0.140571406911324,-0.0463501330518415,3.23628268155898,0.189422318739134
"1010",0.00784907464060448,0.137037914463415,-0.0463397790747081,3.23628216671687,-0.329226615526419
"1011",-0.0124166466365942,0.135993530842264,-0.0470425879313439,3.23628193169229,0.0599400617346864
"1012",0.0020336010274775,0.130820090728876,-0.0466645638438397,3.23628146317687,-0.500601766294664
"1013",-0.0203367040456708,0.137760408078117,-0.0493003924688064,3.23628333163345,0.0501730982378176
"1014",0.00178722501236354,0.132451448227091,-0.0471979170968945,3.23628267760502,-0.0501730982378176
"1015",-0.00107898442657924,0.127427645972746,-0.0467026721623459,3.23628211021909,0.0802648783936685
"1016",0.00199279230497575,0.122753473070795,-0.0465830090408974,3.23628161818842,-0.42211117951988
"1017",-0.0156608812083692,0.125264590405607,-0.04792143043735,3.2362820958972,0.0503448633701657
"1018",0.00178108339780229,0.120635258299352,-0.0468724270545729,3.236281605585,0.13077814851182
"1019",0.00530791200852492,0.117053245070719,-0.0465680218199788,3.23628119348723,-0.27180768734955
"1020",-0.0108866633387538,0.11613236188702,-0.0470252167743361,3.23628104212293,0.0604655868467682
"1021",0.00254726153562677,0.112082546203297,-0.0466578763781448,3.23628069172559,0.181177704316084
"1022",0.0061865430327531,0.109265650395592,-0.0464723172091987,3.23628041614588,0.0703694424615104
"1023",0.00265770175675957,0.1056968590698,-0.0465207351363795,3.23628014969709,-0.241473102544021
"1024",-0.00878907974076441,0.104263456943544,-0.04683820029932,3.23628003492247,-0.110870343464072
"1025",-0.00430997109711578,0.10134687054732,-0.046663949686666,3.2362798275896,-0.0302587122183723
"1026",-0.000558020596562473,0.0979729950025119,-0.0465765903196413,3.2362796377439,-0.282857042818011
"1027",-0.0115940211029096,0.0986793467790383,-0.0473482532003104,3.23627991160367,-0.192395381103374
"1028",-0.0080677353906075,0.0975403509393527,-0.0470474247474019,3.23627983589342,-0.0506919461354517
"1029",-0.00217039305610296,0.0945342343751084,-0.0466746761993428,3.23627964587094,-0.172545082138254
"1030",-0.00675823107274206,0.0928683521032911,-0.0467498969300695,3.23627953683723,0.0507794658755821
"1031",0.00189714875451484,0.0900100308986522,-0.0465942946527659,3.23627938569203,0.0710479603598688
"1032",0.00252131963888102,0.0874228496114958,-0.0465499355000081,3.23627925567482,-0.223463780141631
"1033",-0.009070742559855,0.0871141642937331,-0.0469827066637564,3.23627933760889,0.233609369355425
"1034",0.00961027169821532,0.086971457546897,-0.0461736229959864,3.23627943615592,0.324116560455182
"1035",0.012290709700385,0.089007483646122,-0.0452319121252357,3.23628008532425,-0.151798845118256
"1036",-0.00596346837653704,0.0871502177772256,-0.0463348197265676,3.23627988767649,0.595750739654767
"1037",0.0236434613065743,0.100421292015732,-0.0387675560565901,3.23628883238061,-0.0302069176137655
"1038",-0.00199345849680181,0.0971145698529242,-0.0447146306551593,3.23628744967446,-0.0503651483827058
"1039",-0.00179164851564869,0.0940532346217165,-0.0461200078838271,3.23628625040841,0.181195942468233
"1040",0.00760962422951505,0.0927035342349182,-0.0462177538941084,3.23628529416561,0.090474999888711
"1041",0.00232110502929879,0.0899758593982185,-0.0464612953716577,3.2362843814117,0.180704797692336
"1042",0.00832383616234606,0.089249608276209,-0.0461862930675721,3.23628373151472,-0.482607009488984
"1043",-0.0189128212059019,0.096531085371261,-0.0501974768276865,3.23628648860918,0.0805964178224098
"1044",0.00336268315715203,0.0935988170480751,-0.0474004820042075,3.23628541752847,-0.819055086951591
"1045",-0.0319072448075036,0.119920411416817,-0.0641216252245651,3.23631139330619,0.304136487477161
"1046",0.0108186248232475,0.118193242017497,-0.0503668629044688,3.23630715657243,-0.0810126626586024
"1047",-0.00206793990228177,0.113981112890076,-0.0474514321648867,3.23630334651287,-0.141930275244896
"1048",-0.00721238175539473,0.111459446115919,-0.0469184592902123,3.23630009142192,0.101399319172769
"1049",0.00537883061517654,0.108282689167174,-0.0465812920277876,3.23629722972832,0.101296605096065
"1050",0.00186711086653056,0.104647706565647,-0.046553005669277,3.23629473494585,-0.456644966225662
"1051",-0.0171797873000219,0.109572855432441,-0.0488430333203798,3.23629437838033,0.162601661841874
"1052",0.00596069194224792,0.106554537248184,-0.0470271748584645,3.23629227599935,-0.101595050900432
"1053",-0.00442578097810232,0.103396587797713,-0.0466949096351434,3.23629044336877,0.0406504070638355
"1054",0.00113910460779756,0.0999247595696834,-0.0465832877796701,3.23628884724078,0.172580114911785
"1055",0.00768075624613568,0.0983433519111611,-0.0463310566294484,3.23628754502197,0
"1056",-0.00116353688287367,0.0951364004427623,-0.0464982150393858,3.23628633283855,0.596654447403786
"1057",0.0243377289112105,0.109201738337291,-0.0389629401926093,3.23629417727313,0.110847998451492
"1058",0.00408231355637705,0.106128443999368,-0.0447052131855012,3.23629209896928,-0.100765828760036
"1059",-0.00413950175472861,0.102942884674105,-0.0461426970974561,3.23629028864942,0.723257798702484
"1060",0.0292410960180962,0.124003089359947,-0.0349108641589067,3.23630431354334,0.33972854417513
"1061",0.0123997871980671,0.124726574824275,-0.0429216973052269,3.23630138640768,0.318693626971056
"1062",0.0135193794434737,0.125778282962987,-0.0447267308819056,3.23629891254181,0.0397653847570244
"1063",0.00193745190685483,0.121258668482411,-0.0461142887068255,3.23629619500775,-0.528179014530371
"1064",-0.0220423936109708,0.130804853458832,-0.0503388288935109,3.23629749827597,0.0699195953171705
"1065",0.00344068224601163,0.126032160471806,-0.0474375235043816,3.23629496814577,-0.450338514403467
"1066",-0.0174820153948121,0.130053652619081,-0.0485678063353739,3.2362940907614,-0.0501630308988866
"1067",-0.00345314500948741,0.125625652205793,-0.047048869521804,3.23629201544843,0.230541875276871
"1068",0.00854800989647091,0.122990971306859,-0.0464598700444031,3.23629028442643,-0.32089879121812
"1069",-0.0137499358172017,0.123665210618488,-0.047396031801043,3.23628920432893,0.0100436900601669
"1070",0.00131913787506264,0.119099589479596,-0.0467488981849042,3.23628777232597,0.22070634962282
"1071",0.00783683400000817,0.116566223059455,-0.0464112567762254,3.23628659314353,0.449933269159165
"1072",0.0171910544204451,0.1212472372181,-0.0444293726847388,3.23628710250231,0.239139213207564
"1073",0.0103386965688026,0.120312552972305,-0.0455588278616021,3.23628618030165,-0.259093318830989
"1074",-0.0108190325000421,0.119055134406444,-0.0467353229333884,3.236285336735,-0.0299386260406936
"1075",0.00015094294164428,0.11472068246094,-0.0465932467054839,3.23628441707492,-0.0898696949996842
"1076",-0.00316441912006278,0.11090542094021,-0.0465723036688327,3.23628362099259,0.528073762406703
"1077",0.0198827216851397,0.118332579221536,-0.0433165331978238,3.23628579378724,0.426397591852064
"1078",0.017605287382266,0.12384235993804,-0.0434197900877663,3.23628670025404,0.0791295788074582
"1079",0.00263349784736742,0.119570227025566,-0.045798202998501,3.2362856018063,0.512821636691935
"1080",0.0201957623631007,0.127161998315718,-0.0432355702793234,3.2362873929602,0.186723065405839
"1081",0.00632517193351571,0.1238614972225,-0.0456445412264599,3.23628623760151,0.284327854668315
"1082",0.0115445713506911,0.123302859317397,-0.0457526594515487,3.23628549008187,0.459097265461986
"1083",0.0187364193849651,0.129423349586353,-0.0438310852458387,3.23628661224943,0
"1084",-0.000638373873246534,0.124532290616636,-0.0459082739541484,3.23628552361916,-0.331901905619643
"1085",-0.0127180254334825,0.124614362129361,-0.0471282608533814,3.23628497235642,0.759793251854665
"1086",0.0295573966381801,0.144481048305587,-0.0380374146314012,3.23629471765313,-0.349956612626443
"1087",-0.0138729661073583,0.143474040496034,-0.0451220078798171,3.23629284466811,0.0389446017968829
"1088",0.000459417894665779,0.137831195708264,-0.0462127386536103,3.23629093041611,-0.0194704050459529
"1089",-0.00024840905025493,0.132491579439755,-0.0464699911416937,3.23628926974916,0.47593698697495
"1090",0.0181131414681502,0.136945478156792,-0.0446231352595657,3.23628924387436,-0.242541957366385
"1091",-0.00745469615227969,0.132971458276669,-0.0461889306078732,3.23628783213388,-0.106905107610982
"1092",-0.0056698977311499,0.12892178481568,-0.0465321488995155,3.23628659842918,-0.24339202980673
"1093",-0.00812539150879817,0.126079265626944,-0.0467401697155203,3.23628557918612,-0.0194969780301747
"1094",-0.00122420677754374,0.12143592317108,-0.0465956542825818,3.23628462749037,0.185067992236323
"1095",0.00712668436633121,0.118425827823664,-0.0464303393811948,3.23628384115322,-0.517099547276021
"1096",-0.0206016750448066,0.12610600451095,-0.0497143905387558,3.23628593161253,-0.284077185702694
"1097",-0.0107127592294205,0.125243421247448,-0.0478253034960668,3.23628518930249,0.284077185702694
"1098",0.0116406227153289,0.124228716081113,-0.0463561533651492,3.23628452281742,0.429478454195065
"1099",0.0165204826374211,0.127978244028892,-0.044771086097204,3.23628495561112,-0.0584567436755539
"1100",-0.00112089977923745,0.123170716735808,-0.0461300093525352,3.23628408643994,-0.0877492378247541
"1101",-0.00334283193788635,0.118946729594682,-0.046464409858824,3.23628333441429,-0.195274422528289
"1102",-0.0059937490185185,0.115704403124767,-0.0466161872274112,3.23628270300512,-0.185864568057968
"1103",-0.00684314324799964,0.113000780692838,-0.0467048503678833,3.23628217559543,-0.520297644562615
"1104",-0.0210890714902521,0.122223346584859,-0.0505625574257201,3.23628544234453,0
"1105",-0.00112731251594969,0.117828070875667,-0.0474986020713799,3.23628450891994,0.0196831021204297
"1106",0.00058802086704837,0.113565678776959,-0.046773196797408,3.23628369892364,0.127845815711861
"1107",0.004913872721581,0.110229956276096,-0.0465534215076266,3.23628300687826,-0.0688197441505903
"1108",-0.00226249411812888,0.106489787289889,-0.0465540939203239,3.23628239620838,-0.226456060937483
"1109",-0.00849809458303755,0.104964857593094,-0.046832991333398,3.23628197693953,0
"1110",0.00119297184732072,0.101403518874009,-0.0466159844659193,3.23628150237006,-0.167710787595773
"1111",-0.0066879615679029,0.0992910105700463,-0.0467057385250359,3.23628113439874,0.462986592683846
"1112",0.0177639070359496,0.10489941378567,-0.0439295879158267,3.23628297191878,-0.0884912303948042
"1113",-0.00325685015879258,0.101510298302204,-0.0459391630445569,3.23628236643339,-0.0196753566793093
"1114",-0.000907298650879631,0.0981434254972036,-0.0464059962136978,3.23628184028113,-0.216684808509031
"1115",-0.00733330673944892,0.0965011652281664,-0.0467173518381906,3.23628145458495,-0.385280792723213
"1116",-0.0152536203831165,0.100379383605197,-0.0485304840027333,3.236282497683,0.32610335732428
"1117",0.0130795495749852,0.101562003969016,-0.0460686989168377,3.23628251100767,1.1866956306436
"1118",0.0464033517053569,0.162029033286362,0.00303489293235803,3.23639057519515,-0.459276714869989
"1119",-0.0177184132939046,0.162727049215839,-0.0358101998217233,3.23637627702087,0.517756248700321
"1120",0.0208650322731553,0.167858354021317,-0.0420783363689787,3.23636475553548,-0.0389825558001579
"1121",-0.00280415233912763,0.161025128519299,-0.0454966534856527,3.23635331522586,0.0584681365321135
"1122",0.00229681532813583,0.154581835459908,-0.0462985892761609,3.23634339051468,-0.0974658946552853
"1123",-0.000742471519559032,0.1483568548583,-0.0464903061458642,3.23633478034887,0.0195007800929972
"1124",-0.00155467543019285,0.142525350411984,-0.0465365297382866,3.23632731085434,-0.00974991469596918
"1125",0.000711070787502698,0.136945315248684,-0.0465462744265323,3.23632083079554,-0.567127754535026
"1126",-0.0233860406105675,0.147482574471978,-0.0504477745803502,3.23631887936895,-0.294608874581118
"1127",-0.011451190541446,0.146063890177957,-0.047986804473535,3.23631376502891,-0.552269648265115
"1128",-0.0217900687881665,0.154632958404065,-0.0499434541625494,3.23631173051405,-0.376499008104286
"1129",-0.0154841263878126,0.15613886383782,-0.0484620822908133,3.23630800356532,0.0992162002214515
"1130",0.00338671264883209,0.150042368677656,-0.046995099902927,3.23630408174798,0.188240011992183
"1131",0.00670984451342741,0.145406486998416,-0.0465690337086466,3.2363007014132,-0.227914680237262
"1132",-0.00867047357988553,0.141710936363237,-0.0467201933362788,3.23629780099819,-0.119118537015321
"1133",-0.00395443050984058,0.136697347831886,-0.046612691288886,3.23629523408705,-0.248620286186742
"1134",-0.00840263936312339,0.133541818756959,-0.0467565865162548,3.23629306967043,-0.129527243735787
"1135",-0.00472663933231459,0.129171949102695,-0.0466393245016292,3.23629113408627,0.388079495963369
"1136",0.014844814894879,0.130529478388076,-0.0455184677808245,3.23629008641006,0.297501211094214
"1137",0.0114000227591653,0.129744922706329,-0.0457406129516969,3.23628881730583,0.0791844048105558
"1138",0.00325445979686463,0.125233964353109,-0.0463418090869473,3.2362874391459,0.729498503253324
"1139",0.0283204108572814,0.144048912628964,-0.0384457597529185,3.23629589699801,-0.226166574600538
"1140",-0.00973260381195199,0.140531946414955,-0.0448199000718262,3.23629363996954,0.353773953879676
"1141",0.0142493714389872,0.140626304131369,-0.0453565873165238,3.23629205336078,0.840094810916902
"1142",0.0334241883204843,0.168644413504922,-0.0347292039688238,3.23630583773324,-0.370334698666051
"1143",-0.015501453072064,0.167497491918712,-0.0444013211121473,3.2363025319179,0.22431374305383
"1144",0.00921032885546744,0.162716292722943,-0.0458987855016468,3.23629937950549,1.0176971770539
"1145",0.0389196855566136,0.200814732494366,-0.0320782664755374,3.23631739165457,-0.628780789901356
"1146",-0.025263143693559,0.208451906729571,-0.0454406122974058,3.23631404575352,0.126072848003589
"1147",0.00462865060577369,0.199716438864587,-0.0462800391901842,3.23630932388053,0.203320978209788
"1148",0.00688831869822945,0.192514665918595,-0.0464244715974716,3.23630524107508,0.588265354277092
"1149",0.0219426901526954,0.19856457720591,-0.0445080913139462,3.23630320352676,-0.462606838878236
"1150",-0.01513948896346,0.1958899325941,-0.0465780888915379,3.23630016079038,-0.513293461487992
"1151",-0.0217476106459943,0.201925490530889,-0.0485504515217548,3.23629877861039,0.764137780188321
"1152",0.0321049167590874,0.22149416266561,-0.0418056362219684,3.23630148770788,-0.968249237551004
"1153",-0.0384883053684593,0.251892500975847,-0.0531054525402969,3.23630748227971,0.611088763280013
"1154",0.0227682986340423,0.253561895253675,-0.0469173483431174,3.23630437323132,0.0386734994668299
"1155",0.0013910251731086,0.242180432818106,-0.0466347225542766,3.23630093186398,-0.776326072660946
"1156",-0.0326627386368821,0.262108628598007,-0.0510802059017492,3.23630240345326,-0.674456395702779
"1157",-0.0245088708840545,0.269417675004054,-0.0496000070442185,3.23630071188102,-0.0196174596019016
"1158",-0.00216184248621869,0.257319567269363,-0.0472722528892987,3.23629775574573,-0.0883262239080952
"1159",-0.00285594546824516,0.245836610602424,-0.0467228948652122,3.23629519117402,0.235363450810918
"1160",0.00699827237310864,0.236093006994673,-0.0465487694032839,3.23629297467876,-0.500811180782499
"1161",-0.0201464929208465,0.236952906882517,-0.047609887858546,3.23629169009255,0.118063768141519
"1162",0.00596780496400908,0.227086475893355,-0.0467808478873146,3.236289931749,0.147383961830061
"1163",0.00587929008627702,0.218054502476025,-0.0465712396895801,3.23628840964047,0.254952089463171
"1164",0.0094590904198395,0.211145625408302,-0.0464160056079759,3.23628712577511,0.605352366072591
"1165",0.0249927495022921,0.220548481306372,-0.0439103225996355,3.23628811558222,1.12284598542678
"1166",0.0428622849286372,0.266555099639915,-0.033311395673002,3.23630439127491,0.652405652805724
"1167",0.0255979943657123,0.275919407096971,-0.0411400675307321,3.23630274956936,0.391315221365632
"1168",0.0152479330411704,0.270854282453981,-0.0448143753767599,3.23629973507818,0.133269891214652
"1169",0.00479639344267645,0.259240656633299,-0.046122916013548,3.23629691070805,-0.409895240503678
"1170",-0.0166142225889488,0.255232878183787,-0.0469694211549143,3.23629470829199,0.0763869033610108
"1171",0.00246635676090864,0.243706181119916,-0.0466477325477837,3.23629254720027,0.40958289387359
"1172",0.0167603594724081,0.240945765656345,-0.0459552447996341,3.23629098671655,-0.218870525590311
"1173",-0.00801161976161636,0.231657173632529,-0.0464614004626014,3.23628933024141,0.437263054115188
"1174",0.0165289727227646,0.228924946946411,-0.0459358028481785,3.23628817938843,-0.399164187095628
"1175",-0.0165940258358438,0.226087832819001,-0.046978603857674,3.23628716839896,0.0951837117360924
"1176",0.00416578312192909,0.216383340308538,-0.046644353812255,3.23628600678479,0.64485761634203
"1177",0.0264522111273183,0.227393997965684,-0.0436674510254615,3.23628747652484,-0.198703760321301
"1178",-0.00890996501119785,0.219059369162687,-0.0459394428172633,3.23628629057693,-0.341556309280906
"1179",-0.0128302786444363,0.214412646360932,-0.0467517522971903,3.23628538995127,-0.524085243586878
"1180",-0.0203651882395043,0.217610425015616,-0.0480163956203751,3.2362854171195,-0.969623110523195
"1181",-0.0375907342746814,0.250763091731852,-0.0555369564921859,3.23629509216862,0.269749681873544
"1182",0.00985749184056407,0.241419028823673,-0.0485963658691727,3.2362928983445,0.336167055282554
"1183",0.0133203846821487,0.235987392283871,-0.0466955401401178,3.236291117026,-0.567336489763987
"1184",-0.0221220702963185,0.238931786963158,-0.0479467883500974,3.23629033535797,0.327332534496921
"1185",0.0139183144409315,0.233123519460739,-0.0465838773969923,3.23628887100913,-0.259852896326368
"1186",-0.0125463608671262,0.226862675179643,-0.0467955773234013,3.23628757139141,-0.08676790132226
"1187",-0.00246018355995402,0.217011167868929,-0.0466111424998954,3.23628635604289,-0.309119256967272
"1188",-0.012118684928052,0.2117632640414,-0.0468434947822957,3.23628541066482,-0.465477954498259
"1189",-0.0193112343038533,0.213826581208893,-0.0478513173156224,3.23628527155279,0.29117753271947
"1190",0.0123632442132542,0.208327818247777,-0.0466113151881547,3.23628445227604,-0.368968279543914
"1191",-0.0148568783352643,0.205208271848811,-0.0470480478368299,3.23628387708002,0.0194533606293842
"1192",0.000517942905243583,0.196262507899372,-0.0466669952319005,3.23628315078344,-0.155732949520153
"1193",-0.0060027810393754,0.188833693841933,-0.0466153057248566,3.23628252839004,0.417983597613621
"1194",0.0163977542105934,0.188343313725243,-0.045767192096691,3.23628242322724,-0.31089114713115
"1195",-0.0110411959790455,0.183436827556291,-0.0465781575387237,3.2362819657206,0.678823397987741
"1196",0.0258261682303903,0.194365240147663,-0.0433247912017823,3.23628434968219,0.385840162286081
"1197",0.0154155919718549,0.193830801105766,-0.0449865400323374,3.23628400664217,-0.260278741433728
"1198",-0.0111694040080094,0.188732145262805,-0.0463950336232899,3.2362833398506,0.144682928542506
"1199",0.0070500628046773,0.181936240852297,-0.0464583193263163,3.23628269712854,0.461583664042316
"1200",0.0164318273402323,0.182335715311241,-0.045595950112882,3.23628267155696,-0.934991629972791
"1201",-0.0359207483087143,0.210720871263288,-0.0550665008562418,3.23629287493245,-0.368681896219382
"1202",-0.0155235261796776,0.209799170161773,-0.0493363253888539,3.23629138473271,0.184510855939212
"1203",0.00723688589367333,0.201882319867949,-0.0471597063832608,3.23628967401923,0.36800351428507
"1204",0.0140072856882189,0.199040448859126,-0.0461944138341383,3.2362884164388,-0.0386734994668299
"1205",0.000855657279950333,0.190481832949283,-0.0464651811427685,3.23628708882648,-0.34873618604157
"1206",-0.0142645632569445,0.188200109115501,-0.0470670505536077,3.23628619843906,0.310047724392544
"1207",0.0145254031823699,0.18582353665167,-0.046154173032842,3.23628541297613,0.0773619611158557
"1208",0.00283133461343437,0.178250389661971,-0.0464485595028673,3.23628448411214,0.453296817079199
"1209",0.0185752972868467,0.180878453156265,-0.0451812915609602,3.23628456469791,0.785971648899773
"1210",0.0312948616178226,0.202989893034828,-0.039607628048213,3.23629117977207,0.400191101033882
"1211",0.0145207258187337,0.201358828612799,-0.0442500132584778,3.23628983122968,-0.199895359503845
"1212",-0.00734263189937438,0.193949957032098,-0.0460603957042454,3.23628832817546,0.0571537451259936
"1213",0.00290072172952773,0.185804466799518,-0.0464308198633375,3.23628701251925,-0.25744948665603
"1214",-0.0104146946433888,0.180975513815404,-0.046733021639939,3.23628594627309,0.114503829304497
"1215",0.00331156213555291,0.173570633117431,-0.0465877690352115,3.23628494636753,0.437720748372187
"1216",0.0182788546104509,0.176150270303968,-0.0452208229846085,3.23628495982694,0.0474630983327742
"1217",0.0013742289696792,0.168885904735594,-0.0462341259968461,3.2362840902391,0.0758941313347285
"1218",0.00349079141496074,0.162247873509945,-0.0464650817212351,3.23628333698474,-0.104369286954042
"1219",-0.00478542680269553,0.156227389638621,-0.0465533335346422,3.23628268633705,-0.380445579667737
"1220",-0.0143581675661209,0.156041226661553,-0.0473230983481386,3.23628254188929,0.114285726724965
"1221",0.00438570486607141,0.150149778648825,-0.0467178166356623,3.23628199449565,-0.975617494536468
"1222",-0.0382927416260426,0.186314751949076,-0.0613518943476251,3.23630317595717,-0.317689797880801
"1223",-0.0131564197962764,0.184614314833805,-0.0506478114462904,3.23630020063198,-0.212355292156117
"1224",-0.00829267697411822,0.179021664709139,-0.0476496031401417,3.23629735276662,-0.280613663261922
"1225",-0.0123587584605173,0.176144966127542,-0.0472265943147334,3.23629502806333,0.0193779673118712
"1226",0.000979203194557225,0.168761084063762,-0.046709080041804,3.23629282457277,0.290219803200924
"1227",0.00993095150720436,0.16464896400364,-0.0463654514886749,3.23629099317947,-0.270845590217723
"1228",-0.0109283104989726,0.161095668954557,-0.0467776501575055,3.23628942941151,-0.261869118175359
"1229",-0.00963689607932045,0.157449583509981,-0.0468477685680705,3.23628805904283,-0.750600589905543
"1230",-0.0285780021561868,0.175387017314947,-0.0526450325257107,3.23629333573031,0.419860988801891
"1231",0.016573052382815,0.174964536980388,-0.047208228896504,3.23629178495596,0.408401967884502
"1232",0.0170195507688019,0.176695872745104,-0.0455359988645748,3.2362907473656,-0.20399249387793
"1233",-0.0081355895007483,0.170893646973383,-0.0463973228309982,3.23628913398286,0.165168849791333
"1234",0.00766123222517072,0.165347753681634,-0.0464266565147522,3.23628773430031,0.116425743237569
"1235",0.00241745965871566,0.158748789046081,-0.0465158096380153,3.23628649749112,-0.038793521968445
"1236",-0.00131815396915803,0.152331946763869,-0.0465419155373947,3.23628542408367,-0.0194024059591968
"1237",-0.0012974591447197,0.146267803768035,-0.0465482642797245,3.23628449288525,0.0194024059591968
"1238",0.000169062084768088,0.140475687016436,-0.0465491207297373,3.23628368501165,0.145398174211982
"1239",0.00585215485166749,0.135989020848264,-0.0464900997294742,3.23628299796451,0.125840972998036
"1240",0.00522876037517901,0.131610891749414,-0.0464851233376705,3.23628239922459,-0.0387034354129796
"1241",-0.00156545456829233,0.126656221831063,-0.0465350468898219,3.23628186874837,-0.368431675246512
"1242",-0.0141473123748436,0.127770835591152,-0.0475327318024184,3.2362819959863,0.17468948541792
"1243",0.00708921063436482,0.12420678743234,-0.0466865936289123,3.23628154470216,0.531890427598677
"1244",0.0209586461730478,0.132680559384846,-0.0431892665234984,3.23628417591459,0.240836299636569
"1245",0.00975821487537987,0.130863080433345,-0.0453769216394922,3.23628357462517,0.0577145071811253
"1246",0.00275874882189654,0.126181084487919,-0.0462627051879428,3.23628288971053,-0.472312796671776
"1247",-0.0195332621942413,0.132411760124655,-0.0490172937276786,3.23628436193008,0.0482975136169565
"1248",0.00297807495269965,0.127502502307406,-0.0471279597894525,3.23628357172004,0.250771736356081
"1249",0.0105240303061486,0.125999311942687,-0.0462755219924907,3.23628306822226,-0.511855866676705
"1250",-0.0196871829285768,0.132070515329859,-0.0489671308713248,3.23628445916655,-0.368610369838316
"1251",-0.0148405797008309,0.134110424522829,-0.0483490543980639,3.23628444343288,-0.0388802493233736
"1252",-0.00123651868470396,0.129064301952381,-0.0469757367296858,3.23628364225097,0.155430379066906
"1253",0.00618230434206184,0.125283851731985,-0.0465727699459497,3.23628296671157,-0.155430379066906
"1254",-0.00480184406452575,0.121217152722137,-0.0465880395025873,3.23628236737915,0.938610596859248
"1255",0.0362791032060304,0.154558943790951,-0.0292876445235041,3.23630853955822,0.365314768897355
"1256",0.0136547878223705,0.154919318895848,-0.0416035178040167,3.23630504643951,0.258757152378475
"1257",0.00983110983681978,0.151782219460188,-0.0450996066764091,3.23630162706544,-0.0382921697192791
"1258",-0.000950611332305287,0.14570393345255,-0.0462075024397343,3.23629854939165,0.248637404556301
"1259",0.0100377267578741,0.142843396838465,-0.0461899333208451,3.23629598835716,0.0954654010450723
"1260",0.00505016637373172,0.138093994339664,-0.0464182732628922,3.23629366760699,-0.468653719906218
"1261",-0.0180563379629446,0.141992349811668,-0.0482392462649211,3.23629287754653,-0.0959140683543511
"1262",-0.00406232742381213,0.137088925793742,-0.0469794021224956,3.23629096487918,0.00959554767324469
"1263",3.57768049451903e-05,0.131787924544174,-0.0466508056646167,3.23628929964681,0.30657238037073
"1264",0.0123734542866942,0.131213458548849,-0.0459591482274718,3.23628816721706,-0.335361786068349
"1265",-0.0122367744575483,0.130233291339444,-0.0469395673914929,3.23628712871185,0.383178934208448
"1266",0.0148642090062758,0.131302122806173,-0.0456595550228489,3.23628655528609,0.200582712076496
"1267",0.00766180240131596,0.128282696892754,-0.0461568707088697,3.23628553617769,-0.0381752247430596
"1268",-0.00195432687379118,0.12353175101779,-0.0464583373374806,3.23628459020202,0.181202662713086
"1269",0.00769836053689401,0.120641154126083,-0.0463698016274636,3.23628382056733,-0.381862039199942
"1270",-0.0162429769650009,0.123593002250304,-0.0480059422105184,3.23628412765154,0.0573723481026842
"1271",0.00282786433043745,0.11915285406153,-0.0468891628591953,3.23628336850987,-0.200947390713113
"1272",-0.00742290408960647,0.116362326167304,-0.046776896002599,3.23628275613919,-0.105419531541694
"1273",-0.00512346029024859,0.113020459287752,-0.0466650538289854,3.23628219301454,0.382812219814208
"1274",0.0151799777321148,0.115516952991514,-0.0452051978812515,3.23628260108372,-0.143382904648764
"1275",-0.00647528894216928,0.112372770297253,-0.0463126375077738,3.2362820645321,0.610339487642231
"1276",0.0245002035351593,0.125451326041544,-0.0406266029605924,3.23628790660477,-0.038037276989631
"1277",-0.00172928562007864,0.120789627789375,-0.0451526550191231,3.23628664651361,0.294411153348171
"1278",0.0117030888768746,0.120288322380613,-0.0456381906148201,3.23628584379722,-0.0379398657685735
"1279",-0.000501840196408885,0.115885777385554,-0.0463344802559639,3.23628485696544,0.510977644721032
"1280",0.0192548946553286,0.122454309381875,-0.0437015357592167,3.23628635785658,-0.132225179823783
"1281",-0.00390989882709016,0.118224579391295,-0.0458890791664766,3.23628530445335,0.320815523319485
"1282",0.0113628756171571,0.117578295532889,-0.0458564100377668,3.23628465026264,0.272825796022324
"1283",0.0113481704368539,0.117356640993039,-0.0457550581975069,3.2362841451386,0.0281809217026328
"1284",0.000236345458462649,0.113124365954131,-0.046361921393322,3.23628338333536,0.328191958510951
"1285",0.0140984393882274,0.114879954592908,-0.0453609567502529,3.23628343816941,-0.26246734227713
"1286",-0.011057481981068,0.113968398381794,-0.0467306531341341,3.23628298333896,-0.169093511403383
"1287",-0.00633653787894038,0.111233901802739,-0.0467171967650633,3.23628241283962,-0.0846540990215389
"1288",-0.00340959583883548,0.107704012403426,-0.0466094237730155,3.23628188386068,-0.235526982494371
"1289",-0.0101748185653597,0.107058074833024,-0.0470440740700731,3.23628164670213,-0.113250295229934
"1290",-0.00476461163534906,0.104136981809906,-0.0467270023602645,3.23628123021165,0.452233670681088
"1291",0.0169804566822159,0.108781589436348,-0.0444060661192974,3.23628255042072,-0.499459173329744
"1292",-0.0197977223901795,0.115614911147377,-0.0490700749545112,3.23628461762991,0.103866682299489
"1293",0.00421605620544167,0.111805598121745,-0.0471278422737283,3.23628379565198,0.103758911350979
"1294",0.00377598311763691,0.108307571474904,-0.0466604215851557,3.23628308460599,0.900991547890543
"1295",0.0344141942474476,0.139206678087157,-0.028616143693501,3.23631059037743,-0.355672407892468
"1296",-0.0122738474670629,0.137254423970914,-0.0427089791045664,3.23630649522581,-0.281690327111349
"1297",-0.0117451227602765,0.13628164909814,-0.0462009363753815,3.23630304693799,-0.273056993726217
"1298",-0.0083293190464897,0.133265278830365,-0.0466765129022693,3.23629985549187,0.235438259152984
"1299",0.00847264554556993,0.130093764423212,-0.0464070956181129,3.23629706982796,0.0470212074305393
"1300",0.00419430069799016,0.125761113389538,-0.0464851774140248,3.23629460159629,0.1127607712037
"1301",0.00415091746518287,0.121606076077626,-0.046506301969853,3.23629245967065,0.543225087837906
"1302",0.0211705215659299,0.130338330369204,-0.0429893217539495,3.23629383501494,-0.543225087837906
"1303",-0.0222189076376452,0.138671736819379,-0.0489338071698611,3.23629463800284,-0.235061929493408
"1304",-0.00852191318954029,0.135845872959416,-0.047360619694086,3.23629257980213,0.197489131756637
"1305",0.00816181445499827,0.132388729208903,-0.0465921977968377,3.23629074767433,0.253342851898502
"1306",0.0093191514605419,0.130034773058587,-0.0462711903972461,3.2362892251126,-0.337933298222737
"1307",-0.011328518021592,0.128598022237225,-0.0469194529037258,3.23628798787684,0.187881689837995
"1308",0.00665011990194223,0.124868278090729,-0.0465563128468789,3.23628673775095,1.03637545881852
"1309",0.0398772732687867,0.166966855944844,-0.02382801764743,3.23632412318016,0.49108275666709
"1310",0.0192638822380281,0.172654194288074,-0.0391371345628523,3.23631962627955,0.193914830606379
"1311",0.00863666391990897,0.168009606703993,-0.0446221350882836,3.23631422457306,0.506097238508289
"1312",0.0188862407891474,0.171778102752525,-0.0444950206965913,3.2363105970808,-0.294144894496924
"1313",-0.0127724458392265,0.168821054145974,-0.0464441718220876,3.23630649533584,0.752021152321242
"1314",0.0294494297660534,0.186137332737251,-0.0411019778739462,3.23630847015984,-0.100553050201883
"1315",-0.0032656078269323,0.178340990305616,-0.0452664288317069,3.23630448609817,-0.0182932406985928
"1316",-0.00211916082685888,0.170979060073817,-0.0462491366131978,3.23630102986664,0.274047855810319
"1317",0.0115756209621841,0.167696776129837,-0.0461456817090805,3.23629816927974,-0.127795544549208
"1318",-0.00676741873399878,0.16191430400507,-0.0465109873909633,3.23629556272751,0.16427858034241
"1319",0.00697454257196706,0.156590727406637,-0.0464684616481084,3.23629330627797,1.08834740157562
"1320",0.0425193305288855,0.203380324378073,-0.026922043577735,3.23632295268113,0.13521433528972
"1321",0.00484191487155609,0.195761837317844,-0.0418736406183024,3.23631705999547,-0.117175190296274
"1322",-0.0038511289344021,0.187710280230486,-0.0454553959339275,3.23631193897176,0.243210496861242
"1323",0.010747862076246,0.182958778612032,-0.04606450476723,3.23630757800412,0.314395048996792
"1324",0.0109703708402147,0.178968818499553,-0.0461421134267587,3.2363038283333,0.206065565907307
"1325",0.0100445889655052,0.174610471012254,-0.0462179569145465,3.23630054596356,-0.143304995415823
"1326",-0.00516957902802283,0.167963325361434,-0.0464943623858712,3.2362976154491,-0.251278961975453
"1327",-0.00961444097460243,0.16380654011064,-0.0467495247470156,3.23629514533182,-0.0988897460010435
"1328",-0.0033287506801245,0.157474170320236,-0.046608491368836,3.23629292793133,-0.306278953054562
"1329",-0.0127044813088425,0.15586209471814,-0.0470879539784118,3.23629125569766,-0.00902242072159665
"1330",-0.00135125496785476,0.149655533479984,-0.0466780014491559,3.23628955205134,-0.126399439002914
"1331",-0.00550729229530112,0.144578838683411,-0.0466257588471104,3.23628808384745,-0.325762662531794
"1332",-0.0129923225616437,0.143938761721423,-0.047217320273077,3.23628713695071,0.208248524714502
"1333",0.00863248509791678,0.140185316222571,-0.0465547475009004,3.23628602739791,-0.453268838774692
"1334",-0.0183769944415916,0.144159407618765,-0.048284498130277,3.23628626195149,-0.0363504184300673
"1335",-0.00136072688661153,0.138605411085528,-0.0469611670965155,3.23628521993482,-0.254823581648282
"1336",-0.00964770743313418,0.135953524545367,-0.0469208277692648,3.23628442234611,0.0364431490913988
"1337",0.000949886909996224,0.13072230019531,-0.0466369326033962,3.2362836238183,-0.145852350377285
"1338",-0.00460194254523442,0.126366054819246,-0.0466012354148358,3.23628293694639,-0.136930050150444
"1339",-0.00617225115677475,0.12280929585379,-0.0466501087966056,3.23628235877556,1.19859784161157
"1340",0.0479364692590233,0.184275187932657,-0.00748666106530056,3.23636116348995,0.171348736517347
"1341",0.00615633798687533,0.178323314894774,-0.0372346953381867,3.23635022730447,0.117069669816222
"1342",0.00489134905174813,0.171580243115633,-0.044324670989581,3.23634071649999,-0.47814606861305
"1343",-0.0188341568789952,0.17451743148538,-0.0474380999382902,3.23633340918784,0.234847908499089
"1344",0.00976185495404662,0.16957585979194,-0.0466027546328402,3.23632617159125,0.396182762040978
"1345",0.0176659904861101,0.171988561662245,-0.0452564654829543,3.23632069576152,-0.062924178443681
"1346",-0.00230817335610768,0.164895656519655,-0.0462453663435945,3.23631509206927,-0.504823933369197
"1347",-0.0197551245983917,0.169534349328748,-0.0482875869137893,3.23631154975007,0.108391303178268
"1348",0.00465845044192296,0.162934657283669,-0.046946330882896,3.23630715942605,0.135324121873587
"1349",0.00516163572560464,0.157079197329563,-0.0466070185881733,3.23630335597311,-0.587731697699011
"1350",-0.0221662397558511,0.164705607286656,-0.0492018305412752,3.23630223009438,-0.38161049399679
"1351",-0.0155505978418693,0.165749825821914,-0.0482018849585594,3.23629969214274,0.888169695694249
"1352",0.0351740699970619,0.193579275840926,-0.0374512758022155,3.23630888306542,0.234318780606926
"1353",0.00919753487897844,0.188501783120255,-0.0441881659766476,3.2363049214069,-0.036013325319452
"1354",-0.000230110255008959,0.180450203681059,-0.0459924913556769,3.23630140732368,0.125989937472146
"1355",0.00609566456593331,0.173903842024935,-0.0463724311676998,3.23629836850453,-0.396504078991299
"1356",-0.0176936876726888,0.175472740169444,-0.0476445890162055,3.2362964321584,0.270514141519153
"1357",0.0112799924691511,0.171369283338015,-0.0465574555643735,3.23629413696783,-0.460310393531964
"1358",-0.0175327328048765,0.172708614323774,-0.0476422751463302,3.23629272319898,0.73907501809926
"1359",0.0279152607440289,0.187011877909194,-0.042446749411857,3.23629508529454,0.911778909794263
"1360",0.0366324746544987,0.220339287670522,-0.0352864067692114,3.23630626864714,0.026691578965371
"1361",-0.00016409668512784,0.210630889422492,-0.0438927018771384,3.23630257610465,-0.186990838510974
"1362",-0.00608048035531564,0.202469934547477,-0.0459589792936586,3.23629937986305,-0.258801625866026
"1363",-0.00921786983082646,0.196265222294952,-0.0465540535060086,3.23629664498342,-0.205733781587343
"1364",-0.00715197585018095,0.189435831945628,-0.0466261252754165,3.2362942464261,-0.60173516695065
"1365",-0.0253068377429344,0.200330729932132,-0.049717819998067,3.23629490839586,-0.614441257234119
"1366",-0.0262479010484666,0.213176837926142,-0.0507920903880323,3.2362958932605,0.253462614194824
"1367",0.0095647017768017,0.205918356612335,-0.0474520815938771,3.23629360215637,-0.0994979956355418
"1368",-0.00409981645069228,0.197337010936462,-0.0467708605114715,3.23629158860777,-0.226500663085208
"1369",-0.00936851385116696,0.191447101493426,-0.0467546754121074,3.23628988971132,0.0544069654334886
"1370",0.0029282520054034,0.183427719777712,-0.0465946950853506,3.23628836717999,0.0362548721455039
"1371",-0.000197305272258282,0.175647308699147,-0.0465600720075881,3.23628704607034,-0.490553309312339
"1372",-0.0185822762791846,0.178310434264409,-0.0479050670431049,3.23628679506218,-0.0728796606914245
"1373",-0.00325455451759778,0.171264024542116,-0.0468821396149171,3.23628568404545,-0.447550639720341
"1374",-0.0173087407693736,0.172955755072252,-0.0477875612898436,3.2362854470393,-0.421980261068951
"1375",-0.0169010336029647,0.174702859930363,-0.0480125946336396,3.23628525107125,0.531769842087926
"1376",0.0206399251408501,0.178968573226708,-0.045201663039172,3.23628554932013,0.410640719392791
"1377",0.0152422423129985,0.178902770007229,-0.0453845245063418,3.23628508076775,-0.164053992317324
"1378",-0.00588568792427893,0.172175550077317,-0.046304948037373,3.23628420066411,0.109399226883196
"1379",0.00527477177545103,0.16573512677871,-0.0464638857121133,3.23628343655007,0.31839917733536
"1380",0.0108219582445004,0.162430429805146,-0.0462209419853524,3.23628289315625,-0.0726876281322175
"1381",-0.00242788783843167,0.155889649767068,-0.0464738266223283,3.23628229734332,0.136245990466138
"1382",0.00450650188807675,0.150146973990357,-0.0465099410543655,3.23628178392069,-0.0635583623339209
"1383",-0.00299031393584378,0.14437660151918,-0.0465460181557411,3.23628133555207,0.145216943290329
"1384",0.00589291680252911,0.139653157421921,-0.0464941383196074,3.23628095828041,0.0544020323508781
"1385",0.00288208563702427,0.134495752002652,-0.0465273908966082,3.23628061975714,-0.099759678159568
"1386",-0.00426974389382418,0.129834379139154,-0.0465667745024691,3.23628032878101,0.163191332680976
"1387",0.00677034120346375,0.126186074323816,-0.0464580791328476,3.23628009860742,-0.0815623770803645
"1388",-0.00355165098341675,0.12178126128614,-0.0465401250837103,3.23627987454637,-0.791885082910507
"1389",-0.0311000737235532,0.14561513522385,-0.0576698809105312,3.23629452690584,0.173476418761871
"1390",0.0067877778647441,0.140757042552927,-0.0491239913402663,3.23629240028438,-0.0456225200668584
"1391",-0.00224200820658136,0.135372616102617,-0.0471588711134494,3.23629054507866,0.155031721352744
"1392",0.00501300444628111,0.130866805121128,-0.0466559441985225,3.23628894288177,-0.164158723595194
"1393",-0.00537247798067174,0.126675557882594,-0.0466199294565973,3.23628755519704,-0.567507243934899
"1394",-0.0221783625552757,0.136475961809419,-0.0504256325296315,3.23628996235185,0.0458862945692015
"1395",0.00355279267899143,0.131416152847312,-0.0474576605232779,3.23628843056951,-0.625864905357464
"1396",-0.0248819311104933,0.144181425760633,-0.0516934523495813,3.23629211885819,0.598335655355643
"1397",0.02265552922472,0.152137908927737,-0.04487687656149,3.23629275778606,0
"1398",0.000553638496680717,0.146091692767946,-0.046154140254108,3.23629085508674,0.0825650246435938
"1399",0.00255669863836238,0.140501495480324,-0.0464514071515653,3.23628920487764,-0.156013430442746
"1400",-0.00505646942726663,0.135730207886824,-0.0465621194310536,3.23628777986377,-0.0183705337156642
"1401",-0.000807901468574992,0.130530835372881,-0.0465527048414238,3.23628653657002,-0.266752676229312
"1402",-0.00914177202839478,0.128021990277862,-0.0468039749604284,3.23628555406845,0.184043486199793
"1403",0.00583310607538141,0.124075240890623,-0.0465538936914591,3.2362846182896,0.293766850390657
"1404",0.011930273612106,0.123759806950994,-0.0459127036149405,3.23628412209849,0.0366602515333034
"1405",0.0011552916648893,0.119247937814173,-0.0463977008826908,3.23628336344861,-0.229347378178778
"1406",-0.00861885636862667,0.117033811963977,-0.0467508991882215,3.23628279304959,-0.239080573651136
"1407",-0.00887652426352287,0.11526902137662,-0.0468999080107213,3.23628233206395,-0.0276230377890097
"1408",-0.000517804415337409,0.111156720273744,-0.0466323137004424,3.23628181044871,-0.0368425904508404
"1409",-0.00215969387281964,0.107380565061991,-0.0465732787758058,3.23628135834583,0.174881539347377
"1410",0.00592119121638827,0.104656944107986,-0.0464674144631639,3.23628098898057,-0.34084137828706
"1411",-0.0134562162331887,0.106164685836353,-0.047589072622181,3.23628129084195,0.0553505549186678
"1412",0.0025489827315631,0.102636244146637,-0.0467908951197427,3.23628090749217,0.524307874505317
"1413",0.0205686075985377,0.111573258922931,-0.0424428882710069,3.23628458023817,0.082534738052159
"1414",0.00289246873011714,0.108033996336251,-0.045559806398403,3.23628376427119,0.274624852203416
"1415",0.0116505717453482,0.108302559602557,-0.0456051066585469,3.2362834323517,-0.137218152619524
"1416",-0.00614848925059517,0.105481112852471,-0.0464068804137968,3.23628278565424,0.100645051727248
"1417",0.00472747710900874,0.102454706254266,-0.0464749086479833,3.23628221235963,-0.293067340448634
"1418",-0.0105779521719921,0.102140035038585,-0.0470625044896026,3.23628196354268,-0.0183452578023199
"1419",-0.00193510266740582,0.0988686288442742,-0.0466765693299217,3.23628149141244,-0.3123854065507
"1420",-0.012250765513151,0.100020836298058,-0.0475135439308937,3.2362816272823,-0.138127928402929
"1421",-0.00640627754665781,0.0980787300811465,-0.0469368835165561,3.23628125101205,0.0368527735882668
"1422",0.00167749959205578,0.0949233833435322,-0.0466393126778205,3.23628087269572,-0.110599089614881
"1423",-0.00489458747333955,0.0925543931485744,-0.0466302883808236,3.23628055834831,0.156645966147993
"1424",0.00648271428399577,0.0907838233080141,-0.0464313854215196,3.23628031396176,-0.22121863570408
"1425",-0.00908631066302459,0.0902230925836694,-0.0469120721747454,3.23628023038724,-0.175479149162294
"1426",-0.00646474673215268,0.0887790578603617,-0.0468165069196382,3.23628004866948,-0.55617495981844
"1427",-0.0213048828958829,0.099547758773424,-0.052485391773144,3.23628616650443,-0.269930819644178
"1428",-0.0110098752517842,0.10032620801131,-0.0487699230242026,3.23628559632593,0.158323665202059
"1429",0.00614203908058027,0.097937683125743,-0.046982255472167,3.2362846667001,-0.270232657576963
"1430",-0.0107690514326154,0.097946996113361,-0.0472418159142841,3.23628413196711,-0.270964893657021
"1431",-0.0106368473477806,0.0982885088766092,-0.0473968679973084,3.23628373244688,-0.187301047452208
"1432",-0.00676169921698594,0.0965583033045719,-0.046935430032889,3.23628308888235,0.0281175314659973
"1433",0.00173174082802608,0.0934876831531284,-0.0466388044462967,3.2362824671147,-0.37555203279597
"1434",-0.0139959518849759,0.0961476792438088,-0.0480360541087566,3.23628292318882,0.319309061684582
"1435",0.0119264509769373,0.0967925912369041,-0.04613406991398,3.23628274237077,-0.281690327111349
"1436",-0.011299385164407,0.0970512254319223,-0.0471057411311194,3.23628250610344,0.187881689837995
"1437",0.00728872263516691,0.0952515263514021,-0.0465160949068466,3.2362820153304,0.281162322053059
"1438",0.0116680912144385,0.0963346965058724,-0.0456405768379311,3.23628205606729,-0.0561692581702744
"1439",-0.00344835881863298,0.0934731555521058,-0.0463489138357786,3.23628157299727,-0.253152823772247
"1440",-0.0089172063784088,0.0928829425799242,-0.046904583742712,3.23628132964329,-0.0187775796251663
"1441",-0.000897371601013455,0.089991686099178,-0.0466342216764457,3.2362809408759,0.77632153439532
"1442",0.0308986873490924,0.114848967085423,-0.0296842863424055,3.23630650991007,-0.205185671689473
"1443",-0.00740044880728548,0.111848576130171,-0.0426661608965968,3.23630281110406,0.447136282927964
"1444",0.0169746379359643,0.115974520240498,-0.0437084215833881,3.23630100878914,-0.148823392736681
"1445",-0.00631366887946033,0.112728251568554,-0.0459500687655596,3.23629803051031,0.176703138282258
"1446",0.00708700579642418,0.1100873777531,-0.0462769776880346,3.2362954690917,-0.279147850385031
"1447",-0.00908240671647695,0.108479762979097,-0.0467748506792977,3.23629332182239,0.0372647665948439
"1448",-0.000251634232345753,0.104719655172887,-0.0466026590981774,3.23629134436343,0.0279394646753431
"1449",0.00221912670463723,0.101291613592156,-0.0465570165602918,3.23628962936227,-0.102482889670213
"1450",-0.00459128282829585,0.0984940283586005,-0.0465951370876422,3.23628815032482,0.167644632725235
"1451",0.00691837094968587,0.0965748784634373,-0.0464067132305927,3.23628690707913,0.61230361075714
"1452",0.0234034396105372,0.109704148726345,-0.0396602820765216,3.23629356781795,-0.148093325844299
"1453",-0.00577814551793626,0.106553184719569,-0.0449735767534794,3.23629156848824,0.52658443081197
"1454",0.0208512554511559,0.115227930621508,-0.0422668057807398,3.23629350832184,0.459644126036692
"1455",0.0175652468670463,0.120901626855998,-0.0430767255111343,3.2362934949781,0.0366804222361114
"1456",0.000822589135434609,0.116532515650393,-0.0457290845304566,3.23629149466074,0.0916422351526502
"1457",0.00504633086094721,0.113079232123834,-0.046304863160877,3.23628977057401,-0.0916422351526502
"1458",-0.00470784425895504,0.109652480263821,-0.0465291172808435,3.2362882710343,0.484749657326369
"1459",0.0193548237221287,0.116482003555906,-0.0435363026009439,3.23628955980963,-0.40226786737776
"1460",-0.014919270753519,0.118100891713365,-0.0469460854079961,3.23628876584102,0.10986999823423
"1461",0.00328970115004644,0.114027549097589,-0.0466353904536455,3.23628739280676,0.420053580834934
"1462",0.0168021626065771,0.118277694669784,-0.0446152344615949,3.23628766215434,-0.474973490682157
"1463",-0.0195668226162486,0.12435583352185,-0.0486697570128537,3.23628854687972,0.0366166243563906
"1464",0.00178522377172702,0.119765671801918,-0.0470491027779376,3.2362872019809,-0.128216887241968
"1465",-0.00600261080092692,0.116412257146488,-0.0467453537912519,3.23628605519599,-0.10085729548847
"1466",-0.00394550789236185,0.1127242390258,-0.0466241349419809,3.2362850455734,-0.045877873906508
"1467",-0.00195046101678856,0.108854922496527,-0.0465708377561689,3.23628416484146,-0.0734484057991522
"1468",-0.00388393668225852,0.105519134781252,-0.0465812635191788,3.23628340522528,0.503871708714107
"1469",0.0205082876773083,0.113929739433757,-0.0427414268574477,3.23628630704094,0.228195982370726
"1470",0.00885201073876075,0.112572963418254,-0.045288223661924,3.23628541373485,-0.228195982370726
"1471",-0.00908121190227939,0.110796527325932,-0.0465254410860872,3.23628459004693,0.0365463686114273
"1472",0.0024259492257477,0.107026044750657,-0.0465400107809854,3.23628376964776,0.328317668378861
"1473",0.0119497063149566,0.107542543502819,-0.0457733469841472,3.23628348245713,-0.273523146459945
"1474",-0.0100782493716746,0.106501236729022,-0.0467564835963571,3.23628297891795,-0.806677763321646
"1475",-0.0325433153111887,0.134316898749506,-0.0625407750172538,3.23630636793772,-0.0368222410493932
"1476",-0.00135693422284349,0.129364989777665,-0.0503267089876071,3.23630266284593,0.156400970287005
"1477",0.00613458455712704,0.125549865032526,-0.0473653216543684,3.23629946685638,-0.0643707778905822
"1478",-0.00144527765617512,0.120907876464202,-0.046742433534067,3.23629667537994,0.54126089665839
"1479",0.0205483922107633,0.128656080212038,-0.0434215182984976,3.23629704257248,-0.385003683928223
"1480",-0.0166544227523011,0.13109370074784,-0.0471491430916816,3.23629545349002,-0.119468837441723
"1481",-0.00325385339857915,0.126555951232998,-0.0467103224484286,3.23629319677732,0.045966445304893
"1482",0.00273303518283189,0.122014991017413,-0.0465812518608492,3.23629123654588,0.860259720898694
"1483",0.0327757369493755,0.148894271681492,-0.0336219529169125,3.23630769414576,0.063766797879268
"1484",0.00417899445974065,0.14382771007991,-0.0434564097575269,3.23630382205288,-0.42893061427688
"1485",-0.0174078811088502,0.146793650806256,-0.0472774430325258,3.23630144191473,0.892294001819319
"1486",0.037100308352205,0.179454455850483,-0.0334061118012084,3.23631726240718,0.56042811420421
"1487",0.0207393689026635,0.186179616134328,-0.0412196352377194,3.23631385576288,-0.343115460772875
"1488",-0.0118417310733745,0.181780700533764,-0.0455512379202409,3.23630925679695,-0.780899273817515
"1489",-0.0308506293723345,0.202542031854659,-0.0524574402468941,3.23631189743091,0.264008528784083
"1490",0.0111250405210805,0.196591176999982,-0.0477770088164317,3.23630751368845,-0.58357054462486
"1491",-0.0219810720919085,0.201574595490562,-0.0486178005500231,3.23630494523167,0.246609249519364
"1492",0.00673530333901866,0.193823950283001,-0.0470025146787582,3.23630143476284,0.745254744398331
"1493",0.0297613074951618,0.211645631489017,-0.0417377602015484,3.23630338495564,0.31641304706279
"1494",0.0104437060006552,0.206267177154291,-0.0451652868916454,3.23630016823246,-0.18972766227948
"1495",-0.00600943103763974,0.198174493201313,-0.0462520086009524,3.23629728915615,0.469145573579749
"1496",0.019084426529349,0.199913406925394,-0.0453023343893278,3.23629552925764,0.38629163608612
"1497",0.0144875623173794,0.19798651445995,-0.0456417369963871,3.236293571154,0.0985795661675976
"1498",0.00486248036069104,0.19028276428776,-0.0463071261119962,3.23629156579391,0.31301729264806
"1499",0.0132042978300554,0.18734159171064,-0.0460432917836505,3.23629002654975,-0.31301729264806
"1500",-0.0133853900561383,0.184155734624489,-0.0468374011996921,3.23628866622547,-0.0537586250739283
"1501",-0.00159116823846889,0.176466120665853,-0.0466191735853319,3.23628730563737,0.767792362094899
"1502",0.0297221864706083,0.194583077280767,-0.0411084697149568,3.23629187134027,-1.00108093806412
"1503",-0.0395577635434206,0.228972851616716,-0.0554880772766149,3.2363033532093,0.39447782910163
"1504",0.015200844429697,0.224161133860174,-0.0482977337053486,3.23630019993704,-0.619308176967764
"1505",-0.0248340407782613,0.231247057748315,-0.0490419575406302,3.23629889943016,0.708745621441328
"1506",0.026806372948679,0.240270331261777,-0.0447337600568771,3.236298108516,0.125078190165269
"1507",0.00799252872354693,0.231821918096463,-0.046023781373675,3.23629552374752,0
"1508",-0.00260978986128081,0.22160517589911,-0.0464271037906709,3.23629325471181,0.853490244983725
"1509",0.036509564678892,0.250241794061895,-0.0393481506944278,3.2362995583263,-0.3725059739799
"1510",-0.0169479881640963,0.245871859597976,-0.045313632155963,3.23629696870253,0.0177698801000672
"1511",0.00187527225352212,0.234792952768725,-0.046257707518766,3.23629450813915,0.18639334380627
"1512",0.00756101813336296,0.2259554896864,-0.0464199476626378,3.23629238777316,0.0797766296797814
"1513",0.0018041226365516,0.216027656041811,-0.0465175194508187,3.23629053413519,-0.577599686421909
"1514",-0.0203757293529278,0.218465822055086,-0.0478346210177504,3.23628976817598,0.142488224303595
"1515",0.0042616089803311,0.209158481806881,-0.0468462060853838,3.23628826216964,-0.0712187335363629
"1516",-0.00304758389284791,0.200241993517906,-0.046623264487979,3.23628695533476,0.0178094390497416
"1517",-0.000252845005674942,0.191565831335531,-0.0465668189290971,3.23628582125536,0.142361444098567
"1518",0.00664026662430409,0.184625398808542,-0.0464995953566536,3.23628484958675,-0.722797953371596
"1519",-0.0297261197737063,0.201972797700636,-0.0515377955665343,3.23628910789139,0.125302083878445
"1520",0.00604227695879582,0.193889937730251,-0.0477060970062663,3.23628769186282,0.0625922137840268
"1521",0.00228550045744733,0.185734220955854,-0.0468192811304541,3.2362864604629,0.712570931723543
"1522",0.0277658166024258,0.200344230363721,-0.0424263976383436,3.23628942736493,0.813228206725557
"1523",0.0333060156362624,0.225984852531967,-0.0385414111938659,3.23629602825726,0.447978262469984
"1524",0.0159357733807744,0.224553597068468,-0.0439208702562853,3.23629409244071,-0.21934643582813
"1525",-0.00845128017835682,0.2163499029753,-0.0459992962018606,3.23629203009611,0.341970608152564
"1526",0.0144677355407587,0.212606208236488,-0.0459843980214493,3.23629042101796,-0.843886864586466
"1527",-0.0329433365067134,0.233678542492262,-0.0517836209444821,3.23629444817446,0.466776134838867
"1528",0.0166056354033689,0.230013645671864,-0.0472909803371297,3.23629255435461,-0.431471633148253
"1529",-0.0156905655409013,0.226303330046707,-0.0472023873740523,3.23629090213549,-0.141292852894942
"1530",-0.00773531472907314,0.218252268056045,-0.0467872686113085,3.23628926717127,0.44087894356091
"1531",0.0184528007751057,0.218166262566379,-0.0456963743218228,3.23628835353441,-0.688622832441689
"1532",-0.0294203599887077,0.232421223233584,-0.0499438677662042,3.2362903286121,0.150489117942032
"1533",0.0072841086595012,0.223109762522441,-0.0473180993137008,3.2362887537116,-0.0796424979047028
"1534",-0.00376552035769991,0.213557481286221,-0.0467368863303595,3.23628738207838,0.397579708230732
"1535",0.0153223309137803,0.210846313772129,-0.0460446307493989,3.23628646029463,-0.362175211489872
"1536",-0.0122578701297716,0.205541485447477,-0.0466840070543296,3.23628548782746,-0.612491373739577
"1537",-0.0249909004830114,0.215403375759976,-0.0493309192280275,3.2362868520641,0.426477767688065
"1538",0.0186707634641465,0.214992565390216,-0.0463467692989604,3.2362862197369,-0.17747808367863
"1539",-0.00773797175906566,0.206947250232113,-0.0465550761619157,3.23628519515295,-0.133315577670788
"1540",-0.00605098472944157,0.19907997471748,-0.0465929878297916,3.23628430305167,0.761942199562946
"1541",0.0298091159364067,0.215835811376238,-0.0420456584377607,3.2362879818661,0.738659707460138
"1542",0.0270904983927539,0.229493688851779,-0.0419974332779225,3.23628987742947,-0.738659707460138
"1543",-0.0278482376181154,0.240066290354063,-0.048186122056278,3.23629061618054,0.67731270058459
"1544",0.0269674102240138,0.2486819447267,-0.0446518182260877,3.23629079556749,-0.377673805381928
"1545",-0.0162636779647112,0.244119117979704,-0.0465414247687266,3.23628935265187,0.184623552376142
"1546",0.00632217335344997,0.234028973010265,-0.0465238989028198,3.23628790504517,0.473187002783332
"1547",0.0211818743194763,0.236866274227063,-0.0451955713624284,3.23628753552451,0.349070953982331
"1548",0.0111672902955423,0.230403636883236,-0.0459977811904126,3.23628640999137,-0.305370389549572
"1549",-0.0100407298073715,0.222785352997785,-0.0465434309185176,3.23628538519053,0.340210560618845
"1550",0.0128082758880974,0.217370903788098,-0.0462658692231464,3.23628456976442,0.339057051613895
"1551",0.0129335016500413,0.213012323549653,-0.0461114340529108,3.23628391118347,0.52802546400178
"1552",0.0211144172514103,0.21721372254243,-0.0448519134585312,3.2362842941121,0.756862648000756
"1553",0.0308593005916434,0.236760131608002,-0.0412759185425782,3.23628845352226,-0.360515411931045
"1554",-0.0152790805573252,0.231869123481972,-0.0456804051404342,3.23628728256552,0.017196904599559
"1555",0.00209440471954004,0.221561716355472,-0.0463439724496652,3.23628610515854,-0.473995802771909
"1556",-0.0187363619647037,0.221837751938799,-0.0474660131866386,3.2362856540636,0.215731196408694
"1557",0.00724447330197084,0.21323167934039,-0.0467246400475067,3.23628470080262,0.223867839320155
"1558",0.0108512543363166,0.207454407046748,-0.0463732914677886,3.23628394357648,-0.0946521604030942
"1559",-0.00445880645063176,0.198860329174903,-0.0465186190585942,3.23628320989253,0.0774493390979847
"1560",0.0040666401546925,0.190693523595571,-0.0465318235685753,3.23628257332095,0.00860178057388028
"1561",-0.000943233661974688,0.182542010464223,-0.0465453332718398,3.2362820197385,0.00860104073122925
"1562",0.000420202369662603,0.17481304915049,-0.046548418721561,3.23628153948804,0.0601865802098561
"1563",0.00295449155606238,0.167749444890033,-0.0465435946204634,3.23628112344673,-0.189279932618627
"1564",-0.00773379756556057,0.162491486348686,-0.0466477869591498,3.23628078960247,0.0774760078353115
"1565",0.00323281560943307,0.156079986669487,-0.0465666426943212,3.23628047295553,-0.0344263709398884
"1566",-0.00134660268675175,0.149805676978238,-0.0465539120995706,3.23628019763156,1.42731366289913
"1567",0.0556707699460042,0.233579570631819,-0.000543346007799802,3.23637854915397,-0.169865846858056
"1568",-0.00624919059022529,0.223595363129867,-0.0357080856480244,3.23636528260455,0.610171384621472
"1569",0.0237654010944861,0.229717292386326,-0.0420843462560249,3.23635518773152,-0.186046565291972
"1570",-0.00708983921674142,0.220560317515087,-0.0455291847979758,3.23634502106094,0.143793638648229
"1571",0.00522318985829477,0.21150262847174,-0.0462906702056456,3.23633619773376,0.303823341147633
"1572",0.0150292135880825,0.208953872942512,-0.0459247960283105,3.2363288188076,0.897619382015821
"1573",0.0339237351088648,0.234370030091901,-0.0397285526896689,3.23632965305016,-0.142075156571739
"1574",-0.00406679854746783,0.224081184825416,-0.0449434906570704,3.23632286294959,-0.0501924052698971
"1575",-0.00264701286801424,0.214354128432023,-0.0461738664721756,3.23631697239783,0.0752791637741668
"1576",0.00473290111472032,0.205540686839165,-0.0464453221400331,3.23631186420496,0.208811936386197
"1577",0.00740331520155305,0.19824809761005,-0.046452118915519,3.23630744854831,-0.384551552309639
"1578",-0.0130729599555999,0.194415560933331,-0.0468933152527889,3.23630375675605,1.45514561955043
"1579",0.0554914603100378,0.273751293696575,-0.0165726201336462,3.23635628846839,1.84842099184863
"1580",0.0722891855123877,0.42203491718349,0.00522093528362254,3.23644084398335,0.323624877920831
"1581",0.0125204919264541,0.408330805487486,-0.0341345677635891,3.23641939613504,0.322580924888266
"1582",0.0136672615792812,0.394334170436792,-0.0434526959721011,3.23640077306826,0.44185651322497
"1583",0.0143056668587341,0.381661409951941,-0.045614323619265,3.23638463346372,-0.61108174398774
"1584",-0.0239371032658121,0.379130292910362,-0.0471688193345786,3.23637103372619,1.10684479361831
"1585",0.0411612000530622,0.407821765329154,-0.0423734413490648,3.23636297196587,0.644009381472971
"1586",0.0254067393390548,0.409221721027191,-0.0443898969214016,3.23635250897111,0.89941434712287
"1587",0.0352379815734188,0.42745688836336,-0.0432223075858813,3.23634507102805,-1.3044178786839
"1588",-0.0493367520127744,0.473345877780668,-0.0518828737373034,3.23634293036896,-1.20883671921445
"1589",-0.047235354321968,0.52020701082539,-0.0534673633013543,3.23634041366038,1.26452265200064
"1590",0.0521936763763462,0.567939804283035,-0.0429090686739995,3.23633768516038,-1.11161127055014
"1591",-0.0437157102183239,0.589965941209107,-0.0483116426250328,3.23633199178094,0.721156971556042
"1592",0.0251424216272977,0.576360540954935,-0.0465250502846597,3.23632509174792,-0.456128506583786
"1593",-0.018617661911606,0.556577707851019,-0.046737865874008,3.23631897292233,0.949917340427725
"1594",0.0379771161234717,0.569087397651109,-0.0446643097464153,3.23631503400698,0.364790253853264
"1595",0.0185581428578347,0.552335514512764,-0.0458137813575216,3.23631029561641,-1.01039087027943
"1596",-0.0429711600703384,0.576596079532118,-0.0492232269445993,3.2363084831292,-0.456823074545731
"1597",-0.0142953878145044,0.555190986560486,-0.0473245469725297,3.23630454258,0.136463998700997
"1598",0.00456048469016924,0.527984923017023,-0.0467298092422623,3.23630107887277,-0.619595625305708
"1599",-0.0229754634384557,0.516849173197807,-0.0470707328072475,3.23629829782777,0.539345239809552
"1600",0.0186234041217951,0.500343332877432,-0.0464400839234772,3.23629574656706,0.320615856563294
"1601",0.011269919817627,0.479786035366895,-0.0464478953147642,3.23629346704943,0.255754615111703
"1602",0.00890892848829259,0.458687174515139,-0.0464873008224818,3.23629147802938,0.358551836259699
"1603",0.0152988618939172,0.443285016519097,-0.0463434931361283,3.23628981071648,-0.718393894213032
"1604",-0.030253345707388,0.447115686743518,-0.0478706474056097,3.23628920819402,-0.377222647240646
"1605",-0.0132118513541813,0.431243040395113,-0.0470158159619309,3.23628782538633,0.633243268723016
"1606",0.0243831463305895,0.426729478815744,-0.0459152303511074,3.23628697934664,-0.0559485288142786
"1607",-0.00224108981319018,0.405979908533402,-0.0463999379939172,3.23628584208967,0.223606545812494
"1608",0.00768533165162622,0.387967379876928,-0.0464878530246405,3.23628486015808,-0.319591195638955
"1609",-0.0133838794719958,0.37420974338007,-0.0466785356604707,3.23628404862899,-0.54566015665293
"1610",-0.0201262245138117,0.368596521368783,-0.0471763821869797,3.23628359992681,0.457593220093561
"1611",0.0190224710439235,0.36055525189611,-0.0462772912385127,3.23628309843339,1.09133994303113
"1612",0.0423501150436222,0.397188631973383,-0.0407528398059628,3.23628861074717,-0.150644230669308
"1613",-0.0049668262904266,0.378288690854322,-0.045184507094365,3.23628725754666,0.680059555942278
"1614",0.0269776012543873,0.380896264456034,-0.0449472017522623,3.23628691482614,0.495264563308168
"1615",0.0176280990078614,0.372682566095899,-0.0457411484160948,3.236285980431,-0.526792899661396
"1616",-0.0214455339227463,0.367274592607141,-0.0469679807080077,3.23628528436134,0.777419597267368
"1617",0.0307049222288515,0.375535343653291,-0.0447927994712944,3.23628573504125,-0.0860820963278996
"1618",-0.00473312932017559,0.357838112039011,-0.0461380549705996,3.23628476287081,0.117366313695511
"1619",0.00405349916282899,0.341160481613748,-0.0464481819980186,3.23628391963578,-1.75124772168397
"1620",-0.066888428581364,0.454142334160992,-0.0696454478405556,3.23632257746909,1.21021844885922
"1621",0.0463930642177157,0.487465012365278,-0.0477485093150086,3.23632083903075,-1.32965947910382
"1622",-0.0504725425999651,0.53210071480316,-0.0520788097445017,3.23632066852335,-0.223339009641385
"1623",-0.0130219421260085,0.512195878707127,-0.0479883691989879,3.23631510974945,-0.231842451051717
"1624",-0.00700781582750978,0.488466142242277,-0.0469067476744372,3.23631024881138,0.175929673525754
"1625",0.00456530596666191,0.464899835523112,-0.0466300826292979,3.23630602932395,-0.264010713772186
"1626",-0.00587700555880062,0.443002267597659,-0.0465774667057894,3.23630236960027,1.01224313079142
"1627",0.0370355140766341,0.460638980846989,-0.0439343063104951,3.23630135551137,0.514139950041881
"1628",0.020082052942799,0.45148328277569,-0.0454373347338062,3.23629854816479,0.0946297681214237
"1629",0.00297623018328901,0.429772557231298,-0.0462843828358888,3.23629587858616,-0.521575388196766
"1630",-0.0196984022012667,0.419938087748687,-0.0469000870058264,3.2362937464813,-0.508381426966667
"1631",-0.0194596754535516,0.411381488537164,-0.0471039818300485,3.23629193247297,-0.583045459829387
"1632",-0.0222179395242731,0.406729440089946,-0.0473934131750203,3.23629052016017,-0.0400592882815687
"1633",-0.00432577954229748,0.387785772845184,-0.0467568412897726,3.2362889148605,0.216129761938885
"1634",0.0066920987404896,0.370306219403764,-0.0465804981012655,3.23628752398125,0.29542118974315
"1635",0.0113369397989783,0.356431425987263,-0.0464493388184966,3.23628634509709,0.294551022975684
"1636",0.0114450597295415,0.343496813417058,-0.0464033200807535,3.23628532822946,-0.143186724010547
"1637",-0.00671770150345191,0.328292612327907,-0.0465339089414964,3.23628441272234,0.262352577238456
"1638",0.0118696250003628,0.316670074219252,-0.0464168685341535,3.2362836543956,-0.877198607283708
"1639",-0.0344365023010615,0.335245580508374,-0.0499291433271377,3.23628602835706,-1.59047473264202
"1640",-0.0630266700155174,0.439596719043655,-0.0686587721461646,3.23632035499682,-0.825336656395106
"1641",-0.0325199156969996,0.453639172434016,-0.0540432028021502,3.2363165903314,0.515612714937086
"1642",0.0182714526177728,0.439783427958092,-0.0480676689099459,3.23631162419272,-0.220651419561038
"1643",-0.0067698404768925,0.419350718246008,-0.0469192639737814,3.23630722378222,0.473392983312135
"1644",0.0167589906541983,0.406841257175101,-0.0463804446768982,3.23630350200032,-0.358920362471593
"1645",-0.015970747818597,0.393911975741818,-0.0467240997397633,3.23630025276694,-0.754658654939536
"1646",-0.0269269391756038,0.396898674044585,-0.0479024887201636,3.23629821603181,0.287769982761521
"1647",0.0136103499371172,0.382270223582444,-0.0467458246072362,3.23629562668381,-0.774750434238425
"1648",-0.0315656384075194,0.391792563752179,-0.04855607611574,3.2362948111821,-0.422868670433141
"1649",-0.0173665941444991,0.382907682048368,-0.0474298212539472,3.23629281689716,-0.12471421279738
"1650",-0.00533549102401903,0.365505120518664,-0.0467712895828708,3.23629090839075,0.47308881861767
"1651",0.0180093941267756,0.357176641485464,-0.0462059909109744,3.2362894243954,0.676681902104298
"1652",0.0283206219861112,0.364548030050393,-0.0446919296589123,3.2362892499343,-0.519481687710399
"1653",-0.0212663544280176,0.35886470812668,-0.0466880945186854,3.23628809902299,-0.248323941860726
"1654",-0.00751520774519523,0.343720828302175,-0.0466240801673339,3.23628682216219,-0.165892539704068
"1655",-0.00462775663418714,0.328067497438847,-0.0465761800669951,3.23628570687348,0.678417427848668
"1656",0.026023588568049,0.331925532528229,-0.0451317082619355,3.23628569628596,-0.471094718102585
"1657",-0.0163225129084876,0.322993957243251,-0.046505516483307,3.23628484405149,0.273009476706465
"1658",0.00915814013540902,0.309851644319047,-0.0464868386583327,3.23628400132536,-0.729688146427579
"1659",-0.0288606282615811,0.318877501381866,-0.04861595894231,3.23628484780393,-0.492221408433599
"1660",-0.0195838822101074,0.31630231826143,-0.0478022999550045,3.23628441171153,0.217209776293656
"1661",0.00926961567494806,0.303509887672224,-0.0467913314906151,3.23628362666353,0.241717142070438
"1662",0.00811780885810985,0.291392008005979,-0.0465498743696618,3.23628294652868,1.22457264169371
"1663",0.0497127820674116,0.350464899868624,-0.0342048432827372,3.23629940590356,0.598534152675842
"1664",0.0227865524397277,0.351502294951464,-0.0425067616527763,3.23629732732836,-0.204574352267808
"1665",-0.00934394458777197,0.336801404411039,-0.0456408243751486,3.23629482879055,-0.0737493375500747
"1666",-1.09688551497176e-05,0.320819311400622,-0.0463351056667114,3.23629265169768,0.653650501177511
"1667",0.0261777613634471,0.325571180415057,-0.0449682615114753,3.23629181791001,0.260268548710238
"1668",0.0117231567969773,0.314902637885547,-0.0460034819186665,3.2362900973224,0.994148418166782
"1669",0.040508287273874,0.348787521537896,-0.0403874478001699,3.23629511547916,0.144659673221598
"1670",0.00538077980532515,0.333569534706795,-0.0450706070548925,3.23629290489318,-0.136617532399377
"1671",-0.00652101313612024,0.318911484484115,-0.046220835067288,3.23629098595732,0.10448901806677
"1672",0.00581839824083712,0.304780200656327,-0.0464570785586818,3.23628932010941,0.600698614585965
"1673",0.0225386959460669,0.305546896374881,-0.0454401741406548,3.23628854153132,-0.97898390612601
"1674",-0.0366427982173922,0.328334646913952,-0.0504853737178355,3.23629124683219,0.4264741929625
"1675",0.0150035274354236,0.318141468117982,-0.047271924664725,3.23628961689757,0.400673666891518
"1676",0.0152820273330675,0.310461862584652,-0.0463743996382575,3.23628827516552,-0.521189489134788
"1677",-0.0211684158815077,0.308160821823578,-0.0472881199130683,3.2362873956475,-0.233409901131165
"1678",-0.00867699406683346,0.296329601983289,-0.0468015066802319,3.23628622313244,-0.581866842906903
"1679",-0.0233306005896778,0.298766532442778,-0.0478836945265446,3.23628601274381,-0.683151648398403
"1680",-0.0257628256610089,0.305466073066863,-0.0486668261350679,3.23628631567074,0.30962299647754
"1681",0.0109630971533398,0.294030389476802,-0.0469582468766593,3.23628529064186,0.243763832414065
"1682",0.00888445396806351,0.282849836494145,-0.0465672266256395,3.23628439721959,0.024343733637483
"1683",0.00139267683611007,0.269838029178799,-0.0465530493709079,3.23628360204559,-0.251838144393601
"1684",-0.00997879660710905,0.260292121379048,-0.046658368238603,3.23628294298699,-0.554650687828415
"1685",-0.0202624768957051,0.260776804134414,-0.0476037861985729,3.23628296146943,-0.0327225133809866
"1686",5.47929933073459e-05,0.248873845559868,-0.0467981133169523,3.23628235646675,0.359360073106818
"1687",0.0131071168936008,0.242578235158581,-0.046326703426122,3.236281941861,0.34182502560034
"1688",0.0138480306628497,0.237618136885517,-0.046112402677252,3.2362816391161,0.162364055801922
"1689",0.00672764080984975,0.228472212865027,-0.0463948705598497,3.23628122073223,0.437070707922582
"1690",0.0160887515865359,0.2260407337751,-0.045892093091226,3.23628116307804,-0.428959421062458
"1691",-0.0174496307463486,0.22418774504463,-0.047080730657908,3.23628115839588,-0.0892603621564236
"1692",-0.00318112747668371,0.214660019834356,-0.0466831408164719,3.23628079327642,0.679614266283465
"1693",0.0266692598839664,0.225653142885387,-0.043665061456963,3.2362829667957,0.731073752200606
"1694",0.028322425452912,0.240639773157654,-0.0422050954361515,3.23628573923551,0.765492933442988
"1695",0.0315652980711792,0.26077939534286,-0.0409421107419676,3.23628931851055,-0.405938393234534
"1696",-0.0166405893868344,0.255743908609103,-0.0456523396463999,3.23628806273088,0.28671571090926
"1697",0.0132242663948124,0.248680047192932,-0.0460996247681093,3.23628687025458,0.610507347166303
"1698",0.0241685758465895,0.255092351302435,-0.0445621205858194,3.23628713626142,0.418064107224747
"1699",0.0166690188837059,0.252482937657854,-0.0454226883890403,3.2362863204849,0.337904529600427
"1700",0.0154122065181691,0.248497289417596,-0.0457768348437868,3.23628551216565,-0.322162695644271
"1701",-0.0138922422633955,0.2423584785593,-0.0466608346877276,3.23628468599647,-0.378489649122782
"1702",-0.0134101717800112,0.237075677829239,-0.0469288417721872,3.2362840018369,0.661419734118279
"1703",0.0259362210892232,0.245159614617893,-0.0444351125168123,3.23628497411244,-0.141364980739878
"1704",-0.0052357497526473,0.234592622821756,-0.0460603222876472,3.23628410370783,1.48220203173777
"1705",0.0567442255960105,0.316827229544221,-0.0217712738275109,3.23632628030835,0.309262655645004
"1706",0.0120760603877379,0.307844629851141,-0.0404511219877669,3.23632003314072,0.131147559781059
"1707",0.00336228616214038,0.293834571596609,-0.0451059856504671,3.23631451770235,0.18485717349177
"1708",0.00879032883376732,0.28245692294854,-0.0461398184862358,3.23630974934887,-0.362333202945581
"1709",-0.0167963200359487,0.277231315451945,-0.0469126871204131,3.23630580799792,0.661999184619066
"1710",0.0264448974659563,0.283725216047417,-0.0448138470142562,3.23630350657024,0.00767194752765987
"1711",0.00071433060524954,0.270667637333617,-0.0461395073011232,3.23630017994047,0.107345509464463
"1712",0.00418537080602569,0.258734725857877,-0.0464444798727455,3.23629729496406,-0.0766636038774526
"1713",-0.00207580583423203,0.24703116292461,-0.0465254666292018,3.23629479121803,-0.9090971701252
"1714",-0.0359997709666411,0.273621802487456,-0.0524755597806879,3.23629904082502,0.193296538323517
"1715",0.00844213167041278,0.262449716198543,-0.0479094375613922,3.2362963132981,0.423941745671325
"1716",0.0164781834171054,0.258639841618333,-0.0463224387504683,3.23629420755326,0.674590522955054
"1717",0.0267947085483066,0.268684472929685,-0.0440601085192476,3.23629407270875,0.487768667705929
"1718",0.0203918097047693,0.269683837389363,-0.0448646575608938,3.23629267291326,0.288490938014124
"1719",0.00920245358943088,0.260191378706927,-0.0460412537170674,3.23629081323606,-0.0834249792421526
"1720",-0.00354502372308242,0.248598016120467,-0.0464333138314567,3.23628916844322,-0.54777982377931
"1721",-0.0210800543756682,0.250395052962538,-0.0477171192001945,3.23628849966963,0.160079311540517
"1722",0.00593105337409821,0.239787567060457,-0.0468083403342876,3.2362871635119,-0.979724637194163
"1723",-0.0379054742316121,0.270171856069328,-0.0536706590511625,3.23629410195914,0.857782696925541
"1724",0.0318491727803443,0.284498972269719,-0.0451385298774214,3.23629471323927,-1.05026071762299
"1725",-0.040513471780171,0.316043615825233,-0.0524016418408559,3.2362993412216,0.629947539138465
"1726",0.0233125678645859,0.31486058413286,-0.0470350294294238,3.23629708187946,0.221839830890175
"1727",0.0105424741509615,0.303856839252942,-0.0465319472063585,3.23629464650048,-0.0611480566328149
"1728",-0.00568514080780955,0.290439511228319,-0.0465588339571346,3.23629249548995,-0.153033926874518
"1729",-0.00313819565957453,0.2772614923839,-0.0465553756447529,3.23629062784418,0.534597271370307
"1730",0.0196906362075997,0.275570452933191,-0.0457551034175926,3.23628944821718,-0.297494403016479
"1731",-0.0107571391074801,0.265752854567889,-0.046468747027555,3.23628801416348,0.730708076929942
"1732",0.0272211778375298,0.274406757140536,-0.0443520458990993,3.23628842856302,0.778096465826272
"1733",0.03063724664181,0.290925462032254,-0.0425934699239042,3.23629020212418,0.330553978395071
"1734",0.01183093701326,0.282321988718753,-0.0453976545091695,3.2362887167503,-0.315505069412569
"1735",-0.0108475025965405,0.272378788751931,-0.0463934613635038,3.2362873830536,-0.694604529237808
"1736",-0.0270274837786776,0.281707338687956,-0.0487693502013163,3.2362879625984,0.0151515151805004
"1737",0.00168546565621452,0.268680033727748,-0.0470729391606066,3.23628669508498,-0.485990781125151
"1738",-0.0180243241863632,0.26569582022505,-0.0473176412653313,3.2362859286105,0.931930827034544
"1739",0.0339721021123042,0.285621501936748,-0.0425632184195459,3.23628894120582,0.045238634564776
"1740",0.00222355539837202,0.272740378206383,-0.0456046797561088,3.23628754450703,-0.680737822802496
"1741",-0.0281119952613581,0.282969999318657,-0.048722509569085,3.23628824972641,0.816331063916087
"1742",0.0348234618218554,0.302857136228197,-0.0431123168654319,3.23629067787158,0.172990904710524
"1743",0.00436913775313431,0.289641326946686,-0.0457212039970266,3.23628905338697,-0.754322049993811
"1744",-0.0277999697325063,0.298326961584,-0.0484518277444927,3.23628924737153,0.377872275504537
"1745",0.0143463379602953,0.289497709410793,-0.0467764322975342,3.23628788988006,-0.0226321150677611
"1746",-0.00351343319357374,0.276294894148031,-0.0466054918821185,3.23628663220848,0.0603409280640843
"1747",0.00246364498930481,0.263702774140728,-0.0465612751080666,3.23628554102282,0.00754005655399514
"1748",0.00181212774809799,0.251733099062458,-0.0465513935246967,3.23628459434434,-0.120709181009138
"1749",-0.00682663090634017,0.241622295385297,-0.0465877072935252,3.23628378062988,-0.57536686852151
"1750",-0.0210383988348615,0.243899973216894,-0.0478210760288513,3.23628388327849,0.0910677758923506
"1751",0.00286530588712971,0.233004806899603,-0.046848221061876,3.23628315622811,0.325646847663774
"1752",0.0128825128600897,0.227471584568663,-0.0463173525671547,3.23628264687341,0.226569087179107
"1753",0.00908987120375162,0.220006001050142,-0.0463684069863148,3.23628212142346,0.105556821985442
"1754",0.00479310438225437,0.211037891088273,-0.0464861827743021,3.23628163106196,0.376081676812701
"1755",0.0134628559077083,0.207187070912607,-0.0461276494034837,3.23628138258192,-0.142744474108392
"1756",-0.00592323144562571,0.198979890346025,-0.0464757379212028,3.23628099130048,0.270290726909833
"1757",0.0105968731430208,0.193484187610772,-0.0463375213527089,3.23628071468167,0.46379496662135
"1758",0.0184809735767036,0.195526547699222,-0.0452701157902217,3.23628119486687,0.171507442957652
"1759",0.00635422098815815,0.188552744738871,-0.0461840475970681,3.23628083907834,-0.800393247015208
"1760",-0.0304242762823028,0.206917612716264,-0.0516663676282848,3.23628590731023,-0.353609818108952
"1761",-0.0138493713165564,0.20444609832647,-0.0483169667524857,3.2362851886,-0.900941098002422
"1762",-0.0347962951841791,0.231778148420196,-0.0543689210710144,3.23629291671493,-0.472633903143821
"1763",-0.0203253597155231,0.235061687374341,-0.0498115682125326,3.23629194559854,-0.39813236878784
"1764",-0.0170612974221929,0.23377254362197,-0.0480936624889066,3.23629057610084,0.176292537897665
"1765",0.00515764049575278,0.223882985068105,-0.0469011996944804,3.23628896408791,-0.306795761424616
"1766",-0.0113410045022022,0.217537968924633,-0.0468346365249639,3.23628763491561,-0.570065483405974
"1767",-0.022321175004452,0.222971019285265,-0.0484198134806302,3.23628772334575,0.408620128331555
"1768",0.0180226551154463,0.221606061161303,-0.0462480703593364,3.23628688959055,0.32263048418838
"1769",0.0115874580003116,0.216168669930215,-0.0462021204588169,3.23628587179237,-0.793074416652945
"1770",-0.0302810747928737,0.23244936395913,-0.0505609583307832,3.2362887973864,-0.550367654109835
"1771",-0.0212749577787327,0.236686643582875,-0.049063600054412,3.23628850878669,0.349175912484362
"1772",0.0147930232293277,0.231710029865993,-0.0467761558552847,3.23628732560681,0.840762405670903
"1773",0.0332940787326545,0.25464089582395,-0.041199456990235,3.23629181303105,-0.315421271628336
"1774",-0.0104976405975495,0.245501748893277,-0.0453813089082903,3.23629006089574,1.23292904607084
"1775",0.048303839609517,0.300951820857819,-0.0322721844256575,3.2363086979712,-0.38127238501029
"1776",-0.0165960171392273,0.293154630146238,-0.0434805001507834,3.23630480284738,0.57896101386905
"1777",0.0232563023867708,0.294330527482926,-0.0446972005806964,3.23630200702347,-0.0911923461631214
"1778",-0.00140993023900807,0.280623713559136,-0.0461125596072393,3.23629887901497,0.855450161672278
"1779",0.0313506380323634,0.296060888809644,-0.0432494930499425,3.23629898182229,-0.559378584606657
"1780",-0.0188903447652749,0.291304179504313,-0.046301276788591,3.23629651118782,-0.151722074317989
"1781",-0.00844197204795205,0.280198888173978,-0.046567235365687,3.23629413060042,-0.716193537503357
"1782",-0.0260090060466521,0.28737209321319,-0.0484640100827035,3.23629346365641,0.129904882059106
"1783",0.00310549852211641,0.274156544607464,-0.0470000373931793,3.23629146745866,-0.267635411139028
"1784",-0.00792299877449201,0.263287715354341,-0.0467069528400558,3.2362897470425,0.663947186618219
"1785",0.023278705355631,0.266541011063545,-0.0451959825040798,3.23628917137166,0.152010365973942
"1786",0.00677207621205424,0.256027506072864,-0.0461790415835266,3.23628775508242,1.05013619454891
"1787",0.0395620663517579,0.290388694203428,-0.0389007054656921,3.23629539069098,-0.157948210791892
"1788",-0.00552095062765609,0.277342687383139,-0.0447516391967571,3.23629313984244,-0.0677685354048718
"1789",-0.0026639351417507,0.264778301202302,-0.0461279241694823,3.23629118669502,-0.113049716226615
"1790",-0.00225696701964375,0.252807175097555,-0.0464514825541285,3.23628949218079,0.225971774373368
"1791",0.00734988684828089,0.242844623765004,-0.0464795925753129,3.23628803209816,0.240475053887929
"1792",0.0117732876521496,0.236106416262005,-0.0463055755237981,3.23628683836129,0.0600285153464941
"1793",0.00214477495703099,0.225704595866977,-0.0464894895340382,3.23628571996897,-0.0900562912646341
"1794",-0.0034922277789198,0.21599915979079,-0.046540983131059,3.23628475015333,-0.150274278786733
"1795",-0.0053836913317997,0.20736028748788,-0.0465733918462281,3.23628391280247,-0.127910931250425
"1796",-0.00470699391227097,0.199001109989117,-0.046574581739541,3.23628318491993,0.458216764176167
"1797",0.0174010405631237,0.198987679180095,-0.0456640433070726,3.23628306328303,0.16474468305987
"1798",0.00672187293045801,0.191965406432775,-0.0462696670154444,3.23628246234478,-0.464977588911364
"1799",-0.0181855697396224,0.193047684641219,-0.04754459617171,3.23628257078457,-0.127872445871924
"1800",-0.00411662830084468,0.185429296361374,-0.0468047034658842,3.23628202091234,0.0526731642412626
"1801",0.00261378447472056,0.177716096360663,-0.046606738686078,3.23628154074944,0.585060174706636
"1802",0.0236079944501599,0.186553332715342,-0.0438042046547449,3.2362834378393,-0.0598488833604527
"1803",-0.00129698437945507,0.178609493915969,-0.0459019442854499,3.23628276972999,-0.0449101803955521
"1804",-0.00199139204577791,0.1712076847789,-0.0463984362147552,3.23628219025251,-0.0973746378577445
"1805",-0.0020055188663575,0.164206830696392,-0.0465157641609318,3.23628168756224,0.0973746378577445
"1806",0.00396781495678036,0.157893430772023,-0.0465277488388296,3.23628125327758,0.0449101803955521
"1807",0.00302184829400591,0.151771882840542,-0.0465363543399462,3.23628087550713,0.982955267104402
"1808",0.0385077537977808,0.188975931891989,-0.0314338782044672,3.23630289184731,0.657338309902361
"1809",0.0258463597034635,0.202613736489584,-0.0391201728348493,3.23630327309067,-0.0515444950847432
"1810",-0.00236735298719929,0.193859816158007,-0.0447976266628464,3.2362999773823,0.345575874224308
"1811",0.0153024420962662,0.192233307657317,-0.0454970983782537,3.23629744749363,0.964214920963252
"1812",0.0363857064887686,0.2236738589014,-0.0369935504037781,3.23630663254466,-0.16005823715351
"1813",-0.00533795620780817,0.214183799150978,-0.0443044071774553,3.23630289286436,-0.0291290418604928
"1814",-0.00246366798204577,0.204965038228204,-0.0460228948329768,3.23629964776381,0.363504580563273
"1815",0.0145401039412976,0.202085223260152,-0.045921750565352,3.23629707181977,1.13289085518601
"1816",0.043631159633948,0.249996402882315,-0.0316618857031572,3.23631621036692,0.129069285091299
"1817",0.00723513365758157,0.240976779696039,-0.0429493398905145,3.23631122451392,0.021495360667434
"1818",0.000569067843246332,0.230138354675492,-0.0457002332148214,3.23630687544684,-0.272616568868633
"1819",-0.0113161875319159,0.223559673349715,-0.0465514226996288,3.23630317353484,-0.525805223369658
"1820",-0.0203647796223936,0.226195762524644,-0.0478715120667188,3.2363007584002,-0.209651260597382
"1821",-0.008881201752992,0.218845880611349,-0.0469919395295222,3.2362978354791,0.0289435602599586
"1822",-0.00145308326571788,0.209264534270688,-0.0466546474316298,3.23629526013462,0.605887600762345
"1823",0.0242327355704838,0.217060294789672,-0.0442856207884794,3.23629482957827,-0.461295325715444
"1824",-0.0178222821095657,0.215739767702246,-0.0467518202037802,3.23629305003816,0.266945795403101
"1825",0.0110358569454958,0.209330718048404,-0.0464262344642833,3.23629116529674,-0.274170445913774
"1826",-0.0112178398710952,0.203539233900817,-0.0467234250730526,3.23628954490463,0.0577825946015686
"1827",0.00193258304145638,0.194747281347792,-0.0465898714560799,3.236288067807,0.748151104948902
"1828",0.0312720669090735,0.214874419803404,-0.0410013041352305,3.23629267371991,0.307703559537187
"1829",0.0107351598841014,0.209563106214717,-0.0449744363781486,3.23629088464441,0.548649350898911
"1830",0.0224796259623124,0.215601284159078,-0.0442368341114301,3.23629067814062,0.305083779859294
"1831",0.0113304993787843,0.210426753140916,-0.0457218810603614,3.2362891615342,0.381814788956553
"1832",0.0139307215535563,0.207197626717784,-0.0458770628700176,3.23628795818281,0.324103714976109
"1833",0.0137281982576561,0.204057693956723,-0.0459126384534366,3.23628691488026,0.330068068893491
"1834",0.0127092919328062,0.200265726816792,-0.0460081214479598,3.23628595720063,0.545379620579006
"1835",0.0220140074689132,0.206289818022341,-0.0444477784967751,3.23628643621362,0.174173590553472
"1836",0.00684798494320562,0.199011551155384,-0.0459778333426231,3.23628539011784,1.19703902966786
"1837",0.0472136272578783,0.255814794608339,-0.0277185808743281,3.23631413900328,0.171803636389845
"1838",0.00687331451809955,0.246370411853204,-0.0420285358912578,3.23630942432433,0.102940680949787
"1839",0.00384968408388174,0.235714672177614,-0.0454742802635771,3.23630531482693,-0.508871954931756
"1840",-0.0191433545408833,0.235602876206021,-0.0472239938504633,3.23630229009427,-1.68246460320822
"1841",-0.0667610386518206,0.357280181975945,-0.088428429213221,3.23638565980544,-1.02890266392226
"1842",-0.0405275857302096,0.394214062930043,-0.0622582117049538,3.23637772768168,1.22502235975952
"1843",0.044966955302383,0.429751540971015,-0.0451415067917947,3.23636983641021,-1.23210626866341
"1844",-0.0473351369499322,0.469050332324164,-0.051425918627283,3.23636312248689,-0.16306856036496
"1845",-0.00822699128569201,0.448939051513557,-0.0477490056760036,3.23635190924941,-0.455160447273872
"1846",-0.0149398190743738,0.433712409627027,-0.0470155775884943,3.23634223284034,-0.399971963832446
"1847",-0.0144458756662138,0.41909768276325,-0.0468437162118199,3.23633383879247,-0.186246472175339
"1848",-0.0056072939500665,0.399814543179454,-0.0466322525074491,3.23632649587454,0.757146474205056
"1849",0.026646136689274,0.40071993321422,-0.045437082175391,3.23632082920268,-1.95450642256001
"1850",-0.0762861456811984,0.545577228184221,-0.0723229959925617,3.23636135716084,-0.203384976043719
"1851",-0.00796363676969807,0.521904206231135,-0.052678693909133,3.23635037810619,1.17104128452834
"1852",0.0480041136850083,0.562010925291849,-0.0435341550379144,3.2363452338705,0.0718390835493687
"1853",0.0012707684193168,0.534264399931048,-0.0458370888556285,3.2363363795821,-0.43181067456064
"1854",-0.01239288354412,0.512134285792262,-0.0464560531689905,3.23632871696977,0.43181067456064
"1855",0.0173581807108391,0.495027377178212,-0.0463241839120753,3.2363221220769,0.0717875120563705
"1856",0.000591905495736262,0.470622934167206,-0.0464961800186545,3.2363163293869,-0.633505826133457
"1857",-0.0226250736346605,0.462299603050232,-0.0470913288743264,3.23631157649849,-0.0866989433687737
"1858",-0.00494273804315055,0.440585404661276,-0.0466869786403083,3.23630718205121,0.187752799232688
"1859",0.00734217146317342,0.420529287998822,-0.0465624712768167,3.23630337160578,-1.39486460607001
"1860",-0.0539649382223466,0.483663782437196,-0.0553455550482798,3.23631091682278,0.408849222507846
"1861",0.0150782744841042,0.464694894374158,-0.0485235899584638,3.23630663641111,0.30554366852118
"1862",0.0108559499421875,0.445668560733748,-0.0469415771999149,3.23630291352522,-0.444073091717423
"1863",-0.0178837190246477,0.43270116795763,-0.0469191708819409,3.23629977356718,0.640002184546751
"1864",0.0259192247780186,0.430036231406864,-0.0457630095035884,3.2362974408634,-0.66919074283921
"1865",-0.0296674494710521,0.432879781919152,-0.0476569900516113,3.23629576023346,-1.25584582992003
"1866",-0.0473136172951584,0.479941585718746,-0.0530127062167476,3.2363002745376,-0.140516977600819
"1867",-0.00527298596372979,0.457771853806281,-0.0480906554813012,3.23629737862769,0.207008797863006
"1868",0.00647569543514569,0.43645387946996,-0.0469005614344289,3.2362948654565,-0.979672374440177
"1869",-0.0361127241713486,0.452445828468346,-0.0491116232936147,3.23629469044065,0.067101586860735
"1870",0.00119128887986922,0.430274000367954,-0.0471536902361202,3.23629253167525,-0.119322857024318
"1871",-0.00696796588902279,0.41067686191424,-0.0467101249773398,3.23629066175207,-0.643811177219589
"1872",-0.0244213177972248,0.408432707736002,-0.047474514107417,3.23628954652493,-0.270737925770498
"1873",-0.0102460360795387,0.392256459069052,-0.0468511201887828,3.23628809102637,0.974228328931448
"1874",0.03763170505422,0.413520680389601,-0.0433637640729318,3.23628969354478,-1.18531020150059
"1875",-0.0461758622600412,0.451405032601398,-0.0510056971223192,3.23629359501667,0.714369319891578
"1876",0.0274640886116786,0.448381612648486,-0.0467373752955981,3.23629207276664,-1.03182990396884
"1877",-0.0413387079775214,0.473459527706718,-0.0499640140515017,3.23629328274765,0.385356931599007
"1878",0.0144577685934283,0.454942837358595,-0.0472540655817842,3.2362913384659,0.713886180420764
"1879",0.0317870433326952,0.463009278161105,-0.0450042781752292,3.23629084790423,-1.94312997660622
"1880",-0.0796953091645565,0.618837575962112,-0.0699446565578987,3.23633004787344,-0.95121920049982
"1881",-0.0344452874433735,0.62872098160945,-0.0537563590649898,3.23632440835203,0.207892278916794
"1882",0.00792985374531585,0.59837259093873,-0.0482402956673432,3.2363183138875,0.773861272965298
"1883",0.0300159048731663,0.59507848110014,-0.0460138541176774,3.23631357193913,-0.428331693578038
"1884",-0.012360391066153,0.568902886901661,-0.0464703177345721,3.23630892211362,1.21139723751913
"1885",0.0464904134488654,0.601910976688961,-0.0430123284232404,3.23630807839092,0.317556595302892
"1886",0.0102358821616329,0.575960966589888,-0.0456569381093236,3.23630415959386,0.211145542587798
"1887",0.00749561464088882,0.548989052794268,-0.0463214319284275,3.23630074914058,-0.687859396088658
"1888",-0.0247729707068497,0.539037325994429,-0.047054742906931,3.23629806323671,-0.845493858739294
"1889",-0.0341331298173873,0.547988792219341,-0.0483634835957446,3.23629666621629,-0.821848782691903
"1890",-0.0310875168231606,0.551213020150532,-0.0482804439207273,3.2362950970187,0.300335214781094
"1891",0.00838347954741235,0.525244775810522,-0.0469437254033974,3.23629288639762,0.0461254620723939
"1892",0.00329860828946559,0.499558472140836,-0.0466404465467822,3.23629096676273,0.582421755200474
"1893",0.0227865003230722,0.490101821445654,-0.0460424131976076,3.23628955678953,0.381330541402752
"1894",0.0145472757407473,0.472832021110461,-0.0462634451541301,3.23628813281299,-0.366049367778887
"1895",-0.0164646862440865,0.456898000219801,-0.0466734233929179,3.23628690875232,0.426927537226235
"1896",0.0192355259668902,0.444513619837845,-0.0462561179149885,3.23628591311954,-1.20156039412451
"1897",-0.0479447280322623,0.487380038184298,-0.0519781603756872,3.23629072031378,-0.695359365241383
"1898",-0.0279454801391556,0.489150034873519,-0.0490388646640463,3.23628985782451,-1.06786158363464
"1899",-0.0423177620249482,0.519700864345331,-0.050845020994557,3.23629177217181,0.430074557416416
"1900",0.0142357201244929,0.49851818054079,-0.047480203056072,3.23629002140789,0.22602402358434
"1901",0.0115834417333529,0.478157588824712,-0.0466900682910538,3.23628850138046,-0.179218499678127
"1902",-0.00834763428063422,0.456416465815717,-0.0466056270626377,3.23628716641867,-0.312451433697555
"1903",-0.00928700745377368,0.43671287111279,-0.0466073395607842,3.23628601386075,-0.895880255169673
"1904",-0.0334598211995231,0.448577234234231,-0.04864206962171,3.23628659138367,-0.102673467930586
"1905",-0.00228059531959848,0.426985507373578,-0.0470453393599935,3.23628550570906,0.638023510493982
"1906",0.0237125215930346,0.42236650450544,-0.0459337657534524,3.23628495862157,-0.519563476897963
"1907",-0.0202528386050271,0.412635935377325,-0.0468117042533211,3.23628426973616,0.0710087212763333
"1908",0.00296323507813307,0.392728977420084,-0.0466106567991189,3.23628349145363,-0.59328576507828
"1909",-0.0249002262967842,0.391573321273567,-0.0475228985527623,3.23628338186906,-0.0396778166535466
"1910",-0.000677425153094017,0.37273614452305,-0.0467792751820686,3.23628272118542,-0.373743029776114
"1911",-0.014352306825596,0.36082642408217,-0.046806161226833,3.23628221915504,0.00796654053398793
"1912",-0.00184389243114366,0.343722926915626,-0.0466109436454499,3.2362817125469,-0.191372357265587
"1913",-0.00644392197639674,0.328598439935938,-0.0465851930115009,3.23628127651924,1.52082139106583
"1914",0.0589269215495807,0.412941933092152,-0.0299308012859579,3.2363062744893,1.15671473374539
"1915",0.045874463539248,0.460253066473356,-0.0360925705427473,3.2363098914469,-0.116627156243326
"1916",-0.00533285729942728,0.438024326771505,-0.0440853353615987,3.23630571914207,0.426969557547774
"1917",0.0198754890450681,0.427844775696176,-0.0455614276604962,3.2363022796521,0.409725748095202
"1918",0.01332874976074,0.412763114409668,-0.0461607880281268,3.23629916557361,-0.40197951469732
"1919",-0.014529822925373,0.398405616178217,-0.0466184125342414,3.2362964662185,-0.465839351732233
"1920",-0.0204880555513504,0.39199019025262,-0.0471414181232679,3.23629435866222,-0.0233490291756178
"1921",-0.00246560272792168,0.37336143891769,-0.0466912241302373,3.23629224402011,0.736751558560178
"1922",0.0284830945980403,0.378799626387063,-0.0450282756042558,3.2362914863289,-0.363819730176618
"1923",-0.0128295983534327,0.364546778262766,-0.0462974847564417,3.2362897823428,0.0930160519742429
"1924",0.00283205452948498,0.347233510733725,-0.0464890851214508,3.2362882738147,0.979152805713795
"1925",0.0375151148705311,0.371767500398255,-0.0424986052243645,3.23629080877536,0.4592782108711
"1926",0.0168251350750751,0.363624103632888,-0.0451750377765462,3.23628935171316,0.144999453038752
"1927",0.00772256714002734,0.348241685163482,-0.0461835949189582,3.23628790881468,0.228519295058405
"1928",0.00809361013059715,0.333689047742172,-0.0464184504880739,3.23628665790265,-0.167529737629241
"1929",-0.00790625764242477,0.319540330816734,-0.0465536586102546,3.23628557011166,-0.765056137698744
"1930",-0.02995671446222,0.331058284482819,-0.0489304397521538,3.23628651995116,-0.330782254761453
"1931",-0.0144750582594622,0.322486028547802,-0.0474229689485153,3.23628557010752,0.315421271628336
"1932",0.0112327946602239,0.31056598549799,-0.0466527161816721,3.23628464829619,0.214839336835093
"1933",0.00914334053732184,0.298648526081601,-0.046494892617654,3.23628384006065,0.359588773528852
"1934",0.0149588818808665,0.291511360338701,-0.0461951056980514,3.23628326138208,-0.129914809453424
"1935",-0.00610883311253961,0.278832964136609,-0.0464824166075218,3.23628261917833,0.152823442290062
"1936",0.00779148637072374,0.267602875328008,-0.0464882367292912,3.23628206919161,-1.25236933228648
"1937",-0.0488297412123547,0.323638736064101,-0.0593319904395269,3.2362994835072,-0.908708827671412
"1938",-0.0364515191251874,0.351068324557151,-0.0543202794800435,3.23630147320692,-0.633978564565976
"1939",-0.0250344003047244,0.354640092257783,-0.0497636923915725,3.23629933612264,-0.322441394538545
"1940",-0.0153218469345292,0.345412283384212,-0.0476256514904287,3.23629669183593,0.204595601743207
"1941",0.00682897085935291,0.330090808397377,-0.0467847728100903,3.2362942708571,0.501843756907605
"1942",0.0185976245951901,0.324790471283321,-0.0460559589107317,3.23629243647994,0.390320557995386
"1943",0.0144820935563007,0.316160850747984,-0.0461381667105514,3.23629069366276,0.287859536697824
"1944",0.01052736121852,0.304850987017448,-0.0463332635164689,3.23628909941745,0.318014617443246
"1945",0.0115134640098475,0.294701295872253,-0.0463421451459558,3.23628773164465,0.425022856886048
"1946",0.016300950757892,0.289110664368083,-0.0460448443657929,3.23628670442349,-0.564514510006681
"1947",-0.0217484579646404,0.288605049014076,-0.0473685594822011,3.23628615284113,-0.700391968181963
"1948",-0.0279231197108105,0.29922437676111,-0.0491255549296914,3.23628702859537,0.0936695096198481
"1949",0.00360693283685762,0.285431588568215,-0.0471554745765637,3.23628588491363,0.202650108323171
"1950",0.00792371603244304,0.274081082498433,-0.0466389903096178,3.23628490464355,-0.671877527476569
"1951",-0.0246305969467752,0.278611792469061,-0.0481248117409469,3.23628511896587,1.9330648890807
"1952",0.0751666632404921,0.425490566142361,-0.00384907777824101,3.23637452232249,0.506174867068693
"1953",0.0183124131774479,0.417875215732493,-0.0359416273019176,3.23636204902086,-0.375551313208078
"1954",-0.0148591532299799,0.403353527367346,-0.0442098481058169,3.23635102006794,-0.708949567185169
"1955",-0.0249164239737594,0.402673071383516,-0.0470011298217095,3.23634200005533,-0.0464108919221717
"1956",-0.00140189664263703,0.383326909898697,-0.0466567468543478,3.23633357413057,-0.0619147144614252
"1957",-0.00174706244775304,0.364945754168882,-0.046575089127631,3.23632626437684,-0.558964268803169
"1958",-0.0267298994109316,0.368291528306601,-0.0479089470675079,3.23632081833472,1.04550807140971
"1959",0.0399743993696455,0.394585770286934,-0.0427783687122036,3.23631911218318,-0.146486283470593
"1960",-0.00708846382412153,0.37639228571826,-0.0456705148989485,3.23631371959695,0.32352516279448
"1961",0.013151353925411,0.363096439011349,-0.0461988583374004,3.23630908482272,0.314815785788986
"1962",0.0130933369404181,0.35107741001502,-0.0462880903303671,3.23630507936456,0.527584662221436
"1963",0.0179565007116049,0.344225931589763,-0.0460181074569408,3.23630176268089,-0.535251316114099
"1964",-0.0186824058600384,0.337220630586151,-0.0468701858511544,3.23629887089228,-0.499597518916933
"1965",-0.0210861517467227,0.335025396693285,-0.0474474880234653,3.23629661916434,-0.672622273800905
"1966",-0.0252674370415526,0.338891693765046,-0.0481819148246176,3.23629516005642,0.618670289756829
"1967",0.0228021195803568,0.336596916506569,-0.0461189506078452,3.23629339470763,-0.200648315503504
"1968",-0.00598695914822913,0.32137411427368,-0.0464583534272737,3.23629140896332,0.577702357692228
"1969",0.0205886473408386,0.318233778048086,-0.0458102985840558,3.23629006913261,0.291433598401858
"1970",0.0114793847958669,0.30762143176535,-0.0462148617139617,3.2362885745998,0.221839830890175
"1971",0.00639932543438072,0.294557690288547,-0.0464412838970503,3.23628723139133,0.28994374043439
"1972",0.0129192144291744,0.285864445604881,-0.0463023267572753,3.23628614092174,0.690940830093489
"1973",0.025805555606181,0.292692027562557,-0.0446430830022607,3.23628647100474,-0.212089156913775
"1974",-0.00761932374916726,0.280332320114099,-0.0461280252372943,3.2362854062288,0
"1975",-0.000638442598048902,0.267392727366956,-0.0464500937939464,3.23628447736491,-0.242939688267396
"1976",-0.00898631320362841,0.257476123089803,-0.0466080252314824,3.2362836928725,-0.962353719005693
"1977",-0.0385083070789903,0.289552177518027,-0.0535279150259985,3.2362909453251,0.711202477739592
"1978",0.0273460307666307,0.295460982019883,-0.0464792105609928,3.23629051138153,-0.0991118138541192
"1979",-0.00431090918307975,0.281990763555064,-0.0465361131447772,3.2362889065162,-0.328532976859935
"1980",-0.0140124341162723,0.274772456380298,-0.0468415732258248,3.23628763157228,-0.383377252268569
"1981",-0.0139084803096038,0.268170187441177,-0.046943646958431,3.23628654173405,1.15334484503906
"1982",0.0455458680557062,0.314613215626518,-0.0364681142090458,3.236298647189,-0.0987729442458007
"1983",-0.00230163600850244,0.299821771595965,-0.0441717288415688,3.2362959642649,-0.289281565924726
"1984",-0.0133094958723515,0.291023861241708,-0.0462158477078446,3.23629371968023,-0.450812606856693
"1985",-0.0156627109503209,0.285087340726295,-0.0468894185491847,3.23629187684136,-0.514416275084606
"1986",-0.0197103945442354,0.283854121610459,-0.0474848128690216,3.23629057628785,-0.331547394959786
"1987",-0.0127354947404479,0.275995499846424,-0.0470227416105307,3.2362890580959,-0.208744132391464
"1988",-0.0110986402568471,0.267165572860037,-0.0468278634047844,3.23628770038669,-0.473217593060987
"1989",-0.0191917828814344,0.266082455428253,-0.0474639961969009,3.23628694833527,-0.116708824762651
"1990",-0.00455439548494688,0.254697019277116,-0.0467819834563346,3.23628581777398,-0.491669933375682
"1991",-0.0187602206069032,0.253510797153971,-0.0474236495042899,3.23628529295355,0.701647846199199
"1992",0.0277497313157364,0.263154778816796,-0.0443609595709411,3.23628629504167,0.573245043323639
"1993",0.0228044080904107,0.267672909422164,-0.0444666267355394,3.23628633657484,-0.255230425880393
"1994",-0.0107745970310063,0.258217497921537,-0.0461661474347844,3.23628531521501,0.100623097618918
"1995",0.00596204468993182,0.247325917801233,-0.0464389134164512,3.23628440167084,-0.0309501704729931
"1996",-0.00328443506067403,0.236396721294413,-0.0465269093497753,3.23628360620796,0.624881493320911
"1997",0.0250415333015052,0.243790564618315,-0.0444582851075363,3.23628450958568,0.0384452736271912
"1998",0.00304804799001625,0.233251810705642,-0.0460477666703672,3.23628370052623,0.697133861005717
"1999",0.0266803365070101,0.243645605690533,-0.0437817588934364,3.23628518998836,0.053424920179318
"2000",0.00234445974192864,0.232976942422959,-0.0458916134206829,3.23628429028306,-0.0305250307620464
"2001",-0.00222936666463181,0.222677967235635,-0.0463955963826972,3.23628350933751,-0.796939083752746
"2002",-0.030094335880519,0.239228945553711,-0.0505699867904596,3.23628670127118,-0.539999769341765
"2003",-0.0222860028209886,0.244441135796466,-0.0492100082036633,3.23628682601685,-0.651872555147204
"2004",-0.0256920070386563,0.253874418077779,-0.049582359849336,3.23628763659485,0.310945524168488
"2005",0.00960476844973317,0.244469338964366,-0.0471876969538259,3.23628643186374,0.387327155544875
"2006",0.0163697953324996,0.241560301644196,-0.0460974938361829,3.23628567141705,0.877536229431158
"2007",0.0336707050752566,0.264831693818063,-0.0411668212537936,3.2362902003776,-0.0843396638070926
"2008",-0.00337353274428782,0.252818172647708,-0.0452808914294406,3.23628863647891,1.04537215378593
"2009",0.0426484882082043,0.293774467606948,-0.03687627375319,3.23629910005644,0.159277973678618
"2010",0.00626682511179573,0.281919354282463,-0.0442192427299224,3.23629636778698,-0.258005910310066
"2011",-0.0107103098567691,0.272046733211653,-0.0461185180208057,3.23629402170612,0.36405045895398
"2012",0.015204145675267,0.265866804085204,-0.0460946757953819,3.23629210077954,-0.0378601450779836
"2013",-0.0032765009057277,0.253884054187592,-0.0464443196617086,3.23629028524081,-0.11366651471989
"2014",-0.00470812340963092,0.243012740874318,-0.0465383194753222,3.23628871200465,-0.669458567221409
"2015",-0.0276706481060159,0.254558077808002,-0.0493441704987458,3.23628970246937,-0.451364420052303
"2016",-0.0180684064788013,0.253616863905347,-0.0480568527185882,3.23628868473371,0.961472496370341
"2017",0.0380250186238157,0.282485460065504,-0.0405968036739585,3.23629429211918,0.424371658400907
"2018",0.0167473655321034,0.279057486431117,-0.0445188882592679,3.23629250677458,-0.219539056343576
"2019",-0.00779896971950457,0.267640655882705,-0.0461088102547932,3.23629064500965,-0.875362392623463
"2020",-0.0325932490209108,0.286759818123283,-0.050432962245887,3.2362928036761,0.480495147081844
"2021",0.0207957550191994,0.28450358263882,-0.0467146542693519,3.236291302863,-0.106577354789783
"2022",-0.00292125199200272,0.271443963925974,-0.0465893179938044,3.23628959291334,-0.076196285308
"2023",-0.0062087601680558,0.260114596293948,-0.0465865237382842,3.23628811444537,0.554902415840441
"2024",0.0217226136722199,0.261617551254869,-0.0453999763067321,3.23628755419983,-0.121359238195839
"2025",-0.00725296244038031,0.250842525846615,-0.0463086844614875,3.23628634645831,0.318254417292185
"2026",0.0140281755263735,0.244935888813545,-0.0461722262914018,3.23628542414919,0.603411093200212
"2027",0.0235750917108505,0.25075260149409,-0.0446643955508251,3.23628579854399,-0.929255355283731
"2028",-0.0374646030829156,0.278110581972322,-0.0521290803338641,3.23629137322857,0.658170851924994
"2029",0.0264680003737012,0.283396831643154,-0.0462138385194354,3.23629082137205,0.105509091105221
"2030",0.0034024269127338,0.270839965900148,-0.0464612472453586,3.23628917626989,-0.649892712850492
"2031",-0.0257946526592236,0.277489427787028,-0.048387402416845,3.23628911480333,-0.37979536727587
"2032",-0.0144577057418632,0.271620063812838,-0.0473755577032224,3.23628786662202,-0.114220457877706
"2033",-0.00546077897232208,0.260175390834094,-0.0467682282519485,3.23628661596016,-0.121979126201532
"2034",-0.00404933633484362,0.248816158294041,-0.0466100546273832,3.23628552796702,0.0381344625755453
"2035",-0.000359683178234694,0.23754501554401,-0.0465637118628095,3.23628458297421,0.880661628543672
"2036",0.0338379332337891,0.260064456496572,-0.0413704747295627,3.23628912644414,0.775518700645705
"2037",0.0298401217593889,0.276369794906137,-0.0417883345429624,3.23629093082735,-0.345605152415052
"2038",-0.0135952075026468,0.268095942681258,-0.0456311801248421,3.23628934224878,0.480517479878706
"2039",0.020465200471572,0.267312881127415,-0.0454483547141118,3.23628839971613,0.224450191489389
"2040",0.00751298652916377,0.257050829930693,-0.0462251943463739,3.23628708977019,0.0448296480908883
"2041",0.00231139537054047,0.245528391250168,-0.0464708193125171,3.23628593804315,0.082135528231525
"2042",0.00530572944074972,0.23527031248243,-0.0465108280704145,3.2362849419791,0.0895255207511214
"2043",0.00207611135747237,0.224867478038439,-0.0465386724930328,3.23628407472681,-0.149253759050599
"2044",-0.00524443392965478,0.215643264458651,-0.0465668708448028,3.23628332549681,0
"2045",-0.000783693370289991,0.206167502208686,-0.0465536595156028,3.23628267227439,0.0447995228876952
"2046",0.00147252099872982,0.197230612319584,-0.046549897245762,3.23628210560448,0.0597014943105934
"2047",0.00236671936260326,0.188882094791793,-0.046546983613873,3.2362816141844,-0.321315426830698
"2048",-0.0121935685118507,0.185058365787735,-0.0468834924966249,3.23628132662046,-0.547864329576331
"2049",-0.0215896895679669,0.191321026510101,-0.0487213233751096,3.23628253946154,0.995927210467518
"2050",0.0394450691657941,0.226346205046307,-0.0364072309146444,3.23629601119191,0.364434600660368
"2051",0.0142920050374772,0.223548944281171,-0.0435851957901929,3.23629396153447,0.547865440856166
"2052",0.0221085969591663,0.228532758827669,-0.0441413562655819,3.23629312121855,0.0885608913970604
"2053",0.00368348231286804,0.218939878415738,-0.0459680768638686,3.23629117223001,-0.792449990339272
"2054",-0.0337240843128096,0.241977059303223,-0.0521430349000803,3.23629561267705,-0.0446229369296447
"2055",0.000162321127266961,0.231103092567507,-0.0478688519754904,3.23629333174819,0.59334150191071
"2056",0.0215203797772187,0.234217682025335,-0.0454683902496063,3.23629228265149,-0.162818271611365
"2057",-0.00543115491747314,0.224330272973284,-0.0463076344379425,3.23629044471699,-0.616666763441276
"2058",-0.0253025901596334,0.233251901604674,-0.0489165195134213,3.23629079590701,0.178704440707778
"2059",0.00778401891189383,0.22414398862958,-0.047064559094881,3.2362891621003,0.341626771172548
"2060",0.0123903622507661,0.218861788261831,-0.0463719028594698,3.23628785525071,0.022239519718037
"2061",0.00230896927502951,0.209412097770162,-0.0465042198931679,3.23628660225201,0.288664572601666
"2062",0.0119558060468309,0.204451913920922,-0.0462558943567541,3.23628562597952,-0.875961357871458
"2063",-0.0358682878336901,0.231906308307752,-0.0539201159930487,3.23629335416761,0.149009117125759
"2064",0.00705357263429991,0.222457193181559,-0.0482627774196357,3.23629137679187,0.0223322292214834
"2065",0.00152306536567017,0.212682460092604,-0.0469526278069172,3.23628965704157,-0.897202280155901
"2066",-0.0355975132940737,0.239981504352269,-0.0537393765486477,3.23629631827093,-0.157841364650546
"2067",-0.00599706962641681,0.230761292830025,-0.0482984474741697,3.23629395585995,-0.195768453458406
"2068",-0.00819292215063748,0.222509393920259,-0.047045640879599,3.23629191631574,0.0678093828959114
"2069",0.00290102099152122,0.212830970167764,-0.0466638916185688,3.23629012525136,-0.331950512285278
"2070",-0.0115834753769288,0.207294373601107,-0.0468146645025612,3.23628865958818,-0.310312453361461
"2071",-0.0125258283727347,0.203125597621487,-0.0469712337690985,3.2362874524929,-0.0985931595545442
"2072",-0.00205276675248201,0.194478939381248,-0.0466516674667183,3.23628625278856,-0.364880678488433
"2073",-0.0145398958775116,0.192309365725958,-0.047138501657692,3.23628549111178,-0.0152322924894643
"2074",-0.000718046635072776,0.18410174639677,-0.0466887219280299,3.23628455101821,1.15109184661404
"2075",0.0448671174326019,0.234621928064221,-0.0288871927780132,3.23631131182456,0.413270303037905
"2076",0.0157449201629776,0.232993380951774,-0.0416519482575646,3.23630734558337,0
"2077",0.00036983637587372,0.222589260367206,-0.0453941918497451,3.2363035103684,0.538439829123444
"2078",0.0231371651514545,0.228265855868103,-0.0444447737533697,3.2363015239725,-0.291294973874173
"2079",-0.0132440125292706,0.222502189739122,-0.0463199319869157,3.23629856273445,0.328579191896772
"2080",0.0129178354110686,0.217091304061225,-0.0462137160277567,3.23629600135886,0.520524673198436
"2081",0.0212426447292061,0.221235067484774,-0.0448931578040119,3.23629476675647,0.392317021192984
"2082",0.0145530128808429,0.21830082467987,-0.0456160237394566,3.23629286264453,-0.184863438604538
"2083",-0.00572490984659852,0.209425255265199,-0.0463500652311463,3.23629094943501,0.472569734217709
"2084",0.0183396104749149,0.209775378946283,-0.0455406593066015,3.2362898539642,-0.10318397141908
"2085",-0.00420014569441087,0.200936692582701,-0.0463182829781358,3.23628833666838,-0.428614312690295
"2086",-0.0177316486509365,0.201512504166018,-0.0474815704123969,3.23628760705738,-0.519751689802922
"2087",-0.020627318328864,0.205956720789342,-0.048430953852685,3.23628756373139,0.0372148417082163
"2088",0.00054948118320734,0.196972748364202,-0.0469931566052157,3.23628634905631,-0.0595503962812105
"2089",-0.00123287314904653,0.18851004427091,-0.0466543643225921,3.23628529530461,-0.965179016398698
"2090",-0.0395849273900297,0.22603521599596,-0.0583678704441682,3.23630043585243,-0.573024262679611
"2091",-0.0222220347657025,0.232375893445103,-0.0512756905915382,3.2362989619064,0.0831412315002722
"2092",0.00398212896911347,0.222257239992444,-0.0476599197554167,3.23629623769167,-0.151217328074349
"2093",-0.00576494352950252,0.213311993095429,-0.0468374138973811,3.23629387859076,0.12099215027131
"2094",0.00376487778065709,0.204295905308572,-0.0466103429225496,3.23629182816972,-0.40893657897072
"2095",-0.0170768962135294,0.203714664208991,-0.047378454376217,3.23629050362556,-0.250731430978368
"2096",-0.00823918851418097,0.197151691147337,-0.0468641645750099,3.23628893459681,-0.243735363255748
"2097",-0.0082783742445065,0.190783616450935,-0.0467363471100119,3.23628757088443,0.47169898781389
"2098",0.0176950245055767,0.191364268359745,-0.0456183055652528,3.23628693359491,-1.00695030392799
"2099",-0.0386223157055599,0.22489946544638,-0.0564355326820276,3.23629886888703,1.725425695597
"2100",0.067064185108833,0.339571440152336,-0.0079368990235954,3.23638055293945,0.368573887477741
"2101",0.0143358890348142,0.331789565326349,-0.0370599288654474,3.23636718595302,0.0225216772094194
"2102",-0.000335246870235812,0.316072971450215,-0.0443112954292952,3.23635542355325,-0.64008652593539
"2103",-0.022603475715917,0.316037571345887,-0.0470309587493493,3.23634582491841,-0.591000356363025
"2104",-0.0234944477886279,0.31841021246304,-0.0479277705308107,3.23633771028508,-0.670989936458888
"2105",-0.0243687712973369,0.321966403744177,-0.048270387367803,3.23633078558116,0.145254411839379
"2106",0.00139823616698675,0.306779538289862,-0.0469552767349235,3.23632384521597,0.4801289564833
"2107",0.019872334697219,0.303921398863798,-0.045923059710814,3.23631821165779,-0.274077065363276
"2108",-0.0111103787526924,0.292791024396019,-0.0465036996444913,3.23631296550067,-0.665470769625504
"2109",-0.0246552474305446,0.297426514513197,-0.0480845519661028,3.2363094548346,0.145711134335608
"2110",0.00760282367737327,0.284824505989469,-0.0468835253308947,3.23630534526637,-0.17641423559
"2111",-0.00737571406747169,0.273072501852915,-0.0466643537836142,3.23630178218501,-0.0230335138643567
"2112",-0.00223709099804331,0.260681022883226,-0.0465782530422497,3.23629868408751,0.45202145534548
"2113",0.0170490537697074,0.257114683637418,-0.0459877524420666,3.23629627788593,0.769088123681189
"2114",0.0286143240287645,0.270272651650053,-0.0434306283357914,3.23629648067563,-0.296274004086594
"2115",-0.0110570235645091,0.260709501052006,-0.0459220246701894,3.23629411558787,0.00760774468775982
"2116",0.0007393325007203,0.248796963255161,-0.0464014191911806,3.23629203297446,-0.488066247575453
"2117",-0.0198926993279715,0.248967644165711,-0.0474937187788352,3.23629080779191,-0.0688257588443042
"2118",-0.00312662979714168,0.238123495682737,-0.0467795500758145,3.23628916423836,0.0382423806718324
"2119",0.000652214660617031,0.227424755209701,-0.0466036501470462,3.23628773754102,0.0152928582650091
"2120",-3.0410470067259e-06,0.217290283729559,-0.0465621839475114,3.23628649984098,-0.06118547036007
"2121",-0.00162707351639813,0.207774826481531,-0.046553063663668,3.23628542613602,0.213985561209723
"2122",0.00844008517189768,0.200727415750026,-0.0464540401251604,3.23628452099884,0.053424920179318
"2123",0.00189895243739348,0.192165554247873,-0.0465249863989478,3.23628370954289,0.266697304419594
"2124",0.0105140293061896,0.18717060205371,-0.0463251244613513,3.23628308414867,0.174871741959248
"2125",0.00698503636648174,0.180777552074466,-0.0464189825468358,3.23628248265792,-0.449199430572389
"2126",-0.0180746331926795,0.182332702949077,-0.0476564208273882,3.23628265145332,-0.106886557740771
"2127",-0.00365262845089265,0.175162665697507,-0.0468270042127486,3.23628209003518,0.692729143256626
"2128",0.0270437236628009,0.188820944282748,-0.0424977892019594,3.23628554673591,0.891177259717996
"2129",0.0352179199957814,0.218940630436515,-0.0365707591368975,3.23629583339163,0.195297891263724
"2130",0.00870711615419814,0.212213244458681,-0.0440405179967504,3.23629357318576,0.486582537308372
"2131",0.018356446490736,0.213036885430907,-0.0449208602885487,3.23629219000131,-0.104602519997993
"2132",-0.00539198129119339,0.204305484660577,-0.0461813775574237,3.23629036490162,0.253845141535386
"2133",0.0104709566810786,0.198461977876222,-0.0462812796766484,3.23628884052118,0.0223671948742399
"2134",0.00235216015259092,0.190098517592337,-0.0464824541420987,3.2362874570491,0.587209477110479
"2135",0.0226680330109641,0.196992020787421,-0.0443279415422419,3.23628797356726,0.125911952345725
"2136",0.00607223782502515,0.189891846389939,-0.0459656315773291,3.23628671859375,-0.289092525567658
"2137",-0.0119427875842329,0.185740474694214,-0.0467121643002103,3.23628573622541,-0.185756266958592
"2138",-0.00615457601625253,0.179108894637134,-0.0466440481431705,3.23628477653971,0.252544143731603
"2139",0.0096234002958645,0.174113348663919,-0.0464027921102711,3.23628398693362,-1.31423635935344
"2140",-0.0505762088126612,0.239947903543822,-0.0735109907844388,3.23633167868325,0.112684532826696
"2141",0.00300789299736652,0.229173842944321,-0.0529081411521311,3.23632462001126,0.232479762736498
"2142",0.0088308987274516,0.221269425685796,-0.0479478168451742,3.23631852464643,-0.0149823957130979
"2143",-0.00135042906189737,0.21149350455867,-0.0468793565668949,3.236313208518,0.0299625470406351
"2144",0.00170773364263089,0.202290805139366,-0.0466264870084071,3.23630859666235,-0.179910093504704
"2145",-0.00985420044498588,0.196280400364236,-0.0467273363818129,3.23630464755623,0.172420298347103
"2146",0.0092398882618242,0.190086459445025,-0.0464676240742172,3.2363012066235,0.209502508352444
"2147",0.00870504236846701,0.184335248617975,-0.0463906239581834,3.23629822790453,-0.0149499178033141
"2148",-0.000662840034986187,0.176509083589465,-0.0465119482050808,3.23629560052385,0.0448430500788244
"2149",0.00206144236593918,0.169218840538508,-0.0465387928523057,3.23629332132517,-0.426823067389204
"2150",-0.0173692314944314,0.17087083605752,-0.0476978506297953,3.23629206528597,0.127488861993824
"2151",0.00531940854590118,0.164386210328456,-0.0467983491260641,3.23629025794516,-0.225090131050359
"2152",-0.00838819313748381,0.159565623167218,-0.0467354129949462,3.23628872466325,0.502005325030241
"2153",0.0186150038142157,0.162763807537016,-0.0451058959808557,3.2362883715674,0.164289485089658
"2154",0.00719661142667256,0.157911910622626,-0.0460913323308796,3.23628708433597,0.245929251647548
"2155",0.00859730811236449,0.153784225061506,-0.0462683598786524,3.23628599081425,-0.156430438990907
"2156",-0.00553229397878866,0.148372659867251,-0.0465191532282972,3.23628499162826,-0.0596569741779462
"2157",-0.00232164655052539,0.142654525691644,-0.0465466940186705,3.23628411812137,-0.591031533817604
"2158",-0.022364878494625,0.151687019422152,-0.0498074049682521,3.23628624914754,-0.0150082545681662
"2159",-0.00179229733005785,0.14581134987065,-0.0473227830388291,3.23628520912854,-0.541802815336667
"2160",-0.0216601083109383,0.153744746552748,-0.0495893122669276,3.2362867314219,0.571817072333947
"2161",0.0210232619223911,0.159360840925901,-0.0451546942959366,3.23628724719569,-0.0225098481535679
"2162",-8.43125729141985e-05,0.152883734490574,-0.0462203486722077,3.23628607445547,-0.0675599620337419
"2163",-0.00339737279847189,0.147072809724007,-0.0464819829098542,3.23628505839094,0.449539979344121
"2164",0.0196665460091503,0.152308107513254,-0.0444846893672119,3.23628573181027,0.804114227824415
"2165",0.0295733868876858,0.172910269554807,-0.03877386359929,3.23629321112181,-0.111296616942075
"2166",-0.00318992103002796,0.165811909348288,-0.0447173316849509,3.2362912484562,0.215061820441748
"2167",0.00806232498819964,0.160801720397353,-0.0460024668852998,3.23628957903641,0.0148148148419069
"2168",-0.000251656843995199,0.154231742942554,-0.046420394755018,3.23628809738957,0.524509014687458
"2169",0.0202227651506394,0.159867802782327,-0.0444050006874418,3.23628843456829,0.316327920373916
"2170",0.0141854120803946,0.159857634421559,-0.0452284574265404,3.23628755994138,0.132119807826975
"2171",0.00462656099896778,0.15411750598866,-0.0462040680423841,3.23628635229798,0.139270684046799
"2172",0.00586911027926961,0.148967271099579,-0.0464111765009618,3.23628531115127,0.212197789351648
"2173",0.00753883879856045,0.144781659985322,-0.0463903323653058,3.23628443284,0.204454251578617
"2174",0.00857523815087975,0.141352000803704,-0.0463153951155059,3.236283701231,0.145783246170461
"2175",0.00614447462068632,0.137041175154905,-0.0464147817232114,3.23628301864475,0.145571027962882
"2176",0.0057575270173618,0.132786343721914,-0.0464516710943575,3.23628242200787,-0.708006315063608
"2177",-0.0278238858961925,0.149814904116053,-0.0532619521772054,3.23628949588955,0.27796082558969
"2178",0.0108699425006491,0.146607069744866,-0.0478825338537554,3.23628811944937,0.218898299738174
"2179",0.00876806958823248,0.143249320292566,-0.0466491157632421,3.23628690803923,-0.474886737207098
"2180",-0.018563087673616,0.147249666370694,-0.0483023968338121,3.23628702175933,0.307107582701582
"2181",0.0122108540982599,0.14523039378023,-0.0465473796653723,3.23628606427558,0.0948662821538937
"2182",0.0018770746060792,0.139654440208356,-0.0465452486470334,3.23628504857437,-0.570552348726316
"2183",-0.022165811142275,0.148377239242403,-0.0497517725516682,3.23628699116208,-0.190909816409079
"2184",-0.00752955128752989,0.144518730227688,-0.0474654032314678,3.23628590460167,-0.0220515271576072
"2185",-0.00113073275464648,0.138878795008087,-0.0467662470066884,3.23628490976078,0
"2186",-2.96588303182522e-06,0.133481656169304,-0.0466005324656652,3.23628404666279,-0.656417152131022
"2187",-0.0266362050926862,0.148959612082327,-0.0525699035891238,3.2362898304869,-0.0814302151077417
"2188",-0.00340969957383362,0.143598829260293,-0.0479931637242932,3.23628831963289,0.0888296749505524
"2189",0.00456990794214904,0.138520113085395,-0.0468650256111111,3.23628700916458,-0.794863598868367
"2190",-0.0312233362952425,0.161105474337676,-0.0556216938151768,3.2362970602873,0.56522536320871
"2191",0.0220841299173908,0.167144205086642,-0.046512833834019,3.23629627419389,-0.282213332496933
"2192",-0.0122533135435059,0.163997082044487,-0.0468757828815072,3.2362940447782,0.059479555656905
"2193",0.00231917855258355,0.157354107424294,-0.0466249156045364,3.23629197164329,0.0445864613167757
"2194",0.00316034602904414,0.151275185368417,-0.0465586618498362,3.23629017408629,0.304143255852735
"2195",0.00946685666476043,0.147883736113027,-0.0463190917744315,3.23628869910279,0.103642295330175
"2196",0.0056313635674263,0.143050267413789,-0.0464361004299547,3.23628734774976,-0.244471729716372
"2197",-0.0102450610343604,0.14034549013473,-0.0468113256385664,3.23628627577598,-0.0667779657536505
"2198",-0.00159933314079591,0.134986019493413,-0.0466135277044205,3.23628523190734,-0.13368985948416
"2199",-0.00519262519093366,0.130598459901767,-0.0466098917278082,3.23628433581365,0.400534580867523
"2200",0.0152381628090926,0.13220282434325,-0.0454472290596563,3.23628424138908,-0.00740274642230254
"2201",0.000295986526280344,0.127185966278427,-0.0462892116681116,3.23628346684014,-0.281711210104868
"2202",-0.0114599830777112,0.126217279687314,-0.0470009380550023,3.23628304043213,-1.08980700908394
"2203",-0.0416473639017207,0.172917490871648,-0.0724514092600568,3.23632800701902,-0.617332382877883
"2204",-0.0241002123582181,0.184914277249219,-0.0563331449333655,3.23632482609706,0.0377515199470102
"2205",0.00128763233634745,0.177057536183137,-0.0488568783986095,3.23631867519739,0.173473664199164
"2206",0.00722732051631125,0.171154603321602,-0.0470133836598665,3.23631335981271,-0.438034081557298
"2207",-0.0160522664726753,0.171245471551283,-0.0475174036803367,3.23630921590439,0.0454029519718013
"2208",0.00237690721303127,0.164205204036277,-0.046776525723163,3.23630513299346,0.370021188651853
"2209",0.0132241832653164,0.162599045839726,-0.0460525897137423,3.23630186061626,0.503741526108853
"2210",0.0195657486396653,0.167637300793779,-0.0445162966663203,3.23630017511011,-0.752788860600057
"2211",-0.0285026853789339,0.183021516907341,-0.0508894738017073,3.23630215850242,0.249047334491204
"2212",0.0100269565070051,0.177565573130657,-0.04743297496904,3.23629905391059,-0.18106379899524
"2213",-0.00758635296387562,0.171599856489312,-0.0468349009709075,3.23629633673896,-0.332804179800972
"2214",-0.0143369185259496,0.170666287336889,-0.0473003697641592,3.23629432005625,-1.21962027054823
"2215",-0.0481491592633621,0.232417135262055,-0.0721447997172563,3.23633690579907,-0.268786399967635
"2216",-0.0117894436433798,0.227444134789681,-0.0529401875382698,3.23632930450724,-0.300358345103119
"2217",-0.010878412941143,0.221040464702256,-0.0482651534991734,3.2363226342808,0.331113381482706
"2218",0.0105768428239452,0.214236880803072,-0.0467980301087215,3.23631682396677,-0.547312986968984
"2219",-0.0202392225849208,0.216211225231029,-0.0478262520044452,3.23631251122964,0.154475971090889
"2220",0.00621545799466913,0.207529535849926,-0.0468259578537683,3.23630799597986,0.161943355230293
"2221",0.00628248960810126,0.19969531049199,-0.0465690269696628,3.23630408434099,-0.789050276241493
"2222",-0.0320646757412188,0.220419811053282,-0.0521509374623866,3.23630662406869,0.116428002440588
"2223",0.00538385368665101,0.211154073822549,-0.0478599874660329,3.23630288580963,0.178260074330766
"2224",0.00566061913438796,0.202890486825834,-0.0468261401723491,3.2362996475511,-1.27807225998403
"2225",-0.0500769420254259,0.26618728278175,-0.0676380812412432,3.23633153288969,-0.219849334782257
"2226",-0.0087327365854662,0.25729914149652,-0.0516613489648039,3.236324536255,-0.622907592685187
"2227",-0.0244590846247416,0.263414480692261,-0.049567450345199,3.23631974527775,0.434079841849758
"2228",0.0164979204690785,0.258360182852353,-0.0468309283268623,3.23631446170652,-0.552793005251304
"2229",-0.0193437823549734,0.256713451291682,-0.0473874446824491,3.23631010708554,-0.174367960482685
"2230",-0.00816851306021896,0.247324441735746,-0.0468318542651772,3.2363059283295,-0.12700430346626
"2231",-0.00186072682761956,0.236263344566963,-0.0466173139658002,3.23630228094266,-0.405906084785493
"2232",-0.01638204173252,0.233512493066062,-0.0471669597227506,3.23629942033936,-0.239540197579657
"2233",-0.00848814979756352,0.225471359793894,-0.0467996394224183,3.23629666446811,0
"2234",-0.00102760603375235,0.215495093562426,-0.0466087727845487,3.23629424421468,-0.512944941304894
"2235",-0.0197139682588364,0.217321668159067,-0.0477582047299401,3.23629290279201,0.864074501651615
"2236",0.033845386302366,0.23946392975825,-0.0412984019623234,3.236296837791,-0.95250249889256
"2237",-0.0378007963522131,0.267284622767332,-0.0517309113984869,3.23630153040696,0.361257567857146
"2238",0.0141280184620173,0.259657263943413,-0.0475445706445113,3.23629854829129,0.455727352800245
"2239",0.0186728127123764,0.258524738786606,-0.0459511745076626,3.23629634714813,0.239024892703549
"2240",0.00701097069824954,0.248466176090358,-0.0463535304292279,3.23629398135346,0.159033112398657
"2241",0.00944111450278295,0.239945123026049,-0.0463883643215765,3.23629194990104,0.523022033866069
"2242",0.0180547872527881,0.238991166116738,-0.0456862531479221,3.23629061704023,0.228950480936008
"2243",0.00899397641029427,0.230969183587207,-0.0462246138502625,3.23628903375814,-0.110462375126716
"2244",-0.00379489158879296,0.220988844999181,-0.0464784847199943,3.23628762495391,0.260180696305021
"2245",0.010169760058084,0.214112390980168,-0.046382474955291,3.23628644991241,0.345857914320177
"2246",0.0130718382066264,0.209955342460008,-0.0461274718804104,3.23628554886666,-0.479805852245488
"2247",-0.018132864241334,0.209763916620988,-0.047331550680047,3.23628510671035,0.299165708878138
"2248",0.0111533839316132,0.20373809316761,-0.0465501038869997,3.23628427999926,0.282596938207916
"2249",0.0104607901208952,0.198317131070361,-0.0463313124534506,3.23628357890869,-1.11142908954157
"2250",-0.0436148579218361,0.243901405429754,-0.0606565342665302,3.2363033767207,0.498123188507366
"2251",0.0195196849172143,0.242087859910523,-0.049149517798122,3.2363004582376,-0.736199644106916
"2252",-0.0302999729752159,0.256478483867507,-0.0505160836058162,3.23630053726802,-0.214754506875209
"2253",-0.00927686301299396,0.247967531235689,-0.047621756560834,3.23629764612621,0.0159235669126262
"2254",0.000846824390616561,0.236740756495174,-0.0468022903007247,3.23629509581507,-0.0477783095567591
"2255",-0.00486503069626458,0.226785267626983,-0.0466242174963883,3.23629288559752,-0.295138410703863
"2256",-0.00980379928271051,0.21958344559573,-0.046710369353831,3.23629101078456,-0.29601205661931
"2257",-0.0125337556909484,0.214710691853526,-0.046912209874441,3.23628947302479,0.216095165927815
"2258",0.00980126523583068,0.207771173143885,-0.0465092138061211,3.23628804309634,0.0239817739668247
"2259",0.00104666381182776,0.198747597641519,-0.0465394312516669,3.2362867649412,0.875383594123047
"2260",0.0347007514007865,0.225169038405145,-0.0392090522668177,3.23629418388693,-1.10744867646423
"2261",-0.0435700399652635,0.266849157148677,-0.0557305737808756,3.23630656756488,-0.69137665863494
"2262",-0.0265203600359383,0.277728029194009,-0.0512451189747273,3.23630489750655,0.177319301719925
"2263",0.0089094130638854,0.2666990148266,-0.0476052543174832,3.23630139808416,-0.371117811987781
"2264",-0.0158688211275685,0.261451736658285,-0.0472191972379866,3.23629853931684,-1.19528194618876
"2265",-0.048030175047751,0.318179107827165,-0.0600642259171822,3.23631482351363,-0.920377932627051
"2266",-0.0374864748446633,0.348164493648585,-0.0550088936318669,3.23631548514585,0.337907767849835
"2267",0.0147721000565177,0.33670418404164,-0.0483669328896039,3.23631063137693,-0.362677614816256
"2268",-0.0132963983626794,0.32541558812154,-0.0471412649359605,3.23630641422343,0.609205802785967
"2269",0.0220971713653053,0.323545486487681,-0.0458500924980177,3.23630317554214,-0.0903231165401308
"2270",-0.00449871337023491,0.308651203920766,-0.046388493588402,3.23629989312166,-0.073961461234115
"2271",-0.00120338195208397,0.294226280477377,-0.0465116768097205,3.23629704515486,0.246325767050623
"2272",0.0123812390992874,0.284931960093829,-0.0463582007857642,3.23629463626978,0.784189609231914
"2273",0.0290911495292269,0.297103322348379,-0.0438666580200204,3.23629466416943,0
"2274",0.00135569090961804,0.283421861735836,-0.045915173797127,3.23629250898603,0.251920006458767
"2275",0.00911414730786167,0.272729953755141,-0.0463206386027571,3.23629065953244,0.0486854926851105
"2276",0.00137971011999907,0.260259169223875,-0.04649486490857,3.23628903477831,0.0891952218064596
"2277",0.00277263154065121,0.248599864807384,-0.0465338892333276,3.23628762544845,0.267109309324773
"2278",0.0120422011628245,0.241616530538009,-0.046321315284085,3.23628648415656,-0.194190529508811
"2279",-0.00800847408539815,0.232370654619451,-0.0465514710178359,3.23628542527017,1.02333595183244
"2280",0.0402831073304469,0.268324567509028,-0.0377115663177549,3.23629542237812,-0.385542646242887
"2281",-0.0151646635472204,0.261356426942679,-0.0447446348780181,3.23629327601864,0.353470805044312
"2282",0.0134641211500658,0.254212084070541,-0.045876400591297,3.23629139747448,0.312262554065904
"2283",0.0130832542150303,0.248020184967242,-0.0460856012913876,3.23628979774985,-0.168020201947333
"2284",-0.00856711489087654,0.238665939257081,-0.0465055807097807,3.23628830294513,-0.120187506955877
"2285",-0.00378347354654067,0.228422450371624,-0.0465483509664705,3.23628699151388,0.734886285198336
"2286",0.0273758685712387,0.239744877332528,-0.0436824197875784,3.23628828810786,-0.231066594183574
"2287",-0.0088434461929931,0.230702831892116,-0.0459351619276086,3.23628699213283,0.103647607445126
"2288",0.00320226584093418,0.220629534746782,-0.0464012634617344,3.23628585346738,-0.271305624443341
"2289",-0.0107908518353157,0.214159049746475,-0.0466959561300036,3.23628492681371,-0.44044115244305
"2290",-0.0173241937680882,0.213873428801707,-0.0474584901269018,3.23628456161193,0.112296474462384
"2291",0.00479826529641987,0.204956163470507,-0.0467528453801321,3.23628374608861,-0.0481116198840337
"2292",-0.00250916838719477,0.196180067452195,-0.046599460854962,3.23628303730447,0.400224659741916
"2293",0.015439098068827,0.194545629111496,-0.0459169919339827,3.23628275499031,0.015975716944272
"2294",0.000769236805668481,0.186225049260602,-0.0463997659668307,3.23628217736116,-0.424221230911462
"2295",-0.0176936134101966,0.187347575336834,-0.0475773618511629,3.23628232524712,0.152286327671447
"2296",0.00744736051959059,0.180680573446087,-0.0467329427391204,3.2362818182277,1.11501633058815
"2297",0.0430202498627187,0.227479177676284,-0.03018899303459,3.23630629090075,0.205712549796863
"2298",0.00884298305974928,0.22055936300505,-0.042523904655598,3.2363026503447,0.181624403384445
"2299",0.00781495733467314,0.212725072283461,-0.0455185900534255,3.23629945820655,0.95010726100247
"2300",0.0361861017771866,0.242017548217963,-0.0386262818550429,3.23630572966897,0.397769896220093
"2301",0.0141755003100768,0.238158998059982,-0.044186804919859,3.23630234200562,-0.304034535505904
"2302",-0.0100208641533261,0.230049520903301,-0.0461052827069186,3.23629920233609,0.171620293313149
"2303",0.00612010304637707,0.220726285796117,-0.0464182485841304,3.23629645057039,0.435527208890565
"2304",0.01597115415766,0.218575589693609,-0.0458814582199464,3.23629438641965,-0.13978413396708
"2305",-0.00420519313679647,0.209286148844428,-0.046398809141143,3.23629226872238,-0.467363368236634
"2306",-0.0198677289573122,0.211766309881864,-0.0478157763163716,3.23629128093897,-0.351961569385983
"2307",-0.0138708877175439,0.208697158583408,-0.0473483514196867,3.23628981135416,-0.463345549577379
"2308",-0.0178188554622261,0.209348632283961,-0.0477448123121523,3.23628890255852,0.549495063461761
"2309",0.0204855019652777,0.211541061815447,-0.0455773871248281,3.23628831919439,-0.368613412948748
"2310",-0.0140124617982753,0.20731886820373,-0.0466874051762417,3.23628716173404,-0.346320692461752
"2311",-0.0140549621844581,0.204448947544184,-0.0470936012440994,3.23628624505755,-0.0078848807452625
"2312",0.00145284542230509,0.195567268497981,-0.04667761606846,3.23628520507361,0.401338331345871
"2313",0.0158268976007046,0.194457767174783,-0.0458611755003537,3.23628468768241,-0.0157084511790334
"2314",0.00105247566643555,0.186168284214745,-0.0463862240888315,3.23628385405155,0.258874433648881
"2315",0.00909667728001209,0.180663927049123,-0.0463636178439886,3.2362831773232,-0.0548567859844029
"2316",-0.00283052766196693,0.173208736371498,-0.0465086286850728,3.23628254399015,0.0470219444400649
"2317",0.00247840130025564,0.166137468724395,-0.046536919373243,3.2362819945329,0.445609149197032
"2318",0.0183045907129825,0.169107368031681,-0.0451196800283327,3.23628247821153,-0.328150931237245
"2319",-0.0133053468279571,0.166690173535704,-0.0466568509829751,3.2362821402002,-0.667428177411136
"2320",-0.0260759663992058,0.180332072148094,-0.0508616834445925,3.23628580884346,0.157443156194528
"2321",0.00639130052419485,0.173553319732889,-0.0475351152668398,3.23628483254788,0.0157306906097526
"2322",1.8979048037425e-05,0.166303110347393,-0.0467818658798189,3.23628397967849,0.423795956846101
"2323",0.0180223954279015,0.168863935436124,-0.0452657319398003,3.23628412196065,0.367403188345944
"2324",0.0147933642982654,0.168833788131453,-0.0454145112433073,3.23628383130322,0.381605540770399
"2325",0.0133928006276145,0.167499186566871,-0.0456719634313215,3.23628342030094,0.240674003056507
"2326",0.00973038045685965,0.16362263062511,-0.0460984663927465,3.236282845689,-1.665467167898
"2327",-0.0659562939065149,0.281669698393416,-0.112499380635875,3.23644194958797,-0.102551975224488
"2328",-0.00344637810601504,0.269689350894925,-0.0621264800238336,3.23642028695316,0.14196705594445
"2329",0.0051448922543447,0.258021883151627,-0.0502093256863236,3.23640149215362,0.800695069825913
"2330",0.0317957508217174,0.27595791345727,-0.0435369876952231,3.23638882584717,0.47580137342528
"2331",0.0217299125980965,0.278545629073541,-0.0445414461295343,3.23637504307375,-0.04669987631572
"2332",-0.00499545242024799,0.266174188896488,-0.0460833135374196,3.23636224070259,0.0855997873364656
"2333",0.00779834443195344,0.255643574325755,-0.0463898519156751,3.23635114431249,0.04665992774599
"2334",0.000870303523592092,0.244039499526146,-0.04651156442247,3.23634150698965,-0.366086789663692
"2335",-0.013501402558164,0.238278595259542,-0.0468546034547072,3.23633327404771,-0.148373772876287
"2336",-0.00720743937987794,0.229300349984858,-0.0466831118466465,3.23632601862358,0.514460562539978
"2337",0.0193491625928224,0.229613550512104,-0.0456021690023255,3.23632029091385,0
"2338",9.83352006130995e-05,0.219383288638987,-0.0463258957259201,3.2363147408018,0.12432014033204
"2339",0.00447801086611445,0.210261868753922,-0.0464830910204171,3.23630992786098,-0.326670586838132
"2340",-0.0133140046840472,0.206054181231306,-0.0468984655165793,3.23630590640024,-0.766407129843641
"2341",-0.0293666281670021,0.222984022079706,-0.0510578993682998,3.23630660800791,-0.0392603357875498
"2342",-0.00106023951464207,0.213229113193193,-0.0476143131692512,3.23630287060845,-0.0314193703001148
"2343",-0.00273019638316423,0.204077026760859,-0.0468039022889324,3.23629962849903,-0.306857316200121
"2344",-0.0132543826142183,0.200371798053971,-0.0470105984585494,3.23629699253279,-0.27618877292088
"2345",-0.0111326793099408,0.195624497414379,-0.0469316805700425,3.23629463498585,-0.681892905438708
"2346",-0.0261763759712589,0.207741829704487,-0.0500172599447044,3.23629551441715,0.0795291914034962
"2347",0.00409019600845741,0.198932691381221,-0.0473625765608456,3.23629324696967,-0.270657703834976
"2348",-0.0102030608004924,0.193248902649267,-0.0469181690153237,3.23629133885408,-0.255407593546761
"2349",-0.0110421716783432,0.188741825228716,-0.0469097943807865,3.23628973021709,0.159706174646732
"2350",0.00697478087537191,0.181918575679673,-0.04658145464411,3.23628824042918,-0.367706249637725
"2351",-0.015907607052456,0.181310779065004,-0.0473205534562997,3.23628735351698,-0.626608734052556
"2352",-0.0236878386874082,0.190793559046146,-0.0496172236908043,3.23628862396982,0.0966572769574209
"2353",0.00389390191049747,0.182873907411958,-0.0472680873738906,3.2362872693334,0.345590056633574
"2354",0.0127985793478902,0.179989916448686,-0.0462881794063547,3.23628628818673,0.66371040491702
"2355",0.0269242875620337,0.194218890379728,-0.0422988507786456,3.23628928084933,-0.223410290003737
"2356",-0.00852419856142225,0.187479205704851,-0.0456223466789516,3.2362878577709,-0.49647763735696
"2357",-0.0182262475435022,0.189477625616876,-0.0475520370476781,3.23628738486287,-0.225026214058127
"2358",-0.00658032912400305,0.182917583463086,-0.0468588505383509,3.23628621212524,0.0482625491993655
"2359",0.00135432661377331,0.175199135070605,-0.0466221119100266,3.23628517651024,0.00804149411393895
"2360",0.00198651266494192,0.167979471460943,-0.0465647441120656,3.23628427820575,-0.144845925380635
"2361",-0.00535659276171037,0.161833859245379,-0.0465861333937216,3.23628350513354,0.570122393824693
"2362",0.0228653475575391,0.170101089105616,-0.0437887286104465,3.23628515387753,-0.360967784555746
"2363",-0.0146832258949899,0.168548245658225,-0.0464773874806219,3.23628454711587,-0.225261559452758
"2364",-0.0086381211426736,0.164027110956667,-0.0467076891158452,3.23628379072494,-0.541087530517753
"2365",-0.0204107807262735,0.16977703825289,-0.0486718337542218,3.2362846689591,0.266871696135493
"2366",0.00987954852444741,0.16511841562755,-0.0468840998396351,3.2362838922622,-0.575063343156235
"2367",-0.0208595109976513,0.170477874946258,-0.0486110345888018,3.23628465358743,0.219075912196889
"2368",0.00664919809156052,0.164376629265841,-0.0469919549622503,3.23628383362248,-0.0324254218145775
"2369",-0.000881211748358344,0.157626437796284,-0.0466538212295858,3.23628311308408,-0.154164499679985
"2370",-0.00653230378016326,0.152477483539591,-0.0466441791583655,3.23628250530207,-0.382378532049626
"2371",-0.0136217288345681,0.151941089568039,-0.0472677940250791,3.23628232964004,1.2796805389497
"2372",0.049637546444135,0.215805402162474,-0.0157239741181624,3.23634003484091,0.905273556689873
"2373",0.0359977168300789,0.248069501962943,-0.0308296161976381,3.23634216158562,-0.38354022246285
"2374",-0.0148700838036257,0.242085780115672,-0.0431477610539388,3.23633383747382,0.622507995892807
"2375",0.0265132301068893,0.250675915205691,-0.0434776505088702,3.23632827642213,0.270141591265433
"2376",0.00784674945104462,0.241588967045135,-0.0457382137402594,3.23632169140031,-0.198562473404304
"2377",-0.00664128153171892,0.231860588749154,-0.0463912437085988,3.23631596213501,-0.0238540135508697
"2378",-0.00238130632138002,0.2216912876462,-0.0465146484628054,3.23631098567261,0.135097568924455
"2379",0.00400623613404977,0.212307782309285,-0.046532294298674,3.23630666934604,-0.813336753756111
"2380",-0.0310814248672786,0.230730033964488,-0.0512326487766943,3.23630761505753,-0.0961230448891764
"2381",-0.00499274002467893,0.221538373982661,-0.047687468705089,3.23630375060813,0.631118531823222
"2382",0.024456958500924,0.228797463898733,-0.0446944057947505,3.23630202383398,0.0318496698289122
"2383",0.000991980663305605,0.218700019124136,-0.046110835828354,3.23629889366243,0.674418393130546
"2384",0.0279871436273928,0.231822927798256,-0.04310873139979,3.2362991605948,0.449722640490222
"2385",0.0161673636955501,0.230102311361281,-0.0450229963051961,3.23629679195813,0.0157430730803737
"2386",-0.000554165628912566,0.219824759431543,-0.0461893865186226,3.23629435480024,-0.592068040972771
"2387",-0.0220147621259757,0.224187084480662,-0.048074329720891,3.23629336886007,0.402987389036288
"2388",0.0153213677900839,0.220290909597592,-0.046467611007535,3.23629158617875,0.74636006599488
"2389",0.0299240200594745,0.237574181137123,-0.0422648411402002,3.23629397541529,0.437364021144723
"2390",0.0180288661795095,0.237595987408658,-0.0445907665631505,3.23629246840131,0.0545362484788009
"2391",0.00308994230529668,0.227335687824222,-0.0460801154905149,3.23629060484566,0.318830706726098
"2392",0.010699495286441,0.220603337324084,-0.0462574752571053,3.23628904864401,0.650056460309334
"2393",0.0251442876059614,0.2297960252057,-0.0439805382842748,3.23628966644346,-0.68111718427391
"2394",-0.0259075178948201,0.237555315583648,-0.0481220646699067,3.23628986219017,0.279199809103109
"2395",0.0100384787685719,0.229240726990679,-0.0468219538328366,3.23628837018257,-0.123992576332038
"2396",-0.00524997105872618,0.219693351572401,-0.0466298488951641,3.23628705112216,-0.65349540173609
"2397",-0.026819872267652,0.231165356290509,-0.04954059780411,3.2362884600672,0.210518186203498
"2398",0.00809478239087146,0.222269927939175,-0.0472061313271409,3.23628713729778,0.97660053816811
"2399",0.0365157295203721,0.251776414847829,-0.0393104109522959,3.23629459361793,-0.0771604976554319
"2400",-0.00227713749476455,0.24035980124417,-0.0448421467819604,3.23629244768069,0.753617839257931
"2401",0.0293647069372555,0.254401074703093,-0.0428454142320801,3.23629352582004,0.336520394061324
"2402",0.0115696786875067,0.247519152822913,-0.0454270250386708,3.23629161490773,-0.152823442290062
"2403",-0.00709099260589232,0.237587793338197,-0.0463214902210462,3.2362898708886,-0.0382423806718324
"2404",-0.000703335240642192,0.226937527362328,-0.0464957630909538,3.23628835058328,-1.3012695647938
"2405",-0.0523669823077559,0.296482573018069,-0.0671654380458028,3.23632086648897,0.286344660304555
"2406",0.0111361703484638,0.285046736290237,-0.0513397351495285,3.23631525802318,-0.363876064405405
"2407",-0.0133647224462943,0.276678822805965,-0.0478993213267842,3.23631045411608,-0.404135157956353
"2408",-0.0185601688863035,0.274477128466623,-0.0476083021921466,3.23630660778046,0.326543596025075
"2409",0.0135546686657692,0.266599022034112,-0.046571594976825,3.23630295337447,0.310005673366665
"2410",0.00911948020029866,0.257071347118764,-0.0464533666715311,3.23629972822576,-0.302243807410196
"2411",-0.010719544019481,0.248466076284217,-0.0466590824176982,3.23629694242802,0.0775855419476112
"2412",0.00301738248233822,0.237401539751481,-0.0465730651728573,3.2362944855074,0.147246897608599
"2413",0.00446258855831362,0.227342182962179,-0.0465420846211193,3.23629235569663,-0.824265942057983
"2414",-0.0321625186847239,0.246900859867898,-0.0512292393636906,3.23629518993798,-0.28932263994868
"2415",-0.0118469649538102,0.240710278318026,-0.0479378081716515,3.23629307700044,-0.164583288846271
"2416",-0.00681180171319915,0.231401314227455,-0.0469274277211938,3.23629114315843,0.274155186793371
"2417",0.0100195262068351,0.223813694034856,-0.0465093511235207,3.23628949336905,-0.674988827566064
"2418",-0.0249035305495304,0.231303975773025,-0.0486961939893253,3.23628968903999,-0.750961989290352
"2419",-0.0299988643798146,0.248802331593154,-0.0511982103566949,3.23629217161384,-0.182662958306021
"2420",-0.00516143073473223,0.238689753853823,-0.0476776227391445,3.23629035255082,0.0317914483682208
"2421",0.000725133596902175,0.227960507485827,-0.0468154615020249,3.23628876843518,0.23018623490795
"2422",0.0106243099084938,0.221090086290391,-0.0464399255713446,3.23628745147107,-0.381285710950072
"2423",-0.0151370134411613,0.217581797106811,-0.0469993047497101,3.23628647377069,-0.135388066712383
"2424",-0.00397606626590706,0.208579861185715,-0.0466700785052297,3.23628540561503,0.643446633560132
"2425",0.0270342521692548,0.22041571512808,-0.0434172575901878,3.23628725074352,0.339907840803716
"2426",0.0130392565302261,0.216424573717039,-0.0453906834055785,3.23628626562938,0.684206986753608
"2427",0.0278899888388935,0.230283875282628,-0.0427480541542303,3.23628843495888,0.702908236173738
"2428",0.0270217948563,0.242933245274891,-0.0425344624349866,3.23628982949414,-0.124600903901953
"2429",-0.00615678280666954,0.232722799302717,-0.0456196107888581,3.2362883173126,0.0778937568594679
"2430",0.00440003585934598,0.222806641427113,-0.0463201662469893,3.23628700408576,0.186697837193434
"2431",0.00693922165637587,0.214386779469979,-0.0464422941898464,3.23628587546319,-0.303561237194463
"2432",-0.0116338074351779,0.20869535295297,-0.0467532122614532,3.23628496826563,0.093501643090671
"2433",0.00248974746825926,0.199682876637494,-0.0465960908642246,3.23628409750814,0.0622858942590648
"2434",0.00207368836858104,0.191169405899432,-0.0465586221918411,3.23628334213988,0.279807426454659
"2435",0.0108412600128251,0.186436270509958,-0.0463098381623201,3.23628277676114,-0.287591041947982
"2436",-0.0104372327932578,0.181403218202915,-0.0466861901557839,3.2362822630681,-0.00778422138718593
"2437",-0.000561582230501643,0.173758279190971,-0.0465818347369251,3.23628175058935,0.272087857835013
"2438",0.0116949785938749,0.170448599535386,-0.0462165552926355,3.23628144818145,0.534243073159585
"2439",0.0206460501801147,0.176286311363332,-0.0443996692962089,3.23628262259921,-0.744074119645216
"2440",-0.0281822804350827,0.19062771793924,-0.0503385704787906,3.23628623931605,-0.679133011088079
"2441",-0.0267397561253248,0.204959383190288,-0.0514651020343427,3.23628902536483,0.203442949668428
"2442",0.009376149790718,0.198038849546348,-0.0476122691512312,3.23628764353095,0.15621341925412
"2443",0.00584097505799041,0.190595050232186,-0.046757959056978,3.23628642704557,0.474949310298498
"2444",0.0208515706564998,0.195325400084759,-0.0448529186946093,3.23628661998433,-0.678074380139301
"2445",-0.0270282155613795,0.206841399075969,-0.0493833474263183,3.23628839056128,0.156286661490349
"2446",0.00779427764790401,0.199123931079335,-0.0471674432852375,3.23628707746816,0.583909168076435
"2447",0.0230677831378981,0.206355428462385,-0.0444669261481541,3.23628766773729,-0.740195829566784
"2448",-0.029460718721106,0.221008597697702,-0.0499097771884555,3.23629004989409,0.249941550096644
"2449",0.00975531095225492,0.213363219944487,-0.0472470255923028,3.23628853176238,0.0935672582883601
"2450",0.00207475840610558,0.2041562605058,-0.046711589406507,3.23628718903538,0.39668702118178
"2451",0.014965644295546,0.201836177390747,-0.0460150027894922,3.2362863083835,0.696220032037248
"2452",0.0296242106621025,0.219553847405147,-0.0417083680959083,3.23628998834211,0.154059497425058
"2453",0.00417827177457698,0.210667956182297,-0.0453846770889314,3.23628845637503,0.199923173087357
"2454",0.00819557882171131,0.203457609494599,-0.0461810165913948,3.23628714889148,-1.12009204726982
"2455",-0.0443660090322332,0.250893412880689,-0.0608981926476141,3.23630701007109,0.658126335026815
"2456",0.0258824237956324,0.256414866014896,-0.0481974926559733,3.23630446712547,-0.0694792941062616
"2457",-0.00157554864460195,0.244738493318272,-0.0469381128591403,3.23630101322222,-0.154571481428678
"2458",-0.00916726779495566,0.236149135920068,-0.0467417353470289,3.236298044871,0.324324608611981
"2459",0.0134744322488624,0.230538546739099,-0.0462899747887134,3.23629556439911,-0.208373604240009
"2460",-0.011430263482148,0.223685902667458,-0.0466696889468703,3.2362933513088,0.216082812893559
"2461",0.0103614718105824,0.21660280625579,-0.0464349868793495,3.23629141456759,-0.355240160436782
"2462",-0.0138332803980884,0.212278243814764,-0.0468947088454752,3.23628984994043,0.393777291438985
"2463",0.0152474596977598,0.209228222509732,-0.046126755712188,3.23628857232333,0.292397869143524
"2464",0.0124402156026744,0.204999854374062,-0.0460906159272656,3.23628737668071,-0.223068436023377
"2465",-0.00950132942783836,0.198422362662802,-0.0465635056916642,3.23628622309818,0.896935753615324
"2466",0.0362052483825104,0.22709477960828,-0.0384818592512575,3.23629486792597,0.752712164413089
"2467",0.0282057447949295,0.242444851616286,-0.0409212166588827,3.23629613951191,-0.0151503674253872
"2468",-0.00026265018278524,0.231527434353318,-0.045221903454185,3.23629378878695,0.634347392217494
"2469",0.0255587283643622,0.240112596607876,-0.0439153734277208,3.23629358720079,0.210558056435256
"2470",0.00642164964429046,0.230898613090446,-0.0458742271586205,3.23629158676831,0.015022909965906
"2471",0.0012100758157023,0.220640289471264,-0.0463897127941787,3.23628983917277,-0.315956029036846
"2472",-0.0108684132764118,0.214266302420456,-0.0467012843190851,3.23628838818636,0.173147180683975
"2473",0.00569435819683988,0.205641051411302,-0.0465623556620847,3.23628706817293,0.112760771203713
"2474",0.00536183648006255,0.197577139630707,-0.046523476225902,3.23628592446619,0.217644275188683
"2475",0.00893408611107671,0.191465819688777,-0.0464082747176204,3.23628496836521,-0.699645509611935
"2476",-0.0269237617724944,0.203744295373746,-0.0499888478956826,3.2362872425831,-0.864362042344152
"2477",-0.0337549264950006,0.230038124768564,-0.0544726397950583,3.23629424998046,0.410366105176174
"2478",0.0170439073294012,0.226933968652432,-0.0478721813384989,3.23629241638699,-0.357075403142282
"2479",-0.0141196081931991,0.222075555385828,-0.0472104199383147,3.2362907058496,0.030439084018602
"2480",-0.000393732640463516,0.212253309643249,-0.0467054167230649,3.2362890749352,-0.0761150896848306
"2481",-0.00303950197407477,0.203201302531826,-0.0465907062630608,3.23628766051475,-0.38909070640018
"2482",-0.0144986954693617,0.2005629587718,-0.0470878681672638,3.23628668871282,0.213805823658741
"2483",0.0100795555190814,0.194490235646961,-0.0465278782445955,3.23628563698635,0.00762747416562792
"2484",-0.000460480393715595,0.186117896539638,-0.0465443131886396,3.23628467755125,0.72196992551149
"2485",0.0284989238552998,0.201729668435498,-0.0420870109441213,3.23628823726669,-0.394537689322039
"2486",-0.0150238722175043,0.198580820450168,-0.0459571079775711,3.23628714583674,0.0532015973027433
"2487",0.00224381356068063,0.190068933957435,-0.0464089033998769,3.23628598656496,-0.197748771468353
"2488",-0.00734217002173087,0.183459897796542,-0.0465876805133388,3.2362849985442,0.41785435917201
"2489",0.0153572004850489,0.182266458161457,-0.0458832197382565,3.23628447793448,-0.144152371231382
"2490",-0.00360150613851057,0.174808963123816,-0.0463976454741697,3.23628367260454,0.748840532720674
"2491",0.0276863315517903,0.189504506296533,-0.0420799823723813,3.23628732930346,-0.908408972034258
"2492",-0.0352200893038665,0.215205898923846,-0.0529702068291613,3.23629488634371,0.17475216239165
"2493",0.00652460260891604,0.206492625694499,-0.048042609083649,3.23629270511969,-0.144338536853084
"2494",-0.0046043287339826,0.198026668937193,-0.0469151488896778,3.23629081129278,-0.824432150525495
"2495",-0.0345773504301538,0.224519251960939,-0.0540240400700134,3.23629777240051,0.214395181663346
"2496",0.00896174856568985,0.216218545418134,-0.0482481684054373,3.23629522070808,-0.160753278388504
"2497",-0.00838944536777835,0.20855824356408,-0.047030130862468,3.23629301234218,-0.130323143133754
"2498",-0.00469358953985099,0.200165116236496,-0.0466833964828881,3.23629107926115,-0.222708689371143
"2499",-0.00872783279303978,0.19379354461298,-0.0467035403915601,3.23628943527995,-0.0153775180988858
"2500",-0.000583984044775896,0.185483254693739,-0.0465858875428693,3.23628797268136,0.138312608495134
"2501",0.00678688764511924,0.178920180376507,-0.0464979295126709,3.23628671789974,-0.25371943030581
"2502",-0.0100707794210157,0.174169982910056,-0.0467303430944028,3.23628568201963,0.107717175915079
"2503",0.00450671880057115,0.167375207540059,-0.0465772368851984,3.2362847187974,0.37609899649938
"2504",0.0143324115774495,0.166561696673355,-0.0458643376965301,3.23628424677844,-0.230096742108649
"2505",-0.00927121638128816,0.161884180769966,-0.0465384834800112,3.23628351945361,0.207110878313616
"2506",0.00832452248159275,0.157095039240482,-0.0464267140903614,3.23628287596982,0.725332441314219
"2507",0.0277784545671834,0.173642429145069,-0.0409923119169587,3.23628812804262,-0.0837170413063748
"2508",-0.00365293806383972,0.166575989419376,-0.0452423582946522,3.23628683894307,-0.595648954702954
"2509",-0.0232408363449673,0.175563216428393,-0.0491573231349662,3.23628821195557,0.656541025392487
"2510",0.0261903034376063,0.186744662539097,-0.0437597261415124,3.2362899746436,0.0836661010965356
"2511",0.00256889346731591,0.179161851552687,-0.0458825081783216,3.23628844169882,-0.709574563835647
"2512",-0.026256668437837,0.191459971038666,-0.0500506878625254,3.2362904821848,-0.0995901564673995
"2513",-0.00424342179240578,0.184056508890657,-0.0474023087153016,3.23628888577381,-0.0843461308295879
"2514",-0.00301637217286682,0.176536199086471,-0.0467568788165069,3.23628749666539,-0.299619937586371
"2515",-0.0117469803044358,0.173209269533079,-0.0469475099121576,3.2362864379293,0.651867793956956
"2516",0.0241628988596785,0.182276053336235,-0.0437792579244969,3.23628780480385,-0.405959731822653
"2517",-0.017185252712933,0.18220716013546,-0.0467490144898022,3.2362870419669,-0.492422323016678
"2518",-0.0184418148392006,0.185094704314982,-0.0479890161475158,3.23628682640816,-0.262588967691318
"2519",-0.00907523102371226,0.180010793618636,-0.0470721024399291,3.23628577162421,-0.209018849080678
"2520",-0.00868345822255496,0.174783905938715,-0.0468226195847229,3.23628484199654,0.594940908794972
"2521",0.0231248827829085,0.182528425168692,-0.0441041073482108,3.23628602758591,0.445811653047778
"2522",0.017442049569003,0.184565238748542,-0.0447443103629184,3.23628580315188,0.405649019759879
"2523",0.015337266752397,0.184171703760665,-0.045319479048909,3.23628526894243,0.730596857055055
"2524",0.0284590505582968,0.20085565099539,-0.0414447700284821,3.23628922018519,-0.0986230782058617
"2525",-0.00520936541396744,0.192628729784554,-0.0453572724331275,3.23628778768471,-0.266008137096146
"2526",-0.00939233121431053,0.187028088156902,-0.046430314471077,3.23628659619533,0.121691527034612
"2527",0.0048023009017522,0.179625283265892,-0.0465045932256378,3.23628551224655,0.0607902754282907
"2528",0.0020595022179075,0.172194723128057,-0.0465365080267334,3.23628456951896,-0.739586307408446
"2529",-0.0274002623513069,0.186671018885824,-0.0509708036299923,3.23628809540633,-0.537140640755762
"2530",-0.0222665184595363,0.19452511183876,-0.050036921817522,3.23628877990482,0.00769378727057402
"2531",0.000586003962392043,0.186153180900054,-0.0473719256895077,3.23628740412067,0.268910307642545
"2532",0.0106966860173661,0.181560984940392,-0.0465055820979878,3.23628629869776,0.0843655378490071
"2533",0.00457895077550191,0.174605215627623,-0.0465140241797541,3.23628525598318,-0.538090313620898
"2534",-0.0217487118451898,0.180795446140257,-0.0486735138779454,3.23628598853513,-0.455792824305984
"2535",-0.0160446651468702,0.181440645963471,-0.0480235124867577,3.23628555926288,-0.0929584078094903
"2536",-0.00249045043012394,0.174048764788744,-0.0469031506002259,3.23628461078936,0.0929584078094903
"2537",0.00277688859842683,0.166978215592839,-0.0466287145772437,3.23628378769004,0.316957476127905
"2538",0.013436785251608,0.165401641104519,-0.04600330384227,3.23628335243742,-0.0231579760964107
"2539",-0.00127425777250422,0.15860164205215,-0.0464206883661564,3.23628269564399,0.508240736714127
"2540",0.0211076613085627,0.16501553011649,-0.0442268861539308,3.2362839332694,0.176509005575048
"2541",0.00659394762090763,0.159818311389583,-0.0459070582554637,3.23628322529525,-1.04825994573626
"2542",-0.0414257413608124,0.202474466646245,-0.0633289099498579,3.23630858566673,-0.731008776673633
"2543",-0.0280439814335146,0.219215753671759,-0.0549513443295164,3.23630895635198,0.0858201730067121
"2544",0.00304379397611034,0.209630080552967,-0.0485298790366027,3.23630490781971,0.358088503454904
"2545",0.0147863360400234,0.206894342661895,-0.0464814874481226,3.23630165527551,0.434210188296502
"2546",0.019012112287604,0.208995937815041,-0.0452943073483171,3.23629936976626,0.0928002541272122
"2547",0.00268378780987667,0.200188686591161,-0.0462468292667949,3.23629659185299,0.2239123817039
"2548",0.00719148031058104,0.193056221359301,-0.0464107761478319,3.23629419755923,-0.146644567629373
"2549",-0.00613705781659347,0.18575515394862,-0.0465533822207757,3.23629211137743,0.930239266231353
"2550",0.0364737491740395,0.215942666539226,-0.0373378892756657,3.23630184388171,-0.298885151802925
"2551",-0.0110018579299704,0.209080507537967,-0.044512327210914,3.23629877909583,-0.0537407406124124
"2552",-0.0031670921745131,0.200303214738339,-0.046076503489598,3.23629607958468,-0.23064513953483
"2553",-0.00774597511179969,0.193416986766619,-0.0465221702496935,3.23629375890699,-0.447428039492093
"2554",-0.018451654413819,0.195308737219729,-0.0477455534641514,3.236292488359,0.64735121257945
"2555",0.0255866284519249,0.204828818371853,-0.0440706550710625,3.23629293758841,0.520994129735136
"2556",0.019923655375277,0.208610706656514,-0.0444318319890592,3.23629206809622,0.0992934967964931
"2557",0.00414578745983395,0.200187241334651,-0.0460304934727877,3.23629025985018,0.0152671756021683
"2558",0.000833415113895374,0.191538770888993,-0.0464268338343469,3.23628868802017,-0.129845349539615
"2559",-0.00699112608628704,0.184729146222477,-0.0465828010292118,3.23628733918438,-0.229550946311186
"2560",-0.00799539467440503,0.178863195847376,-0.0466677069262549,3.2362861859442,0.130143559038909
"2561",0.00389768742181608,0.171699513296029,-0.0465678551208575,3.23628515498007,0.27504028339938
"2562",0.0109631363315651,0.168131721534916,-0.0462543996967687,3.23628437915178,0.213398450009461
"2563",0.0086028416395878,0.163536933327324,-0.0463140542590901,3.23628364079963,-0.213398450009461
"2564",-0.00827341302283944,0.158647886684267,-0.046611060901409,3.23628298009595,0.365547585484749
"2565",0.0150229652482781,0.158461671328562,-0.0457847585075876,3.23628280141684,-0.518254341891244
"2566",-0.0204964541421507,0.163515522596175,-0.0483082108080235,3.23628366378887,0.167964614232857
"2567",0.00600196129568584,0.157584202773167,-0.0469312715009895,3.23628297206059,0.00762805599363037
"2568",0.00105631668202011,0.151234660107992,-0.0466389192338401,3.23628236567978,0.106731732324677
"2569",0.00319332441867559,0.145480017264372,-0.0465615789497803,3.23628184070847,-0.0914773657326673
"2570",-0.00205429334408555,0.139837614523108,-0.0465542672442493,3.23628138432563,0.304599687229551
"2571",0.0112649017399113,0.13801865029827,-0.0461357117330294,3.23628117327077,0.447597758239293
"2572",0.0178807496746502,0.142408555255877,-0.0445917518400653,3.23628217321847,0.272129580590752
"2573",0.0105240608515642,0.140478788744686,-0.0456795651402032,3.236281853676,-0.0830721642758658
"2574",-0.00290361155663165,0.135175998600089,-0.0463487890265654,3.23628139587503,0.0226628896154102
"2575",0.00139701619683708,0.130024668656172,-0.0465014158712591,3.23628099830324,-0.46182464638917
"2576",-0.0182028044462757,0.134657470075124,-0.0485146797105881,3.23628213689098,-0.243124265024375
"2577",-0.0102482746777464,0.132972977192595,-0.0474262634775006,3.23628182527312,0.18999131755249
"2578",0.0066370566028873,0.129019749711269,-0.0466786889851637,3.23628139054737,1.01976183027864
"2579",0.0398002760509067,0.170715854077379,-0.0250698427647656,3.23631676947023,-0.565250025942188
"2580",-0.021410230850727,0.175047030387069,-0.0432024463777909,3.23631291736541,-0.310359433105067
"2581",-0.0119154445281322,0.172435559756699,-0.0461993596891944,3.23630854378847,0.355697200241062
"2582",0.0164513001850784,0.172656106843747,-0.0455825702537307,3.23630505742612,0.113254570601556
"2583",0.00323822098267192,0.165889399241418,-0.046308703639812,3.23630152708847,0.32395402573337
"2584",0.0156196445718073,0.166241750861932,-0.0455966157825251,3.23629897925094,-0.143013083725496
"2585",-0.00625569625968669,0.160304563990229,-0.0463657795822814,3.23629626082154,0.0527128292638179
"2586",0.00332302726196678,0.154035896219422,-0.0464990399667839,3.2362938948317,0.0978215962726015
"2587",0.00437096839747564,0.148415685642915,-0.0465141201054976,3.23629184546309,-0.747370707839984
"2588",-0.0295934219858852,0.167625696106923,-0.0534477242366235,3.23629792965984,0.483786566076949
"2589",0.018845303167468,0.169764873825014,-0.046926855152842,3.23629614664456,0.698856874021503
"2590",0.0270462015705798,0.185116180438956,-0.0418833960787398,3.23629857691125,0.194508926440545
"2591",0.00758309583678085,0.179413255164197,-0.0453231778529494,3.23629594096754,-0.441931733075668
"2592",-0.0159796306896952,0.178983257991831,-0.0470470664666785,3.23629405099992,0.553976562724623
"2593",0.0226544666913771,0.185519321405666,-0.0444782045597579,3.23629367627793,-0.0373343293490869
"2594",-0.00158435909731059,0.177640854799408,-0.0460609627461235,3.23629165186238,-0.291687129512325
"2595",-0.013064224410314,0.175169290644935,-0.0469025646026857,3.23629011315656,0.00748979515760029
"2596",-0.000155675109115776,0.167843467794536,-0.0466327460292605,3.23628856075519,0.239377732498897
"2597",0.00764797513848174,0.162591089547563,-0.0464684192255043,3.23628724199336,0.156780800339978
"2598",0.00731311426929534,0.157606990129249,-0.0464259344681492,3.23628609932196,0.446595457563959
"2599",0.0178965750515995,0.160801468688,-0.0450304375467797,3.2362860962576,0.148423032813111
"2600",0.00522846126795216,0.155251878258033,-0.0461409876301902,3.23628508704321,0.177817339585096
"2601",0.00661833370666255,0.150329643792005,-0.0463725411047614,3.23628422125565,0.671366275446211
"2602",0.0265691917316409,0.165204819235496,-0.0413706790782886,3.23628875023604,0.0441079180862669
"2603",0.00134955726454557,0.158565135818042,-0.0453248279195962,3.23628737865938,-0.117664375981674
"2604",-0.00395494110175747,0.15255647775544,-0.0462751625475458,3.23628619063305,-0.132538124106862
"2605",-0.0049819911880403,0.147193231564889,-0.0465199867875441,3.23628516477432,0.338360013879113
"2606",0.0130602189769102,0.146153371983481,-0.0459578647082781,3.23628456021994,0.154088888396314
"2607",0.00731527583724871,0.142144787855852,-0.0462767867107662,3.23628378406348,-0.0073321846276897
"2608",-1.69160386980812e-05,0.136574966475157,-0.0464850874799393,3.23628307008906,0.0073321846276897
"2609",0.000741249247904979,0.131316933528744,-0.0465340961537897,3.23628245070001,-0.448250006528272
"2610",-0.0183728630263465,0.136087897749468,-0.0485569938415294,3.23628343161782,-0.657629739191262
"2611",-0.0255556970728432,0.150873818563053,-0.0526261348990295,3.23628871622649,-0.856201485575592
"2612",-0.0342174615547175,0.180827085825857,-0.0595414833741505,3.2363029787888,-0.569887565152344
"2613",-0.0233597118178435,0.190890524757685,-0.0526528461808476,3.23630235490767,-0.180641325653014
"2614",-0.00811666697858458,0.185078170810609,-0.0481259088101136,3.23629922306008,-0.49088192820067
"2615",-0.0206295424528497,0.189941776940879,-0.0487112490963343,3.23629776367463,0.204197461763939
"2616",0.00795726904728839,0.183295205713574,-0.0469908536296731,3.23629521452316,0.226398104399844
"2617",0.00805731347697979,0.177554163207345,-0.0465376719817196,3.23629302010024,0.150647813968519
"2618",0.00505279059019788,0.170924156783246,-0.0465145514952752,3.23629108870225,-0.158186165334645
"2619",-0.00580323584513477,0.16472406680234,-0.0465798069218008,3.23628941487833,-0.0754147848714193
"2620",-0.00225487499274267,0.158122939079867,-0.0465601087491814,3.23628795530151,0.165837517277628
"2621",0.00767838092446072,0.153367662884068,-0.0464440961189923,3.23628671944399,-0.135664778118333
"2622",-0.00510380322952601,0.147864540304477,-0.0465531490279078,3.23628562184308,0.248578335976601
"2623",0.00920020788398125,0.144336861254797,-0.0463514785639501,3.23628473380045,0.465361494332922
"2624",0.0180557745225733,0.148488979408131,-0.0447365115228137,3.23628517080522,-0.10489249481993
"2625",-0.00452247112491135,0.142999749030536,-0.0461368556208672,3.23628427534566,0.0674435186117595
"2626",0.00318393335323185,0.137644350381751,-0.046444298069797,3.23628349721389,-0.978628707633261
"2627",-0.0390443478085528,0.17626386877473,-0.0644238618726324,3.23631082275258,0.339840979567652
"2628",0.0134220702558951,0.172968889596102,-0.0504128499614843,3.23630667567287,0.0226150541840497
"2629",0.00197842235745306,0.165929899161043,-0.0474571964223111,3.23630292950259,-0.893403882999794
"2630",-0.0353586772453139,0.195202767648247,-0.0568376977379682,3.23631269144145,-0.190309500592656
"2631",-0.00672562342551008,0.188701829453666,-0.0490718746696452,3.23630817432981,-0.198306830299327
"2632",-0.00787117140173171,0.182559250875503,-0.0472461458161367,3.23630425776353,0.0915750979746499
"2633",0.00403461414377926,0.175227902262651,-0.0467034353604552,3.23630083293155,0.106731732324677
"2634",0.00561895250992748,0.168854422857588,-0.0465449593492876,3.23629786884612,0.668289242968795
"2635",0.0247273597225862,0.179912573533604,-0.0430785858133629,3.23629843050312,0.708955379115261
"2636",0.0277377163456508,0.196232697455557,-0.0409237972270965,3.23630062805358,-0.225716746196764
"2637",-0.00939180685262564,0.18976771392566,-0.0453247171440213,3.23629771126887,0.210684803289846
"2638",0.00970331507442236,0.184176349957214,-0.0461079773136576,3.23629520108387,-0.519990621156208
"2639",-0.0212218611778097,0.188958840431156,-0.048221072044205,3.23629426072197,0.128364875858489
"2640",0.00447359173500897,0.181266999522347,-0.0469345406180527,3.23629216002058,0.308909644781269
"2641",0.0138822257195381,0.179336036068456,-0.046082091390203,3.23629061128745,-0.376846994063479
"2642",-0.0155596717362726,0.178316028650684,-0.0471303017189457,3.23628935833288,-0.0302091989307363
"2643",-0.000551628928599998,0.170848076453731,-0.0466867178262618,3.23628790593636,-0.249574718314033
"2644",-0.0096998870765651,0.1664827007856,-0.0467835008470945,3.23628671668226,-0.242608155387847
"2645",-0.00912597059818166,0.16223088803208,-0.0468007006122762,3.23628568235221,0.424178790836316
"2646",0.0163466416725574,0.16300181076495,-0.0456387988092387,3.23628529104123,-0.713042541679182
"2647",-0.0286747810630362,0.179116839198694,-0.0515252396505156,3.23628975220442,0.395077249941211
"2648",0.0158288289353908,0.177840294636936,-0.0470726962271739,3.23628858452007,-0.166957616379965
"2649",-0.00667032627030724,0.171420460893103,-0.0467185772892623,3.23628724440991,-0.0911854166525727
"2650",-0.00423483622108623,0.164868900420741,-0.0466091504013963,3.23628607525261,0.0911854166525727
"2651",0.00466606068115703,0.158668756611809,-0.0465423761573368,3.2362850612475,0.975027564929815
"2652",0.0362104119970281,0.190643480624899,-0.0347226343753651,3.23630028976957,0.0526375167246351
"2653",0.00311222498690731,0.183072937878267,-0.043742699778421,3.23629739193441,0.322738299425807
"2654",0.0124682198325273,0.179910743209657,-0.0454923854501843,3.23629504864778,0.709355223851604
"2655",0.027501677693364,0.195051537191279,-0.0418442405962782,3.23629722749095,0.096679440840225
"2656",0.0024603713833498,0.187012483361749,-0.0454316977936389,3.23629473359062,-0.29777435834526
"2657",-0.00981692220331841,0.181781670250614,-0.0464618631278997,3.23629262813306,-0.179091160471068
"2658",-0.00775306809268544,0.176010816150805,-0.0466365695666078,3.23629077325848,-0.276728795570863
"2659",-0.010801519204886,0.172205669552839,-0.0468575516079686,3.23628924694482,-0.360144446890731
"2660",-0.0152141169662601,0.172120972700261,-0.0474517831050723,3.23628827556463,0.217742324269476
"2661",0.00690709991465155,0.166100687944557,-0.0467076562381756,3.23628697896707,0.00749990625468766
"2662",-2.18372736956456e-05,0.159248890707805,-0.046586710255304,3.23628584175696,0
"2663",7.23602777911926e-05,0.15276201820925,-0.046558188584879,3.23628485519546,-0.112557697697468
"2664",-0.00372854447288054,0.147024813147676,-0.0465648918082062,3.23628400123498,-0.112684532826696
"2665",-0.00388177633270807,0.141662570575181,-0.0465710176436169,3.23628326130726,0.405071441281774
"2666",0.0165745159191273,0.143941667075666,-0.0452665711237303,3.23628345459807,0.507766921311548
"2667",0.019932641989251,0.150566110763098,-0.0437710901506803,3.23628478724383,-0.186379447846841
"2668",-0.00713615901496101,0.14571518677267,-0.0459622140049963,3.23628395700401,-0.149354071523961
"2669",-0.00521503058932989,0.140828343419021,-0.046457150706571,3.2362832300481,0.209033297465322
"2670",0.0092203743194387,0.137685367836085,-0.0463126255836123,3.23628266649701,0.208597259576765
"2671",0.00820221419952592,0.134480027648446,-0.046302931935118,3.23628216617449,-0.69452502768817
"2672",-0.0259410056737797,0.148362479945561,-0.0517779731000091,3.23628717437908,-0.285178429669519
"2673",-0.0118203496730482,0.147240015780962,-0.048356624691571,3.23628629662104,0.232706632056179
"2674",0.00981414042397525,0.143932356895757,-0.0467512687080737,3.23628533133214,0.0449775120026086
"2675",0.0018574539071552,0.138410687399658,-0.0465937980481005,3.23628441266991,0.112355354316068
"2676",0.0059018092172781,0.134074289554971,-0.0464956418947573,3.2362836308023,0.179506405718094
"2677",0.00609844258430521,0.130096735948787,-0.046456606149938,3.23628295778163,-0.516951891084522
"2678",-0.0212082570886511,0.137927572379448,-0.0495740546248564,3.23628499453551,0.112608397470682
"2679",0.00513822911695699,0.133119335455479,-0.0472385821191211,3.23628412438699,-0.0600420312243721
"2680",-0.00243992603442296,0.128175645045118,-0.0467155129252618,3.23628336565668,0.479329857227973
"2681",0.0178953557576061,0.132544018156337,-0.0446831132743041,3.23628411986117,-0.479329857227973
"2682",-0.0176414050239042,0.135811612218435,-0.0476710398151108,3.2362844450986,0.314819239104247
"2683",0.0119122091649479,0.13423137191975,-0.0463763355831569,3.23628384223851,-0.0973381829690312
"2684",-0.00350029506736085,0.129349731171994,-0.0465173684919418,3.23628312164345,-0.0824371463480689
"2685",-0.00420942890419231,0.125010563796737,-0.0465692067961222,3.23628250035462,0.269541942167212
"2686",0.0111874416568729,0.12388047766478,-0.0460843051513206,3.23628217482455,0.119563607129441
"2687",0.003244863657691,0.119679428726954,-0.0464219208836438,3.23628167680373,-0.359120541575741
"2688",-0.0133076297944634,0.12035004782225,-0.0473768024698464,3.23628172917383,0.597819744872385
"2689",0.0232793719192737,0.130971279156615,-0.0423676074819491,3.23628556921889,0.497938675149506
"2690",0.0189491698793413,0.13744415157863,-0.0429998170290082,3.23628671673306,-0.0296581895849302
"2691",-0.000811244359069135,0.132123836329812,-0.0457122196617928,3.23628561426162,-0.237582708828754
"2692",-0.00888247270487892,0.129393745692729,-0.0465806375976873,3.23628474147745,0.0222973727186382
"2693",0.00143824235966973,0.124538461880198,-0.0465563252511019,3.23628390069179,-0.52157185521417
"2694",-0.0200395997133693,0.131495222215079,-0.0493662350444442,3.23628554856179,0.410035241056084
"2695",0.0145692571906897,0.132005324203364,-0.046362295867857,3.2362850834651,0.230372041095955
"2696",0.0093462976737812,0.129829909944469,-0.0461898833661055,3.23628432573938,-0.386732595643507
"2697",-0.0156786133407759,0.131719753608819,-0.0476544838740406,3.23628429407319,0.193553250330919
"2698",0.00869574687247817,0.128600236520877,-0.0466388841686539,3.23628356936085,0.193179345312589
"2699",0.00590039803080964,0.124883285717635,-0.046488746067883,3.23628290504641,0.0371071287051272
"2700",0.00191594683413646,0.120368653357587,-0.0465316048274783,3.23628230783245,0
"2701",0.00106009549094935,0.115999152666234,-0.0465446488316087,3.23628178944393,-0.483470018304005
"2702",-0.0190959856413917,0.122360742712435,-0.049263308366989,3.23628360488234,0.468628819107869
"2703",0.0191771551283388,0.127700824581464,-0.044922469119393,3.23628469566481,-0.11880895434821
"2704",-0.00433259976625027,0.123273601464475,-0.0461812713542281,3.23628386325853,-0.163593135830603
"2705",-0.00755271914959379,0.120441770217122,-0.0466275604678684,3.23628319291331,0.148732086613163
"2706",0.00650808228287562,0.117150580079592,-0.0464789106320696,3.23628258098273,-0.0148632580535213
"2707",-0.00227524540148262,0.113034244431117,-0.0465359511337699,3.2362820266634,-0.215765866230927
"2708",-0.0078037385401112,0.110827397869899,-0.0467468405454352,3.2362816157342,-0.156535382863715
"2709",-0.00679553450345122,0.108394322802851,-0.0467464699612926,3.23628123688494,0.178877591111559
"2710",0.00721907727943769,0.106030606026889,-0.0464498560214353,3.23628090632242,0.319690990093263
"2711",0.0128600257379166,0.107403077149046,-0.0455063133528663,3.23628118729291,-0.267578574992461
"2712",-0.0101906830336835,0.10641218885542,-0.0467037016823354,3.23628099376662,0.0372065338965055
"2713",0.00177192420949369,0.102806608675988,-0.0465846270685333,3.23628064950108,0.363893313065317
"2714",0.0136840397201498,0.104827894636933,-0.0453339693993067,3.23628113356343,0.214743316260391
"2715",0.00828403405999478,0.103510050031356,-0.0459491977118045,3.23628089808899,-0.155457706105355
"2716",-0.00504469731672833,0.100651456251251,-0.0464567815383633,3.23628057713449,0.103665318428409
"2717",0.00403628468898032,0.0977269435819386,-0.046500085420275,3.23628029294312,-0.586381342462278
"2718",-0.0234921879560419,0.110329513487143,-0.0529855464544997,3.23628721854576,-0.320620637779501
"2719",-0.0128944341701157,0.111998229701821,-0.0491831285684245,3.23628674169927,0.164166890090095
"2720",0.00591200257669574,0.108887200017202,-0.0471051909836191,3.23628565166682,-0.380981299722505
"2721",-0.0154155007778513,0.111783882499478,-0.0481910086676049,3.23628572680352,-0.721102801705403
"2722",-0.0284996094373237,0.132414268464175,-0.0571641938484949,3.23629803251585,0
"2723",6.35888904470174e-05,0.127395176776235,-0.0490532663288531,3.23629543103494,0.105485241848752
"2724",0.00464809001889029,0.123239904356273,-0.0471056284144942,3.23629318082575,0.465816018847859
"2725",0.0191911887894312,0.129569922035827,-0.0440745979537428,3.23629336672112,-0.12750798652359
"2726",-0.00464209871007096,0.125109661201136,-0.0459852650913208,3.2362913864631,0.650834539736983
"2727",0.026422051894363,0.14042741389519,-0.0400860169405937,3.23629666867617,0
"2728",-0.000163784863875694,0.134969453478032,-0.0450248037399272,3.2362942478565,-0.261320938645732
"2729",-0.0104531537142136,0.132955793857917,-0.0465476305126637,3.23629229964188,-0.735352604537803
"2730",-0.0280116662933461,0.151314107002516,-0.0538917732467974,3.23629899285722,-0.672538145321999
"2731",-0.0272672115095604,0.168598449752606,-0.0542934836354561,3.23630280243976,0.2423325684212
"2732",0.00933316694754837,0.163592604552148,-0.0482494464224181,3.23629960699191,-0.333358896484448
"2733",-0.0126705969845421,0.161266175197625,-0.0473868792990811,3.23629699496329,-0.0759186188908578
"2734",-0.00404644571396982,0.155270199313978,-0.0467693638988826,3.2362945347016,-0.31948908965192
"2735",-0.0116501325374392,0.153042247177563,-0.0470185825966111,3.23629258307067,-0.228833051801214
"2736",-0.00810681355801676,0.149015256024626,-0.0468226962660151,3.23629075657066,-0.0381898037866812
"2737",-0.00033914580962605,0.143088273187753,-0.046613922487638,3.2362891189353,0.335570784697231
"2738",0.0121945003976544,0.141771244120522,-0.0460468373890543,3.23628794688595,-0.228676065806721
"2739",-0.00862545687221756,0.138145218738569,-0.0465879326924553,3.23628673213749,-0.38995347040609
"2740",-0.0152125624254232,0.139804131616738,-0.0476941038304428,3.23628633619453,-0.0229858637950331
"2741",0.000239302784152701,0.134361128365467,-0.0468193810979086,3.23628528413402,0.191387618228434
"2742",0.00757943221874946,0.130876639020787,-0.0464754748376266,3.23628441392165,0.129934668794734
"2743",0.00612139069225557,0.127102993598379,-0.0464453532052004,3.23628363942226,0.25174518387534
"2744",0.0100241966435799,0.125392780647975,-0.0461548266798861,3.23628310347784,-0.343446244863477
"2745",-0.0142143516895609,0.126259771828663,-0.0473782536153942,3.23628301627597,-0.0611807911405693
"2746",-0.0014515680132666,0.121654822081466,-0.0467476771396723,3.23628240424827,-0.32948958968525
"2747",-0.0124808898078885,0.121740290561914,-0.047316340077884,3.23628225912725,0.138058006281655
"2748",0.00450572074661445,0.117728016374356,-0.0467066264038266,3.23628175122313,0.298473416393596
"2749",0.012743454046825,0.118306019011284,-0.0457586050553462,3.23628177143096,-0.298473416393596
"2750",-0.012298153613143,0.118048434192354,-0.0469886548595741,3.23628164417899,-0.168763464418042
"2751",-0.00574718301205024,0.114891704981866,-0.0467454062148204,3.23628123866855,0.268353620885442
"2752",0.01111702644466,0.114219858747237,-0.0460812029109373,3.23628110838892,0.443120902325878
"2753",0.0171938827977376,0.119160437049523,-0.0442379955021947,3.23628246106213,0.106666676780237
"2754",0.00524303853128707,0.115834211929291,-0.0459261377732045,3.2362819423156,0.0532907020338924
"2755",0.00175692336429539,0.111781673354964,-0.046399419530067,3.23628147257703,0.167300419250155
"2756",0.0058091573254286,0.108836729313625,-0.0464297560748376,3.23628108690183,0.0379838193498294
"2757",0.00133733094825876,0.105117885055887,-0.0465195151707885,3.23628073034323,-0.0379838193498294
"2758",-0.000771487417062764,0.10154191914112,-0.0465425098278762,3.23628042090715,-0.114038101080216
"2759",-0.00505050686024293,0.0988912850891583,-0.0466106121940866,3.23628016740083,0.326561900236322
"2760",0.0126671377588332,0.100144699233304,-0.0455972565207216,3.23628050407176,0.166666705246926
"2761",0.0068124828160438,0.098370014464153,-0.0461337661162955,3.23628029041503,-0.0530001905270361
"2762",-0.00194422728501393,0.0952216656357922,-0.0464537319179703,3.23628003944057,0.0681379441133168
"2763",0.00311932500093348,0.0924288456291037,-0.0465119560746384,3.236279823711,0.490733686488792
"2764",0.0185149648554119,0.0995953287858483,-0.0429685550959497,3.23628289987834,0.165550493074046
"2765",0.00688664305443277,0.0979814654769485,-0.045487192590387,3.23628238133279,-0.573067470898508
"2766",-0.0220643447678881,0.108554368464596,-0.0515322186787244,3.23628728703411,0.0151228733747566
"2767",0.00105575531814846,0.104780596980572,-0.0477245843193085,3.2362861090137,0.090689244426051
"2768",0.00293137055166637,0.10146409909875,-0.0468145464341377,3.23628508869297,-0.128500716877145
"2769",-0.00431853943008461,0.0985813148513187,-0.0466475569540004,3.23628420890395,0.723493999204827
"2770",0.0274702022001423,0.116966395012459,-0.0363794271857718,3.23629665598121,-0.0676056363777711
"2771",-0.00381872858577692,0.112959548526655,-0.0441587835109401,3.23629423779072,-0.285950981211414
"2772",-0.0103306117892981,0.112136091311826,-0.046455696575004,3.23629235761275,0.398601663395881
"2773",0.0167562016123929,0.115927099599783,-0.0447222562284124,3.23629182224357,-0.067575179956314
"2774",-0.00403043703196408,0.112087976079489,-0.046133533669253,3.23629004566176,-0.187948782914116
"2775",-0.00758230173423863,0.109862539987537,-0.0466429195401139,3.23628856826436,0.0977774512858798
"2776",0.00309223509396302,0.106244370222791,-0.0465621505070263,3.23628722168544,-0.180586956526174
"2777",-0.00827312058743856,0.104521289297656,-0.0467949332655346,3.23628614277817,-0.188458839842609
"2778",-0.00714706507143075,0.102582027064437,-0.0467986813006938,3.23628518229861,0.203520214974623
"2779",0.00738029064589546,0.100589383824417,-0.0464392821194837,3.23628433893206,0.18807603813647
"2780",0.00685067526428976,0.0987199732140017,-0.046346500253446,3.23628361084967,-0.157960091515236
"2781",-0.00572067365762261,0.0963337531268776,-0.0465825416900826,3.23628294078298,0.195532889252004
"2782",0.00780728934845369,0.0948811498688137,-0.0463311011228493,3.23628242089806,0.112633764488806
"2783",0.00372617230075882,0.0923096630685886,-0.0464631175782321,3.23628189429601,0.0525190393584951
"2784",0.00217414161065365,0.0895601612575623,-0.046522133168913,3.23628143144957,-0.82850515341068
"2785",-0.0318784663539095,0.116130738711018,-0.0651339343144194,3.2363104826795,0.0378086132523825
"2786",0.0013042090426141,0.111950658614379,-0.0509325531672336,3.2363062318827,-0.43186792887206
"2787",-0.0167252324524893,0.116061196645738,-0.0495020793827654,3.23630397028109,-0.0303766709504716
"2788",-0.00287980079336334,0.112247516720464,-0.0472631139643799,3.23630058487865,-0.129203894090318
"2789",-0.00522237402465011,0.109101062355558,-0.0467803356522023,3.23629766013502,0.318906876200098
"2790",0.0117234246684158,0.109146713782891,-0.0459463111702395,3.23629544992203,0.136363657494371
"2791",0.00609499058049935,0.106586890010708,-0.0462860501083269,3.23629322637777,0.558660670863986
"2792",0.0210995685518739,0.116129251952902,-0.0421579784462299,3.23629548135673,-0.36201864713018
"2793",-0.0140605462285135,0.117030080552092,-0.0464215436124448,3.23629374355258,0.0453240678555344
"2794",0.00205231519660083,0.112867153844254,-0.0465179250031036,3.23629171030909,0.324222715688033
"2795",0.0131425019869336,0.11393491715325,-0.0455965741783506,3.23629050123088,-0.180831875678367
"2796",-0.00768867344272372,0.111365202436422,-0.0464734694890233,3.23628894457706,-0.00754176251347438
"2797",-0.000483258245467124,0.107457872206736,-0.0465316825330144,3.23628754698547,0.0150829562880206
"2798",4.3887487371529e-05,0.103741731898985,-0.046545210373731,3.23628633452872,-0.158484618659976
"2799",-0.00662970843463001,0.101499053124898,-0.0466835108102133,3.23628532415076,0.196182059450206
"2800",0.0075972322664616,0.0996637283160827,-0.0463916251359673,3.23628447120399,0.0150749981441711
"2801",0.000242258169828479,0.0963730324860361,-0.0465121001172825,3.23628366620453,-0.18105013998061
"2802",-0.00714034341752465,0.0947253350661926,-0.0467285068209927,3.23628303221302,-0.0377600729479954
"2803",-0.00115515542252994,0.0917501479722689,-0.0465932037577514,3.23628241794711,-0.158748190725877
"2804",-0.00623180634534454,0.0900176462833136,-0.0466977087868425,3.23628192758908,0.776220032106462
"2805",0.0304619096221278,0.11372858415357,-0.0307443791769589,3.23630525028029,0.105042026465174
"2806",0.00443157096145,0.110595490473302,-0.042749766145738,3.23630171054632,-0.165115618419748
"2807",-0.0067794198025492,0.107977528750864,-0.0457747518314929,3.23629865780429,-0.0450788888174625
"2808",-0.000190639603148893,0.104239616820967,-0.0463667297931284,3.23629597347466,0.12767077698278
"2809",0.00524673565485711,0.10149211180039,-0.0464400491496037,3.23629366077712,0.0450213859184034
"2810",0.00315157733914329,0.098422192007573,-0.0465054506784346,3.23629164126557,-0.300526146546332
"2811",-0.0113225017291979,0.0988284420981227,-0.0472442952397835,3.23629026187321,-0.709811935881888
"2812",-0.0278401133267054,0.118786439156023,-0.0580056093134647,3.23630384093614,0.264880769393883
"2813",0.0107758770105974,0.117185174039112,-0.0489074132647914,3.23630061409195,-0.25730300255814
"2814",-0.00990815772449056,0.115559249945269,-0.0474353938207996,3.23629780691549,0.0303053263930098
"2815",-0.000181812190721238,0.111419103892546,-0.0467584240498016,3.23629523530588,-0.501216116111947
"2816",-0.0191581958606477,0.118148743180352,-0.0495335089382744,3.23629551727121,-0.0837808038647914
"2817",-0.00312341540067369,0.114296283216962,-0.0472754048430752,3.23629325270821,-0.305250542271773
"2818",-0.0105752064401389,0.113534852229305,-0.0472118629305099,3.23629151621266,0.053486152182447
"2819",0.000797833971774833,0.109497826919034,-0.0467056082193074,3.23628977794435,-0.183500319095287
"2820",-0.00635929671398521,0.106834419660563,-0.0466946643473056,3.2362883008711,0.0306067796405629
"2821",0.000657975719048448,0.103156459062288,-0.0465836193833162,3.23628698854609,-0.0995063038972899
"2822",-0.00359643441656524,0.100040360689085,-0.0465787636547816,3.23628585359895,-0.061283899573944
"2823",-0.00253605791374345,0.0969290014310857,-0.046565716436392,3.23628486665547,0.267840221340682
"2824",0.0111356700325851,0.0973101783539668,-0.0458626009634555,3.23628437435827,0.541139234470145
"2825",0.0208131113955524,0.107239203713506,-0.0414861567993946,3.23628856120672,0.0228006841192951
"2826",0.00110994638694582,0.103642417589345,-0.0453520665208265,3.23628721467081,-0.190164739922277
"2827",-0.00756278133733797,0.101770904505804,-0.0464645530150298,3.23628611504666,0.114142233600095
"2828",0.00552636326165306,0.0991525760278018,-0.0464610703333309,3.23628510898098,0.0380184774377457
"2829",0.00118547500600821,0.0959378117051825,-0.0465271871982281,3.2362842195828,0.1974634195202
"2830",0.00878994910240317,0.0951036099435502,-0.0461841345773407,3.23628360108041,-0.0834946346278176
"2831",-0.0029344072355743,0.0922429964347485,-0.0464724219779965,3.23628291249576,0.447021239146328
"2832",0.0175518886274619,0.0981628015861626,-0.0435971570273785,3.23628482603963,0.0226765940727569
"2833",0.00105821132971301,0.095032463031784,-0.0458504156269719,3.23628397425572,0
"2834",-0.000230745569397295,0.0919821134592105,-0.0463845371026766,3.2362832350861,0.135951682571217
"2835",0.00597069606270158,0.0901251718344089,-0.0463927412708189,3.23628262835726,-0.0301955161953027
"2836",-0.00204511430641403,0.0874314808391267,-0.0465158443075773,3.23628206778778,-0.181364819607333
"2837",-0.00695537311024694,0.0862230132619354,-0.046750343534326,3.23628165528575,-0.11352027555801
"2838",-0.00508741866573778,0.0844766229756593,-0.0466910992256073,3.23628124899085,0.453309933098467
"2839",0.0176904337520637,0.0908667540260863,-0.0432036997953277,3.23628390336725,0.278520259840442
"2840",0.0112433690473873,0.0921729333192785,-0.0447974020973189,3.23628374223815,-0.135399448999185
"2841",-0.00508982490611843,0.0899015966097857,-0.0461918458836014,3.23628304651552,0.120364115938237
"2842",0.00549902535261403,0.0879395695790217,-0.0463794557878047,3.23628245280844,-0.0300774496590328
"2843",-0.00211015257200513,0.0853717917792491,-0.0465133501300523,3.23628191557325,-0.203259753045276
"2844",-0.00797220955286159,0.0847198710905566,-0.0468657454914224,3.23628158267687,0.0828594073997602
"2845",0.00257904782161622,0.0823692462628675,-0.0466166799578661,3.23628116117461,-0.0301227504348633
"2846",-0.00163862301880578,0.0800639366715367,-0.0465676406343105,3.23628079485021,-0.0150647785762625
"2847",-0.000656253031100847,0.0778284404784675,-0.0465539471214505,3.23628047687287,0.248279102822779
"2848",0.00964164913067786,0.0783804314150698,-0.0459155170682665,3.23628052738302,-0.105255253684022
"2849",-0.00466293023600715,0.0767526349496676,-0.0464554692065847,3.23628025751344,-0.717173647257247
"2850",-0.0277691052210822,0.0973495852360552,-0.0624519551394892,3.23630397127588,-0.197178889912752
"2851",-0.00749774341882839,0.0963137495686259,-0.0506232279909574,3.23630071571609,0.620555949329876
"2852",0.0242320336185603,0.109820476649885,-0.0403947967937008,3.23630594343386,-0.135890100935498
"2853",-0.00467165052810969,0.106379689689879,-0.0451197770865509,3.23630229763644,-0.0906960987270722
"2854",-0.00434325491364214,0.103315723599234,-0.0462536574707125,3.23629913970726,-0.409153472745372
"2855",-0.0148633414147606,0.106379068179412,-0.048066069642153,3.23629749806792,0.0834819613618809
"2856",0.0044231962944481,0.103148516801536,-0.0468817888619284,3.2362949718136,-0.129046968225549
"2857",-0.00361291283358416,0.100006153891671,-0.0466468257217233,3.23629277881529,-0.114003432449916
"2858",-0.0063025272776152,0.0978936394339609,-0.0467035714918909,3.23629091315883,0.0608180040032658
"2859",0.00277680643504318,0.094874840500577,-0.046577556563477,3.23628925576587,-0.342583411451913
"2860",-0.014384123266794,0.0977447299145589,-0.048099479475413,3.23628888368196,0.0914703928400373
"2861",0.00418531530237696,0.0949286928538925,-0.0468908848186229,3.23628749831121,0.159872136369704
"2862",0.00619069337648835,0.0930546330251318,-0.0464938792201812,3.23628633414923,-0.0228232341513368
"2863",-0.0012171479743723,0.0901366039979337,-0.0465367996607725,3.23628528238354,0.167249544840159
"2864",0.00692274480182792,0.0887185904099974,-0.0463602347191199,3.23628443350334,-0.0379867051101546
"2865",-0.00231559202555526,0.086126229451132,-0.0465097853330975,3.236283634009,-0.296792577359245
"2866",-0.0110264896075018,0.0871375142036389,-0.0473829336737611,3.23628341608145,-0.343551126161445
"2867",-0.0133844584676279,0.0900478590970035,-0.0483360048509,3.23628386072906,-0.0918133193800241
"2868",-0.00396597696767285,0.0878483686009907,-0.0470227344788051,3.23628314819845,-0.598850158186903
"2869",-0.0239186047921625,0.101997807031875,-0.0549695914948036,3.23629258243223,0
"2870",-0.000863990323126674,0.0986680096306251,-0.048538078202499,3.23629070315363,-0.0616237887318238
"2871",-0.00249085049338045,0.095607071157545,-0.0470264701522169,3.23628907355764,0.161681522690532
"2872",0.00595537794443825,0.0935205342478895,-0.0465564886328032,3.23628768865447,-0.277328580797626
"2873",-0.0101318553412452,0.0933928519320574,-0.0470768204545433,3.23628671120676,0.308095445127704
"2874",0.012162132824125,0.09444518503778,-0.0457891859536849,3.23628611730811,0.261136861145894
"2875",0.0103390434568547,0.0948197077916026,-0.0456941392184428,3.23628544902197,0.130313153238382
"2876",0.00473767966981312,0.0925472497416034,-0.0462754262325363,3.23628453248311,-0.030646644432325
"2877",-0.00044896693402857,0.0896308310000233,-0.0464847823405541,3.23628371936402,0.0459664453048902
"2878",0.00191035036490818,0.0869723815684361,-0.0465302310180778,3.2362830143298,0.0306325626533765
"2879",0.00141082372156812,0.0844162654342665,-0.0465428853923868,3.23628240247253,-0.14558831735203
"2880",-0.00539218249445744,0.0827592719567426,-0.0466439443377304,3.23628189784218,-0.00766841762577797
"2881",-0.000724586225722361,0.0803899351621026,-0.0465722215507264,3.23628143376536,0.176225000591929
"2882",0.00671335234375116,0.0794185929304666,-0.0463515543111495,3.23628110259201,-0.130223313052197
"2883",-0.0050639964186408,0.0778712629387751,-0.0465793734841736,3.23628076330883,0.16083946331048
"2884",0.00620945932079388,0.076786346037469,-0.0464015026009627,3.23628049927514,0.511431976177174
"2885",0.0197828824162795,0.0863481185109783,-0.0406617749829694,3.23628652826798,-0.0914076846095013
"2886",-0.00387448087866926,0.0840399158683033,-0.0451789697874659,3.23628545362128,0.152299755299035
"2887",0.0062442286694361,0.0826535671111669,-0.0460822676493468,3.2362845635763,0.379737678162156
"2888",0.0143860547889842,0.0864757178275939,-0.0443955904885981,3.23628529730696,-0.280867076504171
"2889",-0.011490493261297,0.0873460531269844,-0.046836723691005,3.23628482354369,0.311183887407906
"2890",0.0121424694790714,0.0886722399807382,-0.0456572116667454,3.23628453818691,0.0908953251491817
"2891",0.0031466188895135,0.086341974661715,-0.0463110430233864,3.2362837293784,0.204212906123763
"2892",0.00772470822289873,0.0855427020627718,-0.0461977529316758,3.23628314031492,0.369546783543567
"2893",0.0156895767160205,0.0904201442296208,-0.043931592272755,3.23628457861779,-0.0903750626356836
"2894",-0.00458859151391116,0.0880735574201621,-0.0459677456485222,3.23628376643462,0.0451977408824356
"2895",0.00263170849882256,0.0855688864725142,-0.0464034637328492,3.23628305587248,0.0451773217532481
"2896",0.0016363979146778,0.0831116173662695,-0.0465117088289801,3.23628243865223,0.203045755038189
"2897",0.00779832248344404,0.0824917241514108,-0.046225968339002,3.23628203083154,0.0300458201013432
"2898",0.00205619753732575,0.080273167959852,-0.0464644828632343,3.23628155016921,-0.218037002284605
"2899",-0.0088032133276539,0.0802190104269992,-0.0469817880793914,3.23628133983742,-0.27887713570634
"2900",-0.0104447254465427,0.0813382984474111,-0.0475086538025056,3.23628143669966,0.135767104879364
"2901",0.00528734931473636,0.0797098819739304,-0.0466980651492642,3.23628105346796,-0.11312644971303
"2902",-0.00407904891220272,0.0779131984384592,-0.0466244362233934,3.23628070939819,-0.135920884778173
"2903",-0.00616098119972136,0.0769370204847709,-0.0467471435088198,3.23628046353744,0.166100453439405
"2904",0.0066739916809882,0.0760542677788383,-0.0464026642601164,3.2362802563101,-0.287074307600055
"2905",-0.0120279848952022,0.0780352470758475,-0.0477189705713434,3.23628077583903,0.309703008432061
"2906",0.0124630434034005,0.0800653724917076,-0.045598844648577,3.23628124543449,-0.279445822119534
"2907",-0.0109762100766158,0.0810059966083093,-0.047114606988072,3.23628130407475,0.528024158096135
"2908",0.0204714376667772,0.0903587899760061,-0.0412695769359084,3.23628660276623,-0.112913557858269
"2909",-0.00365202268892774,0.0877929624509111,-0.0453173430243982,3.23628551725802,0.398391927685215
"2910",0.0148673720554533,0.0914194725364634,-0.0443561064691756,3.23628598371573,0.434164915846291
"2911",0.0180823538867838,0.0986705004603468,-0.0423842571801818,3.23628833662383,0.0597371582877926
"2912",0.000965866391387312,0.0955058968637585,-0.0455646881122426,3.23628701974904,-0.553935094097036
"2913",-0.0204998743442432,0.104577820374784,-0.0508177465148979,3.23629032101479,0.471787298132814
"2914",0.0181915348059037,0.109787809107119,-0.0451460766143171,3.23629067345112,-0.00747132877930157
"2915",-0.000172344096501439,0.10595549698898,-0.0462183475152262,3.23628904682649,0.156780800339978
"2916",0.00451191377723636,0.10290863012275,-0.0464302032702418,3.23628764416705,0.134188181757644
"2917",0.00624293701601998,0.100631750793579,-0.0463970014507046,3.23628645592558,2.04991693654726
"2918",0.0785723855618485,0.277530631236403,0.191298730980763,3.23716653186524,0.153156139772748
"2919",0.00696058684345483,0.267641816958863,0.009654527395009,3.23704890895175,0.392756341667583
"2920",0.0151479338461976,0.262255785932816,-0.032883032953032,3.23694701980471,1.08296488349801
"2921",0.0425848566616663,0.304355442289407,-0.0340321449480856,3.23687013178833,-0.887163667891372
"2922",-0.0377150476652824,0.327802623948698,-0.0479215542249607,3.23679595646635,1.53135743525943
"2923",0.0604377460854966,0.413158660451348,-0.0299417457762099,3.23675339476077,1.2972005398185
"2924",0.050579764779733,0.474439994467042,-0.0339647040179419,3.23670111869876,2.11839849858924
"2925",0.0821984591533055,0.656714909700558,-0.015276101994335,3.23669670839234,0.0482542317983614
"2926",0.00543096480719818,0.625786719135145,-0.0391546879142582,3.23664129646461,-1.02522372079708
"2927",-0.0443631728816124,0.650897819537166,-0.047500782106024,3.23659546546444,0.928691961249778
"2928",0.0414822148140186,0.663935293202393,-0.0449204408795262,3.23655482385554,-0.255569125463428
"2929",-0.0107260664772356,0.632849326128326,-0.0461867886630166,3.2365182082599,-1.87795668740379
"2930",-0.0777614664476921,0.778381129607775,-0.061181763787219,3.23650801022172,-1.23379569779157
"2931",-0.0509517333347649,0.8233859015074,-0.0535560399537401,3.2364808380672,-0.278641269126623
"2932",-0.0114278153381936,0.78659763432581,-0.0482521343180914,3.23645403101398,1.36433580793204
"2933",0.0524844491077611,0.825114432940565,-0.0438194262253912,3.23643350404662,-0.779371948431951
"2934",-0.0281656931253658,0.802779301540379,-0.0462736271045205,3.23641311411904,0.913377681360517
"2935",0.035871719118176,0.796935132891632,-0.0455784573647392,3.23639579172413,-0.402557131076631
"2936",-0.0178196651295218,0.764147371998536,-0.0464167455195731,3.23638026627458,0.49414190622668
"2937",0.0204923265154756,0.736665409231191,-0.0463381062154247,3.23636683187573,-0.649949303185532
"2938",-0.0215627785234176,0.711789944266329,-0.0467189282629228,3.236355195506,-0.825568705744434
"2939",-0.035618963051468,0.714323044628519,-0.0478412608124194,3.23634582841087,0.135690076166411
"2940",0.00759037566767541,0.679252005998918,-0.0468479739402414,3.23633689595668,-0.27872092369296
"2941",-0.0125035146752575,0.649267162915134,-0.0466701719538902,3.23632915726022,-0.1504028931687
"2942",-0.00644542438782475,0.617959599240189,-0.046587761919795,3.23632243387146,-0.359015248832956
"2943",-0.0148072733977769,0.593512114052846,-0.0466674591861086,3.23631663102237,-0.151171608532208
"2944",-0.00513613981949612,0.564739989834034,-0.0465835694733076,3.23631156644273,1.64336364826514
"2945",0.0657943211013093,0.661396369277318,-0.0362471989235448,3.23632059231622,-0.227030959523339
"2946",-0.00922808073695533,0.629326116825602,-0.0441280804091049,3.23631500330637,-0.576986321304235
"2947",-0.0223427816417663,0.612647315257399,-0.0463418250228511,3.23631030880105,1.04467424861827
"2948",0.0438753687917575,0.635550392852923,-0.0439298579112889,3.2363081869572,0.437359613640953
"2949",0.0143026534749679,0.611030879658976,-0.0458056666231104,3.23630427801801,-0.33843365871063
"2950",-0.00964416835314156,0.58276703251729,-0.0463983062377254,3.23630085338137,-0.623452249671513
"2951",-0.0259223730617586,0.573692295217442,-0.047147814057659,3.23629820396652,0.22006894907301
"2952",0.00975918789965202,0.547249837979818,-0.0466666832385123,3.2362955838607,-0.519001556021348
"2953",-0.0189531819918187,0.53001073453134,-0.0468223265628205,3.23629339856304,-0.256941116305898
"2954",-0.0130567434412465,0.509213546068085,-0.0467193679965591,3.23629144078948,-0.83244111847029
"2955",-0.0331358085130014,0.516854223768113,-0.048215021900491,3.23629085556696,0.460134538207752
"2956",0.0178685810534858,0.499200536960898,-0.0467524274826802,3.23628927004713,1.02052625218552
"2957",0.0412761005594051,0.525653393079422,-0.0433456926158129,3.23629071022742,-0.00710050768927828
"2958",-0.000915055582048349,0.499577809348655,-0.0457937801585943,3.23628907872951,-0.270193565970628
"2959",-0.00888020749840847,0.477189560772255,-0.0464022998450697,3.23628766921436,0.695334148215565
"2960",0.0293853326978731,0.478156902497901,-0.0453631232797302,3.23628716243114,-1.23076287694923
"2961",-0.0489444575378029,0.520881344857737,-0.0513885054042804,3.23629127690203,-0.322638745552267
"2962",-0.0139604953908022,0.502364049065964,-0.0478558688771745,3.23628962453524,0.580002341997826
"2963",0.0219143174161686,0.490766763957427,-0.0464327466262571,3.23628832782187,0.505645061250221
"2964",0.0182157421320739,0.477101155318401,-0.0462088524127126,3.23628713903364,0.156161303739571
"2965",0.00942385445646639,0.456591200482042,-0.0464200407224626,3.23628599135126,-0.362383599046306
"2966",-0.0161694521958174,0.441439391495508,-0.0467170940645413,3.23628505408918,0.426197548104468
"2967",0.0198628732785118,0.430583169310197,-0.046213094092192,3.23628433408284,-1.24101157658784
"2968",-0.0483078749023279,0.475125293888812,-0.0523619743240408,3.2362899114218,0.0502242163023747
"2969",0.000290927029618216,0.451813274903494,-0.0479204806291631,3.23628838574994,-0.294529863430493
"2970",-0.0106790073763568,0.432975725992044,-0.0469347359758252,3.23628707684858,0.373402702997783
"2971",0.0123784157151363,0.415994202382945,-0.0465471772686308,3.23628595190431,0.300579915708116
"2972",0.0145677717756507,0.402346114868638,-0.0463517410027867,3.23628501936126,-0.0714847410525243
"2973",-0.00535803045360023,0.383517982013551,-0.046509433890774,3.23628414249405,-1.49132838507178
"2974",-0.0555446446703138,0.455230378419551,-0.0578546118558872,3.23629857214631,-0.196171094988168
"2975",-0.00731303315980292,0.435522260464969,-0.0492588936638951,3.23629590821979,0.0799680170564421
"2976",0.00358360136485478,0.414569741172665,-0.0471864904770762,3.23629358827659,0.0581184179090644
"2977",0.00299044513865591,0.394707290538306,-0.0466978639767902,3.23629157564648,-1.44845253630017
"2978",-0.0546441028576119,0.461891521309407,-0.0567209445208607,3.23630294911774,-0.40609942471902
"2979",-0.0156666223979138,0.448416611354768,-0.0492273853119554,3.23629980535545,-0.17031364033932
"2980",-0.00375115053021914,0.427011893471902,-0.0471852885747558,3.23629696942414,0.0370493872564603
"2981",-0.000474638864895308,0.406210547380407,-0.0466993767850338,3.23629450875714,-0.549737659636446
"2982",-0.01919908603287,0.39722693183556,-0.0470098210183949,3.2362925651924,-0.313362936422512
"2983",-0.0126731297237352,0.383238355352213,-0.0468078708905729,3.23629073558109,0.238841731692019
"2984",0.0121833454992338,0.368730317908284,-0.04650604754271,3.23628913008668,-0.0223671948742399
"2985",-0.00127470078257727,0.351054288297983,-0.046539199396574,3.23628770791384,1.57576776315841
"2986",0.0616372896136748,0.444361652902739,-0.0291335554879211,3.23631346688408,-0.301393252003346
"2987",-0.0124327081725553,0.425531092043427,-0.0424944392251489,3.23630883254345,-0.095753699357598
"2988",-0.00274569892211872,0.405101104236368,-0.0455949143617505,3.23630480048324,-0.206550678332407
"2989",-0.0050025720682329,0.386218526471325,-0.0463322987968048,3.23630130337994,0.154952991712415
"2990",0.00514497219924597,0.368299035646743,-0.0464903566944443,3.23629826951413,0.265076364624417
"2991",0.014009729693933,0.356487889871529,-0.0463363525201333,3.23629570615499,0.0294096024471002
"2992",0.000700976425683771,0.339493793581891,-0.0464989993228067,3.2362934128402,-0.612028603647491
"2993",-0.0238777845653916,0.339868665765654,-0.0476009238793362,3.23629207246686,0.184740492224039
"2994",0.0078499325963561,0.325105102802821,-0.0467715349937946,3.23629026508246,0.676921133863828
"2995",0.0264504995807767,0.330520212251589,-0.0449992051091441,3.23628981412181,-0.00733326000401657
"2996",0.00019554483982975,0.314914152240431,-0.04618362244485,3.2362883013376,0.380618231423574
"2997",0.0147193312798235,0.306391954540979,-0.0461828822670342,3.23628709862438,-0.226732589360495
"2998",-0.0104017413211698,0.294833190365402,-0.046549635859093,3.23628596850828,-0.616968538045937
"2999",-0.0230484933795508,0.297056930885248,-0.0477994106959286,3.23628577040869,0.0883717562483066
"3000",0.00371969245300607,0.2834270885113,-0.0468420666103222,3.23628479346352,-0.162074589773326
"3001",-0.00696315143800298,0.271644926737379,-0.046650970917267,3.23628395198871,-0.132802144351934
"3002",-0.00617552557745778,0.260351246950063,-0.0466027128676907,3.23628322118766,-0.0664672673191091
"3003",-0.00319097488891741,0.24879717259949,-0.0465666860926472,3.23628258225247,0.486403788957962
"3004",0.0192535578302158,0.248135927502803,-0.0456790069927094,3.23628252758111,-0.678668878133953
"3005",-0.0261935196918958,0.255669569538931,-0.0484090169152541,3.2362835525999,0.546247759688406
"3006",0.021153405843637,0.255776843739166,-0.0460102423371932,3.23628344964827,0.0515179404218691
"3007",0.00185908827082656,0.244335278151481,-0.0464198985238473,3.23628278015922,0.12500461203504
"3008",0.00401559341038645,0.23378108968451,-0.0465100722464917,3.23628220025631,0.0293901545098618
"3009",0.00317705617034878,0.223629169874724,-0.0465350275655012,3.23628169661521,-0.766965411533799
"3010",-0.0322871898651839,0.243712414521186,-0.0514238877584568,3.2362862065713,0.457937132345648
"3011",0.0194528124950605,0.24230321518157,-0.0469238797774239,3.23628559753022,0.0442054085147359
"3012",0.001642695574482,0.231540651136769,-0.0466359001056223,3.23628464345387,-0.317238083755655
"3013",-0.0122402218556039,0.225487521810902,-0.0468209917798921,3.2362839104246,-0.563173033496428
"3014",-0.0216013371036248,0.229604454197028,-0.0481725396519224,3.23628426089175,-0.31259328818169
"3015",-0.0122474781446583,0.224328782882544,-0.0472486528720288,3.23628361271462,-0.0521940137860166
"3016",-0.00109221169226876,0.214431694351506,-0.0467148754815297,3.23628292146719,0.0372842180225985
"3017",-0.000303423041875843,0.204995826656178,-0.0465884229377369,3.23628232176275,-0.44084204842762
"3018",-0.0170509870074356,0.204508982252721,-0.0473884674950194,3.23628226789482,0.164609090666873
"3019",0.00697758375842271,0.196755337497706,-0.0467051880490292,3.23628176352786,-0.269501585486803
"3020",-0.0111141015799386,0.191671441069735,-0.0468124493253167,3.23628139970004,0.612811124856988
"3021",0.0239324875554345,0.199468933670967,-0.0442145438223075,3.23628291995148,-0.0670765816094376
"3022",-0.00187227391014974,0.190855391853748,-0.0459988545748676,3.23628232045216,-0.179091160471068
"3023",-0.00752412422612835,0.184352266779995,-0.0465010957275443,3.23628182151587,-0.539205979523455
"3024",-0.0193386365984455,0.1877072937735,-0.0480205533405179,3.23628237852119,-0.398781612706878
"3025",-0.0160623504033469,0.18790751392409,-0.0478037645184714,3.2362823761162,0.301114349768739
"3026",0.0120397229901774,0.183664498809613,-0.0465624993869348,3.23628195963272,0.592050292361085
"3027",0.0233680248750794,0.192362540097066,-0.0438833498348694,3.23628370159821,-0.246885996797891
"3028",-0.00920445318113862,0.186096935569289,-0.0460252202985916,3.23628302802969,-0.375234961855037
"3029",-0.0138998768071035,0.184074552274019,-0.0469859149601339,3.23628269035817,-0.421941554270827
"3030",-0.0145846650006075,0.182901421159545,-0.0473323117764064,3.23628247886153,-0.181378526145959
"3031",-0.00674830626154403,0.176703869601903,-0.0468117981208646,3.23628195763887,0.347353667982397
"3032",0.0124563007141824,0.17359572905593,-0.0462330207691574,3.23628164921378,-0.39274974956704
"3033",-0.0153159630467746,0.172720238465801,-0.0471735738371079,3.23628158890533,-0.356317423348723
"3034",-0.0137953730688066,0.171525960909509,-0.0473410625826635,3.23628149864144,0.348749405787313
"3035",0.0149457759473032,0.170402665406262,-0.0460837466430808,3.23628142578322,-0.234893080155157
"3036",-0.0101151260777701,0.165953505538811,-0.0466302780004089,3.23628108986635,-0.0531168203102228
"3037",-0.00230457088372083,0.159319517331143,-0.0465729851252745,3.23628073324495,0.310712235119637
"3038",0.0120812253199126,0.15700058343133,-0.0461345965260992,3.23628061173598,-0.363857284390834
"3039",-0.0155250732556211,0.157206988957345,-0.0473013869973748,3.2362807994112,-0.22047372750289
"3040",-0.0080548028622989,0.153007161529696,-0.0468885116785373,3.23628053353312,-0.121849074553548
"3041",-0.00494952099240018,0.147658544650725,-0.0466671882998177,3.23628025775535,-0.198321956688369
"3042",-0.0079105588083308,0.143697546846777,-0.0467226472624619,3.23628005667605,-0.397827775857418
"3043",-0.0158544145316112,0.145624263040661,-0.0477925208339624,3.23628060102443,0.130233289177367
"3044",0.0043238247142207,0.140263807292268,-0.0468284244510614,3.23628031076162,-0.153233250945484
"3045",-0.00626141379021208,0.135869277791991,-0.046681922590392,3.23628007308825,0.642007708052039
"3046",0.024970833217355,0.148371406941633,-0.041901018028991,3.2362845318329,-0.496430545614679
"3047",-0.0192509774423208,0.152153113191226,-0.0471079520923335,3.23628488944399,0.267614947344968
"3048",0.0106313360937702,0.148875886018268,-0.0464294600239671,3.23628412406037,1.03312982125016
"3049",0.0410233329336662,0.192772475451861,-0.02731202829602,3.2363141314382,-0.690102461983438
"3050",-0.0283725312197346,0.205275142836459,-0.0455240248269953,3.23631258957799,0.372185306772216
"3051",0.0153160354189971,0.202178941702193,-0.0458298965348982,3.23630828297673,-0.121377651072208
"3052",-0.00616712950748648,0.194294152754551,-0.0464091097260111,3.23630432900971,0
"3053",-0.000151907922149145,0.185936681432678,-0.0465163126303725,3.23630089340275,0.0531208511827586
"3054",0.00216587394614513,0.178157206333976,-0.0465396367326386,3.23629791306335,-0.0379405854989412
"3055",-0.00344299098418716,0.170985766264692,-0.0465548940589343,3.2362953283166,-0.0911161794245774
"3056",-0.00226120944674319,0.164037423001354,-0.0465537022473834,3.23629308531118,0.303398290985307
"3057",0.0112774218200776,0.160926607589077,-0.046223515209966,3.23629127384966,0.769524732874916
"3058",0.0301029177866827,0.181421836542084,-0.0396276897224272,3.23629734003792,-0.0375840948536543
"3059",-0.00130938181145658,0.173749024265104,-0.0449169034475502,3.23629483027474,0.629545660115666
"3060",0.0250755207918386,0.184656072762688,-0.0428095590082964,3.23629565646359,-0.171981946903027
"3061",-0.00739903806203976,0.17800396276346,-0.0457189416879509,3.23629338121405,0.164510618123725
"3062",0.00656673611612869,0.171656585509166,-0.0463024771318891,3.23629140720978,-0.0896995126670741
"3063",-0.00192489343518124,0.164586403563416,-0.0464921627457145,3.23628968344157,0.112111824590855
"3064",0.00266045737176156,0.158007703066088,-0.0465318787640347,3.23628818834507,-0.509249958486713
"3065",-0.0184527905783811,0.16135563385839,-0.0480701936047678,3.236287940639,-0.240547360972271
"3066",-0.0107759297874832,0.158593057767467,-0.0472718682108584,3.2362868313508,0.150409895243458
"3067",0.0064052890733437,0.153179635007159,-0.0466672160988532,3.23628572547232,-0.316122497190241
"3068",-0.0127532659109379,0.151552476950894,-0.0470825473409993,3.23628499505563,0.316122497190241
"3069",0.0121887251640613,0.149441343123379,-0.0462554692118988,3.23628430856208,-0.406627066306381
"3070",-0.0165928934248652,0.151013990748311,-0.0476032194185264,3.23628422331782,-0.446176109786256
"3071",-0.0170350937219983,0.154043444025869,-0.0482595478273383,3.23628444315553,-0.577684792913524
"3072",-0.0217004157224702,0.162353061062151,-0.0498230193897966,3.23628608138068,-0.05337603542791
"3073",-0.00302589137159675,0.156136127582967,-0.0473352860918124,3.2362850650579,0.198110397010637
"3074",0.0076636659445232,0.15146740380854,-0.0466267984005659,3.23628421212391,0.0608781694473481
"3075",0.00226950156816646,0.145588361752887,-0.0465631781506996,3.23628344188311,0.561373041541813
"3076",0.0220272118942821,0.154024546558758,-0.0435332704607939,3.23628538313156,-0.242369277170068
"3077",-0.0105768670449513,0.150554338776159,-0.0460730652611162,3.23628454406806,0.0379089431735702
"3078",0.00268277643191644,0.144681720254664,-0.0464339494793322,3.23628372968401,-0.51679701584425
"3079",-0.0199711606875704,0.150425221278447,-0.0487310719250727,3.23628474335209,0.159884308298935
"3080",0.00550967056561613,0.145058417646092,-0.0470358790008448,3.23628390739742,-0.091331157882174
"3081",-0.00208622124131127,0.139432074385582,-0.0466659606538313,3.23628317721903,-0.09141464794441
"3082",-0.00547487693221926,0.134901186559514,-0.0466279752957676,3.23628255497358,0.65329919380886
"3083",0.0263414455392266,0.149522971771521,-0.0409870515837231,3.23628792403027,-0.174301889455142
"3084",-0.00811649969457659,0.145012072180901,-0.0453328111903652,3.23628668765959,1.01876140517776
"3085",0.0407999350510979,0.186836293168744,-0.0276356743565027,3.23631511824864,0.03002777591814
"3086",0.00113759004620108,0.179090844754723,-0.0420846442504829,3.23631025374042,-0.0450450458066964
"3087",-0.0029636875749302,0.171789503292313,-0.0455014645223296,3.23630603379509,-0.768886646375555
"3088",-0.028367947872593,0.188173377598796,-0.05133480148672,3.23630753002977,-0.645285974154763
"3089",-0.0265071977876364,0.202273803450848,-0.0516802772113613,3.23630747058238,0.068521834498031
"3090",0.00294788472268211,0.193590556888333,-0.0477583228602757,3.23630361887939,-0.702668437607407
"3091",-0.0274330406531477,0.206918877077996,-0.0505452884834553,3.23630371308913,0.0612979867481211
"3092",0.00132218426808413,0.197883229632532,-0.0474918172695794,3.23630035907435,-0.368352806948852
"3093",-0.0149811269306527,0.195796328294421,-0.0473577614054422,3.23629774270996,0.168996813919076
"3094",0.0069755482857435,0.188537979253864,-0.0466933924558921,3.23629518964674,0.252960925967094
"3095",0.0111503817757678,0.184270737103739,-0.0463009726888787,3.23629307554211,0.587765517921968
"3096",0.0215586109655745,0.190483483093046,-0.0444047758855495,3.23629272472327,-0.0609059782817167
"3097",-0.00169486756625588,0.182346310402434,-0.0460436934627925,3.23629082636392,-0.450330875922095
"3098",-0.0173794314166243,0.183454755145409,-0.0474874423405017,3.23628982366844,0.229235219203766
"3099",0.0106265578566127,0.178542337517058,-0.0465765506522271,3.23628837681372,-0.160409460359462
"3100",-0.00670014644280117,0.172168637647664,-0.0466067755834247,3.2362870657337,-0.0764759902675327
"3101",-0.00419654574529552,0.165567402908908,-0.0465821679795852,3.23628592011412,0.191080426541917
"3102",0.00674129064793669,0.159997340357146,-0.0464916492837355,3.2362849389525,-0.145187814446857
"3103",-0.00694954107770351,0.154767004619953,-0.0466081501712953,3.23628409002753,-0.636724946602601
"3104",-0.0242409347514046,0.165955656325749,-0.0503144680206492,3.23628682128956,0.0461645003197453
"3105",0.00167830021954573,0.159125171472172,-0.0474372924195175,3.23628570496965,0.0999500333083436
"3106",0.0034713758739605,0.153007808896971,-0.0467479880463788,3.23628473795819,-0.176902711211208
"3107",-0.00633252885467366,0.147968743081179,-0.0466578588848986,3.2362839121789,0.076952677902864
"3108",0.00272835974041698,0.142263671478334,-0.0465708142729787,3.23628318163215,-0.524449759835016
"3109",-0.0219141112337005,0.150483733639526,-0.0495510100253595,3.23628513111505,-0.108317225290555
"3110",-0.00331853353383232,0.144972176966069,-0.047276691577586,3.23628424180538,-0.449996880080766
"3111",-0.0176171626514222,0.148387966507662,-0.0482910845511207,3.23628455861967,-0.624026986008461
"3112",-0.0255014456808482,0.162388100894696,-0.0518343855363025,3.23628868447963,0.125117313788287
"3113",0.00507232815586794,0.156214245122918,-0.0477798553410543,3.2362873237474,0.140570112955826
"3114",0.00463584078129977,0.150567831520945,-0.0468112109567937,3.23628614604083,0
"3115",0.000482593804421002,0.144558064363918,-0.0466110593390998,3.23628511917218,-0.60271796092074
"3116",-0.0232373840929263,0.154499245401203,-0.0500950219159954,3.23628744406493,0.274413124491302
"3117",0.0118435765532896,0.151733995272252,-0.0470520522454375,3.23628638359497,-0.0939996935891668
"3118",-0.00365586895210802,0.145944532896772,-0.0466764656779568,3.23628532629671,-0.494953282898944
"3119",-0.0206106223398912,0.152667201080644,-0.0490653388590886,3.23628642204588,0.353787860664204
"3120",0.0140462176465214,0.151616944797977,-0.0465398032662114,3.23628566325852,-0.180668522494898
"3121",-0.00871548796189998,0.147472399444289,-0.0466900615550138,3.23628474503783,0.501922471653721
"3122",0.0200487605360894,0.152883982892924,-0.0444871957429363,3.2362855073087,0.553888376320985
"3123",0.0223078022145107,0.162212796625499,-0.0428682433161865,3.23628737903662,0.411475290395608
"3124",0.0146037223916936,0.16251912676444,-0.0448010433062693,3.23628669326518,-0.481516929120374
"3125",-0.0179016206707984,0.1645701472405,-0.0473684960657405,3.23628638329646,0.217746411565056
"3126",0.00874820831327256,0.159676851801153,-0.0466216006805058,3.23628536077679,-0.031077616596964
"3127",-0.00107765979293984,0.153182588430513,-0.0465665138759145,3.23628443793439,-0.186668794968092
"3128",-0.00904216482862852,0.14941469309623,-0.046747314018338,3.23628370445292,-0.218221581415984
"3129",-0.00926780188868556,0.146140434870195,-0.046835258124906,3.23628308982086,-0.461388892792342
"3130",-0.0189306553574373,0.151156260079773,-0.0486102195009993,3.23628396817981,-0.219711325044852
"3131",-0.00799887920545555,0.14731937376937,-0.0472116652941417,3.236283288905,-0.023569155940506
"3132",-0.00168547388367365,0.141586566119595,-0.0467077755500683,3.23628264069542,0.392095859927616
"3133",0.0147064799692099,0.142263714421577,-0.0456734804689655,3.2362826080865,-0.840968527613856
"3134",-0.0327068457657193,0.166639268091809,-0.0559271420093235,3.2362942253242,0.0315656568277672
"3135",0.00161591640074946,0.159760072594603,-0.0487611219760442,3.23629212817386,0.102519625713587
"3136",0.00361967909826432,0.153639299268892,-0.0470588928386457,3.23629031050436,-0.0315333073168667
"3137",-0.00189274954266087,0.147541334201097,-0.0466709346428916,3.23628873205043,0.785364910059216
"3138",0.0309017331837935,0.169255223104519,-0.0385628171575119,3.23629695564978,-0.588444677861499
"3139",-0.0248092038110646,0.178389365876264,-0.0475914713427072,3.23629699933049,-0.110227552299125
"3140",-0.00277394768760141,0.171285718318999,-0.0468059887128925,3.236294536134,-0.465870004412083
"3141",-0.0170865749718166,0.172734097953805,-0.0477219611128953,3.23629308683765,0.764776857968888
"3142",0.028869253341214,0.188598389290175,-0.0419830193809897,3.23629604067208,0.172643847323348
"3143",0.00925270783787318,0.183670511400225,-0.0452603755620518,3.23629377865292,-0.180498381357169
"3144",-0.00808311284412724,0.177606273332262,-0.0463360069372962,3.23629176502172,-0.804420741547529
"3145",-0.0292197170024475,0.195450987151557,-0.0518370124410043,3.23629557293722,0.0316681183867518
"3146",0.00172620069619884,0.187036885853049,-0.0477964379271341,3.2362932972663,0.80416705835199
"3147",0.0328020508293784,0.210412295137849,-0.0400362598998666,3.23629903853952,0.0235543517753706
"3148",0.00154864774525138,0.201421251093665,-0.0450096026421436,3.23629630410975,-0.385417553439663
"3149",-0.0142295095219415,0.198502973706578,-0.0466741045878202,3.23629416127149,0.855343230249109
"3150",0.0351726918781435,0.224681355240724,-0.0393077521305408,3.23630049684677,0.234137311363988
"3151",0.00799884413502137,0.217245765869581,-0.04472135039004,3.23629760432972,-0.398360222172225
"3152",-0.0140582389162053,0.213137225787558,-0.0465158284107132,3.23629523439549,0.56193076921574
"3153",0.0218712697235338,0.216955749269845,-0.0450144884064488,3.2362940551623,-0.538453835195482
"3154",-0.023218439147595,0.22188896902078,-0.0479027632901197,3.23629320860418,0.00782442001885653
"3155",0.00040730165993652,0.212058006764117,-0.0468685988383829,3.23629124614109,0.34366979072559
"3156",0.0145664619866751,0.208915757342385,-0.046132314208591,3.23628977615987,-0.57866911554284
"3157",-0.02436617140383,0.216199935355264,-0.0486385850710112,3.23628996670662,-0.102004795223073
"3158",-0.00323093397584,0.207174590992257,-0.0470534426336772,3.23628843522419,-0.353899154313389
"3159",-0.0144051403416836,0.204250895285417,-0.0471728508303141,3.2362873453405,0.0472589800856155
"3160",0.00195885708805266,0.195412597917946,-0.0466959751758721,3.23628615961701,0.0236211173886752
"3161",0.00251071846677079,0.187185061416293,-0.0465808491538033,3.23628513121936,-0.063002049650468
"3162",-0.00346746237873299,0.179532759844539,-0.046564127153187,3.2362842396344,-0.442129253301488
"3163",-0.0161669786469051,0.179672531131097,-0.0474360622156574,3.23628397208228,0.37908748604418
"3164",0.0151016861299453,0.178166065971508,-0.0461420097010272,3.23628354699428,0.1024226995191
"3165",0.00407524752809096,0.171299116604478,-0.0464323396335959,3.23628286788239,-0.173392225030666
"3166",-0.00665653862732958,0.165392058348145,-0.0465817476852913,3.2362822893138,-0.529917797976157
"3167",-0.0202292530756589,0.17075873147348,-0.0485401401165977,3.23628326340105,0
"3168",0.000282579791330994,0.163663499201333,-0.0470189346005145,3.23628261840037,-0.182561466746028
"3169",-0.00659548026455792,0.158198244767277,-0.0467269774525661,3.236282075069,-0.60562779741048
"3170",-0.0253194631828347,0.17075071583243,-0.0507148918276686,3.23628554212338,0.700918839322964
"3171",0.0272994022638638,0.183727657498212,-0.0435314152619126,3.23628839312455,1.10507083991571
"3172",0.0422902802578149,0.230485833666375,-0.0297862185904474,3.23631128357846,-0.740627400572139
"3173",-0.0287684103645136,0.241511941221448,-0.0453875126147994,3.23630927756683,-0.110777033009032
"3174",-0.00323179450668562,0.231175421504359,-0.0462861871661929,3.23630518784673,0.174023141528856
"3175",0.00892918231550703,0.223088474182236,-0.0463921698657107,3.23630166444261,0.0947942246511818
"3176",0.00340100685664491,0.213594289909052,-0.0465045386599485,3.23629858273636,-0.0789889456551063
"3177",0.000256300956916686,0.204204151758069,-0.0465387991992361,3.23629590835039,0.0395022718942706
"3178",-0.000276403948248307,0.195314045544959,-0.0465468920218922,3.23629358824592,-0.205582423952144
"3179",-0.00855539906986111,0.189026690513714,-0.046661710331592,3.23629160812874,-0.134648153090447
"3180",-0.00519644887529663,0.181834512698244,-0.0466078181496775,3.23628986374449,-0.723862684238316
"3181",-0.0286625776744513,0.198316996358351,-0.0513730716208609,3.23629320006102,-0.440053516461092
"3182",-0.0177685047297002,0.200096605252374,-0.0488709746532631,3.23629198775886,-0.0240587033519563
"3183",-0.00100736653288782,0.19150848305726,-0.0470977902644287,3.23629018707217,-0.200714611159647
"3184",-0.00909838865011577,0.185718390018077,-0.0468198929543679,3.23628866883591,-0.346174318250295
"3185",-0.0138870356088542,0.183702197355004,-0.047173044919975,3.23628758372181,0.67513517975418
"3186",0.0267008157593151,0.19575768018195,-0.0431726127414173,3.23628957335742,0.104079109511368
"3187",0.00324199908536103,0.187851257603651,-0.0457388456838422,3.2362880945054,0.183875016830581
"3188",0.0074763315333743,0.181511474471783,-0.0462745068458777,3.23628683141823,0.517826291532669
"3189",0.0204493130520359,0.186317498105912,-0.0446951670151781,3.2362870129488,-0.0794912601476211
"3190",-0.0048570599967862,0.178859369028264,-0.0461249219875569,3.23628587303777,0.277943399102518
"3191",0.0118533317458016,0.1752699100874,-0.0461241029635556,3.23628501605987,-0.269991428997735
"3192",-0.0106685381491269,0.170946656997574,-0.0466735582282108,3.23628422046829,0.095374351530958
"3193",0.00341685928550949,0.164094653817776,-0.0465727583483399,3.23628344932185,0.364761327434834
"3194",0.0154646954742496,0.164408471758544,-0.045669582492008,3.2362832880835,-0.603367978459099
"3195",-0.0242578813284122,0.173876240002054,-0.0494190374881022,3.23628531651592,-0.103573287353215
"3196",-0.00376001577485671,0.167250754964226,-0.0472485601888197,3.23628440330306,0.222947779265864
"3197",0.00879606522658277,0.162505934749677,-0.0465676455388182,3.2362836535425,-0.414442292423359
"3198",-0.0166329973242439,0.163542441504023,-0.0475764408775477,3.23628357311263,0.334875133547016
"3199",0.012789824972502,0.161100178297829,-0.0463724358919176,3.23628307469928,0.34962292268515
"3200",0.0126713334750914,0.159549156189377,-0.0459595199782471,3.23628272297168,-0.357583121694327
"3201",-0.0145793743301493,0.158800218726055,-0.0470897104190314,3.23628250678587,-0.279006917013419
"3202",-0.0102152696383136,0.15571354375768,-0.0469843723731672,3.2362820861682,0.271046084306115
"3203",0.0107633491278218,0.152531493669862,-0.0463711788845039,3.23628170708414,-0.23912015219679
"3204",-0.0092544648630175,0.14866733528085,-0.0466866839128659,3.23628132872987,-0.0878208511195605
"3205",-0.00452521887457627,0.143439760378076,-0.0466133615188628,3.23628094599186,0.167591116996024
"3206",0.0063393882101332,0.138900229648496,-0.0464977002495845,3.2362806241839,-0.295468372273724
"3207",-0.0125675546442101,0.13790514519998,-0.0470971237671526,3.23628060480663,0.22367799707699
"3208",0.00916528736923206,0.134742269337185,-0.0464810973307196,3.23628038076678,0.596684215918691
"3209",0.023064831471031,0.145487256364481,-0.0425040757620233,3.23628395200164,-0.884362215180209
"3210",-0.0351254455160113,0.173715445081981,-0.0567923028368119,3.2362981966537,0.0640000021845277
"3211",0.00303290124401349,0.166533932793363,-0.0489642077770855,3.2362955734703,-0.232195148159306
"3212",-0.010044892815398,0.162515891759315,-0.0473420379374428,3.23629337865809,-0.643347615042852
"3213",-0.0260788279766095,0.176188581852303,-0.0511270023260285,3.23629569340905,-0.0161368404416634
"3214",-0.000956853641128912,0.168909005953529,-0.0476306439783898,3.23629340189273,-0.655740054615908
"3215",-0.0272261531524931,0.183472732772357,-0.0513307385960012,3.23629589161705,-0.268391035820253
"3216",-0.00986750454082646,0.179159541941003,-0.0479350734370341,3.23629367195817,0.0814067124084633
"3217",0.00304586562606941,0.171812402956946,-0.0468723572544434,3.23629164847329,-0.105841654497049
"3218",-0.00541025769210665,0.165465439831112,-0.0466578026199083,3.23628989882139,0.268456537066905
"3219",0.0113280562945784,0.162231051203515,-0.0462585550056398,3.23628850375111,-0.366256055864586
"3220",-0.0152583343327036,0.161952079422585,-0.0472522057939034,3.2362875876567,-0.950359438601053
"3221",-0.0361994329306092,0.194610206737713,-0.058569114355245,3.23630253396917,-0.148282422754359
"3222",-0.00487942138450755,0.187382730502117,-0.0494293856555985,3.23629934576862,-0.272423497824767
"3223",-0.011422837390677,0.183304459954091,-0.047528101806929,3.2362966901236,0.0165316581629604
"3224",-0.000659999644151336,0.175566072261904,-0.0467804847532699,3.23629426646632,0.264135522944162
"3225",0.0111058610648464,0.171768195704625,-0.0463171905122959,3.23629227692459,0.238771674923854
"3226",0.00770020360198511,0.166531982605445,-0.0463773310903789,3.23629047221927,-0.478114833789126
"3227",-0.018627401968193,0.169399299940433,-0.0479128581415746,3.23628981250515,-0.297914818155975
"3228",-0.0109842764522311,0.166351334827346,-0.047228502684685,3.23628845169486,-0.0165768752969725
"3229",0.000247375355380146,0.159485304278362,-0.0467095568913194,3.23628711938936,0.553834852318219
"3230",0.0209337090985648,0.165712662760129,-0.0443508428784285,3.23628771253669,-0.603581972156858
"3231",-0.0224573810725135,0.172462817264098,-0.0483588644374117,3.23628832336266,0.0663239951356115
"3232",0.00212102931256551,0.165313463121276,-0.046975738533866,3.23628700807597,-0.224020006568057
"3233",-0.00935605646287706,0.160996917434054,-0.0468338702747263,3.23628592956573,0.190863507590563
"3234",0.00709468888857765,0.155729675175337,-0.0465433938003133,3.2362849496471,0.454941022059052
"3235",0.0198876738643035,0.161230618154115,-0.0444789140708982,3.23628565802327,-0.438361398378531
"3236",-0.0185023834289576,0.163750769792911,-0.0473941537363438,3.23628557323354,0.0331510031214538
"3237",0.00275191803240601,0.157142011276028,-0.0467466780048561,3.23628462238923,-0.0497306268019748
"3238",-0.00269403511558418,0.150961762524101,-0.0466002219926009,3.23628379777877,0.0663020080645199
"3239",0.00233053732370426,0.145061737503862,-0.0465584641607053,3.236283082236,-0.315326790195614
"3240",-0.010780712985392,0.142649097638668,-0.0468942870049097,3.23628260469113,0.580096099264563
"3241",0.0218103351200592,0.150322599820266,-0.04381529271925,3.23628442449874,-0.190232057698836
"3242",-0.00731869121478489,0.145525196175051,-0.0459763737255403,3.23628364353953,0
"3243",-0.000564028626170386,0.139793423056009,-0.0464144129423925,3.23628294818628,0.256314994185963
"3244",0.0110704284556295,0.137889079967024,-0.0461174886174135,3.23628252123733,-0.00825797927716532
"3245",-0.00185375113534885,0.1326032928488,-0.0464483888418061,3.23628197460149,-0.123951592120811
"3246",-0.00426222090700045,0.128087085918599,-0.0465517226267436,3.23628150497386,0.503114591706552
"3247",0.0190387636595706,0.133600768398023,-0.0442767309101559,3.23628288044414,-0.115245320624854
"3248",-0.00491859124849603,0.128990923296421,-0.0460364325381572,3.23628229009774,0.320710771991278
"3249",0.0123832875709239,0.128434587268815,-0.0458221129370059,3.23628208091859,0.785087447573882
"3250",0.0309718423646999,0.152309448141427,-0.0358914737763658,3.23629531935603,0.69002181481963
"3251",0.0260383375859754,0.167744739848362,-0.038755683611185,3.23629857585203,0.813765921634416
"3252",0.0331035243378559,0.19459215660683,-0.0357428721112838,3.23630704581782,-0.829947151443183
"3253",-0.0332834201972487,0.215898219308827,-0.0499111036401291,3.23630964118921,-0.437885876457927
"3254",-0.0158610331156277,0.214931101922968,-0.048124149371351,3.23630593266204,0
"3255",0.00068267772742524,0.205465142773677,-0.0469207938009768,3.2363022846157,0.138059874935981
"3256",0.00260338033497173,0.196706236581042,-0.0466339532264069,3.23629912009592,-0.227494410756118
"3257",-0.00601148602961446,0.189228460128886,-0.0466060057429457,3.23629638181184,0.332941149650232
"3258",0.0115117730484311,0.184826770529123,-0.0462926833636399,3.2362941033804,0.533636453931521
"3259",0.0200587960777729,0.189177457172797,-0.04480521957458,3.23629322021206,-0.0564629980719489
"3260",-0.00242918191023449,0.181167497907034,-0.0461388587031736,3.23629125625796,0.338300765659164
"3261",0.0137991376838378,0.178956819721898,-0.0459350991815619,3.23628980087727,-0.945270621667038
"3262",-0.0380500436704031,0.212237707711164,-0.0572125756951251,3.23630258093892,0.154114480760986
"3263",0.0063884029326259,0.20361122724537,-0.0490456910399289,3.23629937985163,1.00000833345833
"3264",0.040378699186941,0.2426480337929,-0.0358196729799908,3.23631179781345,0.120293530685411
"3265",0.00408071293570056,0.232630137242172,-0.0439952033628322,3.23630737684156,0.439842366106102
"3266",0.019395927187648,0.233313812309886,-0.0449134746031135,3.23630416239422,-0.688608694291928
"3267",-0.029136616102841,0.246227226036285,-0.0493069996872495,3.23630350272184,0.040165482324947
"3268",0.00356501461543177,0.235257014348657,-0.0471979659898802,3.2363001767061,0.472738350854413
"3269",0.020352021519115,0.23688763827426,-0.0455331154570426,3.23629802783163,-0.0319795333713541
"3270",-0.00169736276110021,0.226270332176009,-0.0463097959617323,3.23629542695764,0.685316252994136
"3271",0.0267171864595985,0.23680610247572,-0.0437660847509461,3.23629544889013,0.150775729869002
"3272",0.00447810111605966,0.227055782774882,-0.0458702378238915,3.23629319349655,1.08049475813524
"3273",0.0417296399253895,0.26789405992053,-0.0358433875233199,3.23630506366248,-0.558506859850025
"3274",-0.0209151738827165,0.266378160220275,-0.044825560474365,3.23630197575362,-0.990931252585814
"3275",-0.0395301405496743,0.301401954233146,-0.053552053690032,3.23630749026768,0.0955566245668532
"3276",0.00552572736261839,0.287768118588745,-0.0481950798164122,3.23630363651756,-0.0238805971284117
"3277",-0.00231358595395094,0.274532785674633,-0.0469384487649727,3.23630029270033,-0.167324050034132
"3278",-0.00842459805556253,0.263981939245418,-0.0467077024720233,3.23629740792239,0.477327875265768
"3279",0.016819850998757,0.259780961721957,-0.0460741883205165,3.23629513446834,-0.581049909537751
"3280",-0.0249176898735749,0.264989537570998,-0.0481088697526432,3.2362941032798,-0.664773582666428
"3281",-0.0244570121136187,0.271615821776748,-0.0487874226077976,3.2362934003379,0.208718065655464
"3282",0.00876371420243281,0.260884363402165,-0.0470251611324726,3.23629142410222,0.312262554065904
"3283",0.0111738474578206,0.25280884145554,-0.0464838153357758,3.23628975781962,0.215611982111552
"3284",0.0103121197653155,0.244669670305783,-0.0463823691287364,3.23628830081149,-0.0159553251235928
"3285",-0.000752956279716568,0.233616089859425,-0.0465100002204217,3.23628698849387,-0.215646423571433
"3286",-0.00685741710878386,0.224526577049775,-0.0465849504421947,3.2362858595526,0.359152786396208
"3287",0.0156954071499974,0.221452123362307,-0.046022758456215,3.23628513038403,0.175117453013784
"3288",0.00715739137745503,0.213390315926708,-0.0463553044809333,3.23628425527194,-0.438369968334415
"3289",-0.0167405633632164,0.211867752407475,-0.047205042074917,3.23628385159391,-0.103896113241911
"3290",-0.00391504702333658,0.203172021726833,-0.0467192141883919,3.23628313092371,0.151811782582231
"3291",0.00626353664840192,0.195418279054317,-0.0465508214756779,3.23628251127858,-0.0958543088010494
"3292",-0.00331532668960225,0.18726956997813,-0.0465549156967179,3.2362819664502,0.470401505240328
"3293",0.0176036360838773,0.188142656525765,-0.0455299432442946,3.2362821079052,0.460281742707844
"3294",0.0173417338648628,0.189544583238135,-0.0451949335609251,3.23628230662315,0.197745763468776
"3295",0.00731377856548568,0.183290945900788,-0.0461339533046678,3.23628181465107,1.34219667295837
"3296",0.0531007582752517,0.258219210439904,-0.016384875670698,3.23633727452467,-0.038990915610751
"3297",-0.00245108417800425,0.246441127952134,-0.0394350890181569,3.23632947455534,-1.38225714486352
"3298",-0.0537239346673959,0.319335972368025,-0.0646291471456958,3.23635465135052,-0.443846333780631
"3299",-0.0161729192479705,0.313980291761849,-0.0513383674144344,3.23634480263892,0
"3300",-0.000937628321033094,0.299286717939543,-0.0476792098387981,3.23633600541859,0.736024849371775
"3301",0.0262991308494866,0.305319963013958,-0.045100546828988,3.23632960154911,-0.442548533240603
"3302",-0.0152910090710973,0.296917780726532,-0.046474143795378,3.23632292058273,-0.198200405787774
"3303",-0.00770043434374445,0.285064362589448,-0.0465864410638319,3.23631703455912,0.103113235390342
"3304",0.00784378041997976,0.273496448789037,-0.0465144263577331,3.23631192502601,0.0158541419277763
"3305",-0.000520916342337058,0.260898408020462,-0.0465411415610323,3.23630748315851,-0.516550598242807
"3306",-0.0181066218546868,0.258507305182955,-0.0472404633947705,3.23630399648772,-0.199385957508816
"3307",-0.0090575863565897,0.249478277173155,-0.0468223171026006,3.23630063642824,0.0877788030666987
"3308",0.00431034728768072,0.238617784934976,-0.0466060585227334,3.23629769089426,0.873576076395122
"3309",0.0344480266746819,0.262655172869224,-0.0410446407545052,3.23630096626457,0.331544351693819
"3310",0.0138388366225727,0.257330869102603,-0.0448473759033681,3.23629815457124,-0.213009429284269
"3311",-0.00907651914980146,0.247709405027782,-0.0462217812525208,3.23629555542302,0.213009429284269
"3312",0.0107260967367102,0.239609961374832,-0.0463318702113218,3.23629332564999,-0.299921298224504
"3313",-0.0129459745991414,0.233375571418918,-0.0467578447757209,3.23629144680208,0.331439697350777
"3314",0.0124956559785029,0.227092497275279,-0.0463616252560688,3.23628980540498,-0.473822255813972
"3315",-0.0175939529306806,0.225464018432455,-0.0472219814976265,3.23628867747429,0.379237240486208
"3316",0.0137687243185735,0.220397538721677,-0.0463840221593566,3.23628744834139,0.668057658110299
"3317",0.0270959118704319,0.232799669212784,-0.0433474655383824,3.2362890255874,0.461100422296767
"3318",0.0169741338704509,0.231817373872991,-0.0449841999644521,3.23628806882568,-0.0780031240798729
"3319",-0.00166279106329635,0.221476718577048,-0.0461803741245996,3.23628678724391,-0.351768977158665
"3320",-0.0133677195987692,0.216896154372248,-0.0468229278934605,3.23628582891464,-0.904627604736041
"3321",-0.0338509527308105,0.241611639682036,-0.0528488759470214,3.23629170706,-0.0237088553684955
"3322",-0.00177542439435247,0.230997570881702,-0.0480390227236166,3.2362899438767,-0.197792698685925
"3323",-0.0095884523622654,0.223378479806796,-0.0470265326788042,3.23628845160225,0.458281459470194
"3324",0.0156621395512038,0.220240338305465,-0.0461373623105013,3.23628737231257,0.542475484183477
"3325",0.0219819284944299,0.225305387707822,-0.0447214426093137,3.23628742575229,-0.597674003110527
"3326",-0.0252124183867826,0.23248853116697,-0.048211511049675,3.23628783073793,-0.244817496413541
"3327",-0.00715409762784317,0.224007148610399,-0.047016083605417,3.23628659950166,-0.475549758847144
"3328",-0.0177469917435519,0.223485444568251,-0.0475162865147037,3.2362859992597,-0.0476795940374003
"3329",-0.00244350492829087,0.213847733320778,-0.0467819712676652,3.23628499228332,0.0476795940374003
"3330",0.000609461957057354,0.204447283318216,-0.046604219758995,3.23628411825374,-0.326264563481637
"3331",-0.013610379541405,0.200898172159674,-0.0469829680077446,3.23628354850149,-0.615632566010244
"3332",-0.0230874961930279,0.208372718840811,-0.0489211143933549,3.23628464934362,0.10420424974022
"3333",0.00462903109127298,0.199659796748911,-0.047100343571731,3.23628382176719,-0.136288953633007
"3334",-0.00551523250253572,0.191836191748197,-0.0467056991951096,3.23628310749209,-0.192724704316721
"3335",-0.00844716835777547,0.185783532042251,-0.0467062458385667,3.23628251853975,-0.596583517243399
"3336",-0.0233267618926891,0.194117117089324,-0.0491502854229291,3.23628407084784,-0.00808636235430371
"3337",8.69987300345477e-05,0.185784510662023,-0.0471629110394799,3.23628331888531,0.0646725972420187
"3338",0.0034019053040577,0.178214282932455,-0.046686439738436,3.2362826674348,-0.0970245871715542
"3339",-0.00377856405120511,0.171098125864551,-0.046591691351339,3.23628210266776,-0.348446525724452
"3340",-0.0134217304057583,0.169320201818661,-0.0471068067890155,3.23628187925786,0.36462382900328
"3341",0.0147721468762999,0.168182761296757,-0.0460374883449256,3.23628174977504,0.0242610490050116
"3342",0.000835115290212091,0.161275831306871,-0.0464280183201717,3.2362813053198,0.113140467863448
"3343",0.0047177297304642,0.155335167249385,-0.0464950966437788,3.23628092423712,0.0565222672401833
"3344",0.00256459285073388,0.149276908850983,-0.046531316571569,3.23628058965768,-0.258648705462097
"3345",-0.0114071031606016,0.147032670314247,-0.0469336934380226,3.23628046842699,-0.11336951574602
"3346",-0.00360437195342403,0.141675585922588,-0.0466583185128388,3.23628019656466,0.363945567318771
"3347",0.0136722403735122,0.141441051320168,-0.0458547903512091,3.2362803439715,-0.161590081214286
"3348",-0.00620056726950494,0.136837697588901,-0.0464385363577067,3.23628009761073,0.339038103256251
"3349",0.0129037585438473,0.136200585596154,-0.0459016290052556,3.23628018925773,-0.161303365888074
"3350",-0.0066673026212114,0.132048091274756,-0.0464687540172773,3.23627996945526,0.531316658054207
"3351",0.0210768011957579,0.139588098077294,-0.0436161619043472,3.23628225021291,-0.0080292263883508
"3352",0.000662063735505968,0.134217261836346,-0.0458566034281998,3.23628173948917,-0.104438651790634
"3353",-0.00504538011696316,0.129800487675038,-0.0464258694889888,3.2362813045113,-0.040197773584652
"3354",-0.000425272990469639,0.124900249281469,-0.0465203346067145,3.23628091901043,0.425276468444058
"3355",0.0160241318007982,0.12768583095488,-0.0451017663025152,3.23628155775591,0.702149218407053
"3356",0.0286150392027584,0.147701291240789,-0.0377092940263153,3.23629151086866,-0.278673694418946
"3357",-0.0107851212436945,0.144541183255065,-0.0447108755065766,3.23628986570339,-0.247475478556602
"3358",-0.00901656824735847,0.141426519669716,-0.046353101079007,3.23628843395654,0.390890370478958
"3359",0.016647272980572,0.143596111503561,-0.0452420590058113,3.23628791877381,0.35763995998305
"3360",0.0137870652868812,0.143996742021205,-0.0453830936703545,3.23628714462016,-0.0396746682450794
"3361",0.000277294255670148,0.138345143887244,-0.0462741602165045,3.2362859854706,0.301133439383122
"3362",0.011097439867445,0.136556866706797,-0.0460714534489392,3.23628516381966,0.473635239699466
"3363",0.0174781535602118,0.140594776860134,-0.0446704619135106,3.23628554386433,-0.268117816954722
"3364",-0.0102926179483235,0.137783759529709,-0.046367027562297,3.23628469640848,0.0157915515527518
"3365",0.0003541830701843,0.132445212282015,-0.0465063765269803,3.23628386157372,-0.142213818706768
"3366",-0.00612520331586507,0.128475889681461,-0.046612663079163,3.23628315571767,1.08517224373642
"3367",0.0422165177037358,0.174760962065313,-0.0216613525839177,3.23632601630213,-0.376117039536097
"3368",-0.0133923092844498,0.171440683261084,-0.0410226258935598,3.2363198513718,0.297875896353728
"3369",0.010557464484718,0.167221634656414,-0.0450253615613252,3.2363144391696,0.320400383497565
"3370",0.0128203527879155,0.165390196474532,-0.0456643455781193,3.23630991792097,-0.0702439053273496
"3371",-0.00472405072580295,0.159091616635735,-0.0463579870374785,3.23630574462266,0.265107367744311
"3372",0.0111429044524177,0.156096887546542,-0.0461827689296194,3.23630225319009,-0.687610147877668
"3373",-0.0281851242399586,0.172119185876514,-0.0518341974330949,3.23630471820661,-0.91367995418164
"3374",-0.0352360697141602,0.203265015312598,-0.0582176108481094,3.23631484523101,0.102811508126888
"3375",0.00388735517410471,0.194605195851061,-0.0492986775853699,3.23631001673818,0.488882853545305
"3376",0.0186251586237729,0.196457494059771,-0.0460019911090073,3.23630658674439,0.0550465943990636
"3377",0.00375582299911549,0.18856380613566,-0.0464042032916527,3.2363028544775,0.65820641956405
"3378",0.0258656000638138,0.200142490499085,-0.0431820119981299,3.23630259183976,0.444185417633311
"3379",0.0154410804134211,0.199324759664092,-0.0449835561809864,3.23629980962836,-0.241329765640472
"3380",-0.010020363701162,0.193265477545696,-0.0463254784991345,3.23629701843574,-0.468750858309716
"3381",-0.0175371407025126,0.194286837597138,-0.0475485303052946,3.23629519110388,0.904278067200281
"3382",0.0352468148036861,0.220579145782237,-0.0393121678844319,3.23630170345655,0.425911512308241
"3383",0.0173303490888936,0.22097143181719,-0.0438617515282458,3.23629919839643,-0.239836098098201
"3384",-0.00814689913723796,0.212800044755269,-0.0459776544304188,3.23629645717454,-0.598222659622702
"3385",-0.0228743335021966,0.219057162239067,-0.0483853150566187,3.23629554205599,-0.187192941332509
"3386",-0.0062070619396688,0.210834812450955,-0.047036615572587,3.23629328274994,0.00780670596438604
"3387",0.000816994920259628,0.201597445801058,-0.0466642686726333,3.23629131046487,-0.210995272275816
"3388",-0.00705436624323783,0.194275588987797,-0.0466357988383925,3.23628961328716,0.304628237918092
"3389",0.0108416679078689,0.189153284722539,-0.0463562416673574,3.23628820342775,-0.265521436747063
"3390",-0.0113182352075325,0.184509249752713,-0.0467474393767752,3.23628699499933,-0.376058105357766
"3391",-0.0139483575393034,0.182681050616221,-0.0471793245380344,3.23628614708518,-0.83550576675086
"3392",-0.0319334754510948,0.205551603603554,-0.053502592697569,3.23629283161813,0.843354752273512
"3393",0.0326447702044219,0.225181297146327,-0.0430422998798423,3.23629623373216,-0.275081715490236
"3394",-0.00977031817345841,0.217258185994534,-0.0458110294177323,3.23629389421311,0.361379920351768
"3395",0.0122685784279019,0.211766397765569,-0.0461181800138825,3.2362919386772,-0.172670947854406
"3396",-0.00622620854738397,0.203427295433556,-0.0464778538834013,3.23629015006023,-0.67786182159438
"3397",-0.0263113989476932,0.215038560018566,-0.04969718435289,3.23629137145277,0.268541350860341
"3398",0.012697478869908,0.209515229758399,-0.0470449657231973,3.23628974495737,-0.823701790110529
"3399",-0.0334204809046864,0.231788531116855,-0.0524355783231322,3.23629442956197,-0.534270239409992
"3400",-0.0215108747151573,0.236532961175068,-0.0495891721538744,3.23629347283472,0.103887810518299
"3401",0.00381421373876383,0.226167196088892,-0.0472627870189035,3.2362914756899,0.263231516411896
"3402",0.00855614150578244,0.218299091771062,-0.0466225267102316,3.23628976875495,-0.271219055854618
"3403",-0.00882412393042128,0.210743547316281,-0.0466596155489939,3.23628828716704,-0.0559306474569893
"3404",-0.00253978917559745,0.201743178035694,-0.0465792354799465,3.236286977018,0.00799200799626032
"3405",0.00229877829860372,0.193123005012689,-0.0465546058783878,3.23628584019894,-0.0879472373297358
"3406",-0.00365126482643925,0.185191649288329,-0.0465588671840733,3.23628485484083,0.629910785937324
"3407",0.0244223942168722,0.194420750369354,-0.0437671564222246,3.23628634175671,0.420385310751487
"3408",0.0160357690144717,0.194431372132697,-0.0450055764745542,3.23628579911664,-0.0554214019965471
"3409",-0.00229795961895615,0.186142878329052,-0.0461861188299174,3.23628481825125,0.300490499709527
"3410",0.0128941939975325,0.182973940456743,-0.0460584383438135,3.2362841466369,0.59043666903788
"3411",0.0220069676248998,0.189923435034794,-0.0441732516002806,3.23628515868804,0.1646994607822
"3412",0.00706453860121368,0.183618926522288,-0.045895635871048,3.23628428793517,-0.439802797971192
"3413",-0.0163269388846713,0.183302425887187,-0.0472099164950799,3.23628396228113,-0.149659356042203
"3414",-0.00573229711983834,0.176706897836315,-0.0467563045784391,3.23628323604786,-0.149883671020995
"3415",-0.0055122442245453,0.170240888737317,-0.0466376032191923,3.23628260269238,0.0710255327178971
"3416",0.00151565406773184,0.163214780343921,-0.0465697074605034,3.23628204523938,0.69182665873227
"3417",0.0281490816528108,0.17960394420813,-0.0412761127215771,3.23628705745517,-0.762852191450167
"3418",-0.0305687531308865,0.197218162100239,-0.0505164219344177,3.23629131241718,0.346757381103638
"3419",0.0145514747557584,0.193872839929586,-0.0470635785544671,3.23628979010695,-0.323076597948416
"3420",-0.0130823293088504,0.190075471729406,-0.0470263947021896,3.23628843124294,0.385994413629984
"3421",0.0142142382325673,0.187385998896607,-0.0461806647907065,3.236287327173,0.13356906326798
"3422",0.0078041369850622,0.181422337838376,-0.0463506718493117,3.23628617602643,-0.0628338066541556
"3423",-0.00452511724423479,0.174265494364656,-0.0465175872292431,3.23628514740933,-0.102189216140269
"3424",-0.00194392618012043,0.167105656428368,-0.0465439208900999,3.23628425298375,-0.267758862132045
"3425",-0.0109506193480567,0.163726358427902,-0.0468524253527938,3.23628359931208,0.165465112802055
"3426",0.00700536643007755,0.158254465204271,-0.0465543082687129,3.23628292594047,0.369337577520204
"3427",0.0148516947334885,0.158459732563875,-0.0456981283711226,3.23628280900449,0.0156862745419678
"3428",0.000648615465407423,0.152058914955723,-0.0463481578112876,3.2362822242193,0.14106585411392
"3429",0.00574531553724258,0.146922832309389,-0.0464516740708063,3.23628172797088,-0.298039436303577
"3430",-0.0124820323773539,0.145454165013652,-0.0470332792736109,3.23628152810782,0.618615182913457
"3431",0.0248001460416507,0.156853461970548,-0.0426477659236156,3.2362849302852,-0.823049913651544
"3432",-0.0315724549890299,0.177663046574737,-0.0527804125451134,3.23629230411454,-0.236406729488045
"3433",-0.0104494540005365,0.174154603029626,-0.0483495626657879,3.23629059817613,0.511510066677037
"3434",0.0210174569936951,0.179192236220356,-0.0451069325672914,3.23629035641252,-0.883007944827213
"3435",-0.0361920335953293,0.207932939289239,-0.0552521410488852,3.23630003896917,0.410937831333472
"3436",0.0163108977586583,0.205275460125347,-0.048061949631065,3.23629743464319,0.393546356023519
"3437",0.0141622279327073,0.202683316293263,-0.0463654548772612,3.23629517576425,0.688902051272006
"3438",0.025757015012196,0.213961490457927,-0.0434104834588637,3.23629565073581,0.482528759417244
"3439",0.0213192467273393,0.219014805938449,-0.044064814590982,3.23629462045035,-0.591809856859096
"3440",-0.025614124461621,0.227144179364463,-0.048264594029644,3.23629428789085,-0.289390526940289
"3441",-0.00857726532782181,0.2196887698949,-0.0470799231618907,3.23629222023135,-0.188161560807162
"3442",-0.00739604491539837,0.211703053948769,-0.0467441307270523,3.23629040582734,0.618034433492348
"3443",0.0225541080860799,0.216792315217091,-0.0448386438392091,3.23629008227378,-0.46120855645119
"3444",-0.0162097773239528,0.214041220209898,-0.0466987655073135,3.2362888053267,-0.683991817187932
"3445",-0.0280472213271259,0.228494458684805,-0.0502795200618865,3.23629084233936,-0.403146666725088
"3446",-0.0137060567010525,0.224663685750479,-0.0478899176597507,3.23628940618283,-0.182344364155976
"3447",-0.00733480200834123,0.216475170331324,-0.0469365898741513,3.23628796502979,-0.0793839844816235
"3448",-0.00384259830608781,0.207421487911787,-0.0466515548080027,3.23628669862981,-0.190779072172753
"3449",-0.00929979037784483,0.200948647203591,-0.0467120170989988,3.23628564142587,-0.0716360917330267
"3450",-0.00222224254916349,0.192424849350884,-0.046590722553158,3.23628468165914,-0.263105593276863
"3451",-0.00914541337676188,0.186636197087701,-0.0467036957252012,3.23628389415172,-0.424017595964896
"3452",-0.0161686313733886,0.186609667952977,-0.04745391987481,3.23628366087785,0.368118213395313
"3453",0.0146729158163885,0.184377359668955,-0.0462305500161701,3.23628322113233,-0.135885876790465
"3454",-0.00559966509211757,0.177278346800982,-0.046499024562828,3.23628258606416,-0.1761268568339
"3455",-0.00721943646072829,0.171432461690343,-0.0466230241537881,3.23628205332315,0.152127816680317
"3456",0.00668848567864407,0.16548405780983,-0.0465093482152486,3.23628158186699,0.151896739442497
"3457",0.00454076313156273,0.159332841574561,-0.0465144211000238,3.23628116411596,-0.255959186295743
"3458",-0.00909482883804371,0.155148297653305,-0.0467139731273016,3.23628085478726,-0.00800929078158263
"3459",-0.000772830419141859,0.148917684756518,-0.0465885693202286,3.23628052887586,0.455508838909258
"3460",0.018367641926459,0.152740118725397,-0.0448949803959804,3.23628142503896,0.374040466329306
"3461",0.0147397896946558,0.153536646651487,-0.045199363035368,3.23628158980145,-0.166951583080216
"3462",-0.00584836986162869,0.148161140981273,-0.0462687079673503,3.23628117407229,0.500020883851815
"3463",0.0200485156173408,0.153664578981908,-0.0443666635776479,3.23628243101975,0.0949592537922511
"3464",0.00300163494744725,0.147892680049335,-0.0460205990329949,3.23628189830212,-0.610894834900541
"3465",-0.0236349404636558,0.15806057309319,-0.0499704299281574,3.23628466769352,0.254331721898207
"3466",0.00990420187546688,0.153975448154232,-0.0471777365411768,3.23628389677008,0.103137777400023
"3467",0.00293622157994356,0.148091293607279,-0.046688151186121,3.23628316905678,0.0317133119283608
"3468",0.00209415514010446,0.142342843007546,-0.0465791795227089,3.23628253680474,0.00792675677161736
"3469",0.00144891614184701,0.136828326736938,-0.0465553763421174,3.23628198811998,-0.939721815384734
"3470",-0.038475266439992,0.174367202287997,-0.0639218979113242,3.23630841735394,0.638062461442168
"3471",0.0262412619620308,0.18481942922055,-0.0474252209256351,3.23630728553844,1.0439829080051
"3472",0.0411078342933773,0.228482828281788,-0.0321561399590852,3.2363247984352,0.180796338993597
"3473",0.00714288659423843,0.220515978352728,-0.0430594538158064,3.23631867722691,0.719934246553464
"3474",0.0297150623273514,0.236856919583808,-0.0416854623169283,3.23631718999774,-0.0467945726835617
"3475",-0.00470114433145089,0.226580501530698,-0.0454081733205986,3.23631205131225,-0.109272567850907
"3476",-0.00221128217355526,0.216657713817607,-0.0462822072780146,3.23630759286369,0.397490878372297
"3477",0.0155218353504517,0.214012021359062,-0.0459209932614077,3.23630400447605,0.17098006807803
"3478",0.00594975404712842,0.205843247205624,-0.0463569966442474,3.23630062120182,-0.287725226685487
"3479",-0.00977729412161128,0.199506313492271,-0.046648337292951,3.23629772205138,-0.860321276962869
"3480",-0.0344851632084095,0.226143433114541,-0.0539491204882283,3.23630374905686,0.790208704465034
"3481",0.0313574096088963,0.242199742769814,-0.0444000029846716,3.23630405482291,0.567278204641861
"3482",0.0227796405068277,0.248001255083702,-0.0442420479955414,3.23630196540882,0.787284091102652
"3483",0.0316699002174244,0.267533468105217,-0.0416702601455798,3.23630307004145,0.122935090396248
"3484",0.00558400831050139,0.256605210888043,-0.0453630016206267,3.23629980822733,-0.230627408496697
"3485",-0.0119899956728199,0.248929820022096,-0.0464641171776661,3.23629703891146,0.391750702647348
"3486",0.0182543366085335,0.24682160632613,-0.0458270980300971,3.23629494228661,-1.04809837373573
"3487",-0.0412033382807824,0.283212409023042,-0.054770810658255,3.23630294874365,-0.504835835879663
"3488",-0.0212483448413841,0.285262303350852,-0.0497180953791761,3.23630048386367,-0.265086698191977
"3489",-0.0112737280271788,0.276286708012288,-0.0474773348913615,3.23629761868601,0.614859702567425
"3490",0.0222195078547625,0.277298735141838,-0.0456655774960666,3.2362957532906,-0.490025481783998
"3491",-0.0168127950789502,0.271869467948481,-0.0467710841819337,3.23629364791453,0.0857332190777271
"3492",0.00219652722467335,0.259425700819755,-0.0466012761114667,3.23629162727222,-0.562501483161343
"3493",-0.0226603188971739,0.262365290696632,-0.0479114805969345,3.23629076646928,0.414370633168995
"3494",0.016436058380413,0.257374969238236,-0.0464370570217617,3.23628932377785,-0.0156054931652522
"3495",0.00137543973210659,0.245756535958794,-0.04652191394872,3.23628787600378,-0.336108496349899
"3496",-0.0152476129675755,0.24133946543245,-0.0469892836936535,3.23628682398035,-0.384389569197216
"3497",-0.013487494782652,0.236217350918621,-0.0470186090810842,3.23628586357169,-0.535898516347591
"3498",-0.0212090687533055,0.239323684109156,-0.0480473548921045,3.23628579944983,-0.0869599643716162
"3499",-0.00287491269475447,0.22895129371119,-0.0469094273253661,3.23628481925507,0.0948616671926833
"3500",0.00232202945039035,0.218876756535482,-0.0466327753759769,3.23628396825165,-0.689794608259775
"3501",-0.0271316492927555,0.230415600944322,-0.0495628358807365,3.23628581032516,0.190763908100908
"3502",0.0079842015818473,0.221510530133605,-0.0472136555204767,3.23628483791404,-0.143038803790649
"3503",-0.00654501289258596,0.212819300501931,-0.0467420474751862,3.23628399144102,-0.374457673735573
"3504",-0.0147648178307157,0.210013510660285,-0.0471301288700862,3.23628350993208,0.231213975837963
"3505",0.00953811261175706,0.203139414892178,-0.0465705102668304,3.23628286604499,1.10087042172811
"3506",0.0415103433064681,0.24520663800841,-0.0341109207223952,3.23629951838252,0.667270992546934
"3507",0.0267770829136916,0.257532506309027,-0.0406890914006451,3.23629922367037,0.903503303267689
"3508",0.0357368757451657,0.285054107670864,-0.0392609309160462,3.23630284930257,0.440989457847119
"3509",0.0161921690066687,0.280818143760409,-0.0442755548038001,3.236299882383,-0.495280380962942
"3510",-0.0206758780326019,0.279480634081141,-0.0468517411326521,3.23629750880102,0.456674813560698
"3511",0.018909048786954,0.276064843924167,-0.0459986283350335,3.23629529426042,0.592879503750682
"3512",0.023184751116258,0.279938837640556,-0.0449553174421316,3.23629404982117,-0.361469341858783
"3513",-0.0130611103189072,0.271279338851061,-0.0463612632110915,3.2362920402551,-0.463357072745768
"3514",-0.019169048597677,0.27003800200053,-0.0473416100672685,3.23629070399886,0.201051722533668
"3515",0.00798938655582808,0.259143535072461,-0.0466943434618331,3.236289082026,0.377809925483835
"3516",0.0148105577722205,0.253948925913964,-0.0461769831750049,3.23628784635971,-0.780318402963881
"3517",-0.0288646691222722,0.265606961446293,-0.0492028887677167,3.23628888872291,-0.116409931270867
"3518",-0.00537483863973655,0.254658279986427,-0.0472064231096221,3.23628750439959,-0.0543710448751178
"3519",-0.000844840718188963,0.243099113988639,-0.0467044899563471,3.23628629758872,0.155267479372706
"3520",0.00573237033996498,0.233068500065181,-0.0465620203058074,3.23628525477012,-0.147498377088567
"3521",-0.0038204082655433,0.223007182385883,-0.0465587709010356,3.23628434667943,0.0854203119305674
"3522",0.00254553889803608,0.213275568835457,-0.0465495748494286,3.23628355832716,-0.186465752108578
"3523",-0.00746214322051303,0.205470820229187,-0.0466122505655807,3.23628288919131,1.36708056870132
"3524",0.0536122773815683,0.279001650363997,-0.0213289943440464,3.23632656049334,0
"3525",0.000538797457465924,0.266310259732111,-0.0405992141702315,3.2363201799791,-0.553847569601423
"3526",-0.0223168726865664,0.268519036967723,-0.046396457828515,3.23631545020392,-0.123494921530304
"3527",-0.00239172210443369,0.256495688374835,-0.0465172036571361,3.236310541714,0.439256283661699
"3528",0.0170677668975998,0.253165721461669,-0.0459580802944741,3.23630657484132,0.12295398459764
"3529",0.00755050689713096,0.243614615845714,-0.0463423207820499,3.23630285819477,-0.384734238805529
"3530",-0.0142316471625886,0.238248718048567,-0.0468495147959596,3.23629976435988,1.11930024744727
"3531",0.0446035466112019,0.283825127653646,-0.0352275100888585,3.23631226436354,-0.665470769625504
"3532",-0.0270321876595157,0.289220207800377,-0.0455362622365902,3.23630895031729,-0.399877493777695
"3533",-0.0160618831984077,0.284286167864654,-0.0468108341683103,3.23630514009977,-0.843429768744897
"3534",-0.0321418510935145,0.302272257264398,-0.0502113883209108,3.23630489713791,0.11649129574246
"3535",0.00327833931002127,0.288251474977558,-0.0474123031384006,3.23630138631159,-0.132033726609931
"3536",-0.00191273965380953,0.274955070359784,-0.0467534738236189,3.23629834055814,0.364610000142229
"3537",0.01083278367177,0.265635631463486,-0.0464636309276423,3.23629573921717,-0.512383699986957
"3538",-0.0195870093913677,0.264110949361328,-0.0473260002784658,3.23629388332191,0.279807426454659
"3539",0.0115267365644271,0.255372092936604,-0.046590305024204,3.23629187588427,-0.490177989838875
"3540",-0.0187903127045102,0.253500019174663,-0.0472999711345036,3.23629049093544,-0.132682946294702
"3541",-0.00624027174439619,0.243383061215956,-0.0467676756984753,3.23628889701516,-0.085947577271861
"3542",-0.00267565900080379,0.232642265855329,-0.0466040858781381,3.23628750600107,0.405648422694885
"3543",0.0144395624176122,0.228190799025636,-0.0461552843949562,3.23628647935729,0.272109011436072
"3544",0.0119930986710462,0.222592289243933,-0.0461746356315223,3.23628551882208,-0.326619778662113
"3545",-0.0135839532489348,0.217705994163825,-0.0467939395446755,3.23628471304299,0.202318954702407
"3546",0.00951318245450497,0.21043147830054,-0.046496517244278,3.23628390773398,0.511748034715553
"3547",0.0192725225378157,0.212404818486824,-0.0453190267070911,3.23628395519598,-0.589514583467154
"3548",-0.0227374894624401,0.217093876536654,-0.0479414849595999,3.2362844151051,0.264159892557869
"3549",0.00991162268920168,0.209872678751793,-0.046765231085709,3.23628365000717,-0.896307781403335
"3550",-0.0361243800051024,0.237731142332207,-0.0539596745375304,3.23629151476468,-0.093992330880055
"3551",-0.00400211388824409,0.227897357062603,-0.0483183908585471,3.2362897802162,0.093992330880055
"3552",0.00372170520896976,0.218106294186727,-0.0469601500713877,3.23628827263752,1.02037727622679
"3553",0.0384390287655268,0.251668933069763,-0.0379019409270753,3.23629773787077,-0.466056459564024
"3554",-0.0163628287774314,0.246640289117399,-0.0449124607622447,3.23629535317844,0.504796629730475
"3555",0.0194479285767941,0.245739676195676,-0.0453213959671398,3.23629358205945,0.293935855193794
"3556",0.0111964681560144,0.238775306584318,-0.0460420531585755,3.23629164845013,0.354664982408903
"3557",0.0125153056156919,0.23290293234571,-0.0461408295093072,3.23629000688175,0.491363752530238
"3558",0.0220336749302258,0.237196663311675,-0.0448765736254549,3.23628956581793,-0.807417205056765
"3559",-0.0333854020965409,0.257226961032807,-0.0507712759208547,3.23629268293286,0.100320261529374
"3560",0.00538529065529289,0.245980023664356,-0.0475370723499042,3.23629079107057,-0.316737102837589
"3561",-0.0123885775232037,0.239155470142374,-0.0470118298939911,3.23628923289417,0.839855458633082
"3562",0.0311022389661274,0.255591386109455,-0.0428538495744995,3.23629134916395,-0.168944902724383
"3563",-0.00439303922376917,0.244242093142265,-0.0456816264244644,3.23628963338334,0.620620311759523
"3564",0.0229064522630073,0.248204326857888,-0.0448354205068856,3.23628917992638,0.266982118233633
"3565",0.01116459159096,0.241180439107688,-0.0459250380014254,3.23628783062929,0.190266049255366
"3566",0.00552742062789918,0.231342549952383,-0.046374344397254,3.23628658563144,-0.152183867447786
"3567",-0.00403162572729793,0.221420715811762,-0.0465158379955676,3.23628550144228,0.0685114022154876
"3568",0.00151376353121109,0.211660772788167,-0.0465411027147544,3.23628455997891,0.0836724652322984
"3569",0.00410582190682705,0.202873062017826,-0.0465359262544501,3.23628374477071,-0.205502983613659
"3570",-0.00782382238111087,0.195755851940131,-0.046622558404525,3.23628305537122,-0.259383727972551
"3571",-0.0105736810788903,0.190750752086235,-0.0467972418592583,3.23628252249687,-0.497761107375216
"3572",-0.0197542401999998,0.19438158845782,-0.048134798125334,3.23628302721086,-0.269055011061403
"3573",-0.0105909121467794,0.189763214854877,-0.0471889425646824,3.2362825156204,1.34568893606109
"3574",0.052243604768636,0.259584255025237,-0.0205875173062242,3.23632830056293,-0.030383593093597
"3575",-0.00119909385273931,0.24775018326053,-0.0404262044991658,3.2363216893951,0.485033160063958
"3576",0.018989444719824,0.246939510972263,-0.0442506441939106,3.23631643902361,0.249178971380626
"3577",0.00919895660507836,0.238630032122095,-0.0458829909542075,3.23631143625098,-0.0905387114812639
"3578",-0.00617769981667036,0.228877823705802,-0.0464183952817796,3.23630706378129,0.856825986038173
"3579",0.0348923256401632,0.253502420082949,-0.0406276606927418,3.23630962852475,0.760459938521929
"3580",0.0290161007843906,0.268761017490908,-0.0417449947697484,3.23630855772533,0.170680164621567
"3581",0.00727591610921932,0.258469230333754,-0.0453499798617127,3.23630457797593,0.753438340363982
"3582",0.0301921156643807,0.273625861676357,-0.0429261086689498,3.23630409567893,1.04682336570852
"3583",0.0395517071210535,0.309168809470085,-0.0383721118254507,3.23630919514433,-0.0801369656407369
"3584",-0.00261472220577454,0.29469375162058,-0.0446208832738475,3.23630511491313,-0.849013370382856
"3585",-0.0337365417636225,0.314185691861401,-0.049850091153288,3.23630506631764,0.527821766420433
"3586",0.0209206657355625,0.310553016578893,-0.0466652098439617,3.23630187853521,1.08352876236593
"3587",0.0423803571564555,0.350123725361288,-0.0393531646782138,3.23630711847417,-1.48647447039467
"3588",-0.0560955055177752,0.419396955204669,-0.0569227647067925,3.23631987257512,-0.818196434130464
"3589",-0.0332476213848128,0.435451756078349,-0.0515387391444887,3.23631645350411,0.759450654793764
"3590",0.031664091492431,0.440932080735385,-0.046216169402887,3.23631244772497,0.972194346352334
"3591",0.0375060230829144,0.462939247187361,-0.0433899827888583,3.23631061756394,-0.0727696146214984
"3592",0.00161534334270396,0.440480966923751,-0.045802792730543,3.23630634899663,0.276243269591014
"3593",0.00998105584775064,0.421875194333595,-0.046319554403228,3.236302657928,0.152334003561627
"3594",0.00316386096703376,0.401704226449485,-0.0464926368971536,3.23629944390022,0.13038755921867
"3595",0.00512028554984887,0.383043679342044,-0.0465272173469353,3.23629665651786,-0.464374655420086
"3596",-0.0161629253188311,0.371976284215729,-0.0468101490303184,3.23629433960596,0.941013096607812
"3597",0.0353046227881237,0.388986461608683,-0.043762596613226,3.23629464192639,-1.23964036248951
"3598",-0.0483115489167296,0.434104030915601,-0.0524964768550569,3.23629989999325,0.211316433792652
"3599",0.00702580162265289,0.413675851149456,-0.0479446858581541,3.23629705195763,0.189077214354422
"3600",0.00839791402951092,0.395759615502306,-0.0468404425793144,3.23629458800404,-0.00726559378384506
"3601",-0.00267258318305384,0.376778382715169,-0.0466188326551039,3.23629244285313,-0.912381789893446
"3602",-0.0345699239188922,0.393539980553224,-0.0493607776989233,3.2362929364087,0.482774692335775
"3603",0.0174474470661484,0.382031307736719,-0.0469507723641456,3.23629111010259,-0.717688909894976
"3604",-0.0280240557379352,0.385313185452306,-0.0479859010704467,3.23629031075987,-0.405052658229227
"3605",-0.0177401337106737,0.377029859904379,-0.0473216521877491,3.23628892836804,0.0885151640001025
"3606",0.00387936293762861,0.359185438056532,-0.0467293639791574,3.23628753308368,0.272429576142857
"3607",0.00811640987788104,0.343985428796583,-0.046551115472739,3.23628633084611,0.161634007712025
"3608",0.00841780214618958,0.329829345735646,-0.046498551578941,3.23628529087641,0.0513742626249258
"3609",0.0012122390390788,0.314285160214018,-0.0465370960695491,3.23628437730325,0.592561812884712
"3610",0.0222982747181734,0.313992119886118,-0.0455645676854175,3.2362841684135,0.254962804298603
"3611",0.00975478136433037,0.302504547866576,-0.0462112817662164,3.23628343346238,-1.96163950931837
"3612",-0.0766547552811256,0.457149815098035,-0.0878193031451828,3.23636827863226,0.13346187196418
"3613",0.00565828484412171,0.434928828617207,-0.0562819645969238,3.23635637153763,-0.520021972710732
"3614",-0.0212159561207981,0.426481291497485,-0.0493450007030049,3.23634627919851,0.742063363618845
"3615",0.0258940051920426,0.423921638496361,-0.0463324200539914,3.23633778787076,-1.54972554643175
"3616",-0.0572350907691032,0.494981739245294,-0.0564798573770411,3.23634277288479,-0.481711002239565
"3617",-0.0202068316887448,0.485159208489594,-0.0493953950449699,3.23633448434647,0.4291367398847
"3618",0.0217442522148319,0.473972717720975,-0.0467986305493658,3.23632724329025,-0.255754615111697
"3619",-0.0122219386753645,0.454398101080651,-0.0466779947843713,3.23632078937522,0.375883768382484
"3620",0.0149684723460904,0.438211682857829,-0.0464257475389913,3.23631522258212,-0.00750384572445473
"3621",-0.00263831492224927,0.41692199732126,-0.0465206868622917,3.23631034390167,0.434294954417747
"3622",0.0195776930152279,0.40765327318139,-0.0461172446858425,3.23630630280907,0.469606915721005
"3623",0.0196741042869781,0.400001401286386,-0.045938591500721,3.23630284869598,-0.53687400596627
"3624",-0.022153326331355,0.393899067905053,-0.0470044309280653,3.23629991123178,-0.179600437411231
"3625",-0.0058684762248502,0.37617518632983,-0.0466758897080319,3.23629706392786,-0.104916076770034
"3626",-0.00408449410132503,0.358622599792455,-0.046584619699693,3.23629459130787,0.299468667319164
"3627",0.0109083112506856,0.344820849610645,-0.0464680538954264,3.23629246966763,0.893062421369567
"3628",0.0368018131654368,0.368622719043567,-0.0425788045975504,3.23629434105554,0.59833973523104
"3629",0.0226782160633146,0.36781710498142,-0.0446405601177144,3.23629280468511,-1.25247125819503
"3630",-0.0493248966762646,0.418241619745409,-0.0539970792376701,3.23630030197205,0.171379647773467
"3631",0.00848303787987265,0.399142438899229,-0.0482898295303186,3.23629740226552,0.267658152358835
"3632",0.0097100057630029,0.382747345705274,-0.0468975907431242,3.23629489902237,0.887054899950945
"3633",0.0356483888969174,0.401968417197662,-0.0435690479733118,3.23629537230308,0.462572872250322
"3634",0.0212833519365733,0.397423065391283,-0.045136549881393,3.23629350195724,0
"3635",-0.00276494738819324,0.378301618355102,-0.04621661317425,3.23629150065307,-0.41107009364067
"3636",-0.0123325642400828,0.364586106621978,-0.0465992179883178,3.23628980315166,0.403744354653474
"3637",0.0162461264281939,0.354322374831431,-0.0462853116464796,3.23628839919422,-0.109950533341696
"3638",-0.00326135582848488,0.337598557038988,-0.0464884321203723,3.2362870739309,-0.63272724332577
"3639",-0.0271600589270962,0.343175719600442,-0.0481411600063654,3.23628704904677,-0.0073808908768791
"3640",-0.000528137591968082,0.32692214010482,-0.0469251178776658,3.23628590256568,0.808649558337216
"3641",0.0315454307402694,0.340300420104264,-0.0440392825953408,3.23628704466694,0.307040229518185
"3642",0.0130202107835904,0.330025276512613,-0.0457310074693446,3.23628598126093,-0.424256360155162
"3643",-0.0158788342038433,0.321254449139608,-0.0466532042648048,3.2362850946371,-0.242193065434715
"3644",-0.00800639139631056,0.30826061784215,-0.046628587832195,3.23628421947114,0
"3645",0.00169155434854636,0.293856402810186,-0.0465678287131825,3.23628344782605,0.271509981505141
"3646",0.00999028460353985,0.283102292392636,-0.0464547370764725,3.2362828057824,-0.352371528896411
"3647",-0.0125508135863894,0.274278674143619,-0.0467120935404449,3.23628228445891,-0.110371226391409
"3648",-0.00491356702171521,0.262485405631894,-0.0466048127109404,3.23628177176514,-0.450102217186754
"3649",-0.0164172286697354,0.258480299644207,-0.0470908074230915,3.23628157980838,0.633986642507445
"3650",0.0247697358576642,0.263572923795212,-0.0450202654202971,3.23628233030136,-0.456655430084868
"3651",-0.0168239584646068,0.258796013658263,-0.0466452011218539,3.23628201909557,0.0221443071582117
"3652",-0.000362989563114462,0.247013500396771,-0.0465721098082326,3.23628153893391,0.169610305768964
"3653",0.00713179768152011,0.237300921882721,-0.0465092060357932,3.23628113210206,0.712164824853223
"3654",0.0260530028051509,0.246757899893196,-0.0440907772594791,3.23628274375894,-1.42201696262096
"3655",-0.0538061458935948,0.316431588846422,-0.0645722849352896,3.23631164604403,0.687745361950942
"3656",0.0260408211002513,0.318151124069398,-0.0496063948512205,3.23630799841717,-0.940364561604162
"3657",-0.0371059348251537,0.340943613504715,-0.0513299771779218,3.2363079496942,-0.410004674401349
"3658",-0.0183841390250243,0.336156676600505,-0.0482850952059711,3.2363043426262,0.268556670173842
"3659",0.011304347981242,0.323454819980228,-0.046864452808802,3.23630093088481,-0.00745017694515071
"3660",-0.00419720574531903,0.308591501150878,-0.0466281524743455,3.23629794587333,-0.448029423276197
"3661",-0.0155204079632866,0.301252974169618,-0.0469169858151312,3.23629550281642,0.254129742867248
"3662",0.00908672358867479,0.289254119248916,-0.0465789437901554,3.23629324959599,0.0820803687466065
"3663",0.00198468925858643,0.275970741555087,-0.0465550780804592,3.23629128178534,-0.141817527034399
"3664",-0.00501556343338586,0.263946434933125,-0.0465636034569775,3.23628957637645,0.766401310759984
"3665",0.0299556858324994,0.277554105080872,-0.0435393766498908,3.236290698056,-0.230047224009822
"3666",-0.0103123000465123,0.267160157184464,-0.0459203654479468,3.23628908909207,-0.596126951649933
"3667",-0.0227566231954892,0.270464886854729,-0.0477960959068757,3.236288604588,-0.104688561120403
"3668",-0.00337241654587136,0.258555535719541,-0.0468519747183797,3.23628725307436,0.0299222024973345
"3669",0.000652096095708318,0.246763366963809,-0.0466207347585012,3.2362860795529,0.164412263326769
"3670",0.00833550387133293,0.237622665559488,-0.0464922802384091,3.23628508004759,-0.539084863487632
"3671",-0.0206795378042197,0.23896164435446,-0.0476644090394355,3.23628489703079,-0.0826167007824063
"3672",-0.00275552394145376,0.228579043009062,-0.0468183865775543,3.23628403627447,0.561946558010379
"3673",0.0234382602565868,0.234175922672458,-0.0448111744615526,3.23628459997223,-0.592005925487032
"3674",-0.0234176209154907,0.238367099327477,-0.047697560248521,3.23628485820248,-0.13537908204817
"3675",-0.0054985632579213,0.228842044653463,-0.0468553896861439,3.23628400883542,0.210510565672467
"3676",0.00883746290075392,0.220788610214573,-0.0465307832724887,3.2362832894825,0.606493566606259
"3677",0.0227529777765667,0.226491709059029,-0.0447028572557818,3.23628399153849,0.372550911488689
"3678",0.016654047261445,0.225340522855402,-0.0453367947414806,3.23628367734133,-0.357622196076907
"3679",-0.0149990291611939,0.221288984233641,-0.0466913370012178,3.23628317036653,0.342746777678332
"3680",0.0155344173108299,0.217964420512945,-0.0460855707475694,3.23628277331359,0.0520542863585216
"3681",0.00152018921132458,0.20846765456634,-0.0464385233979824,3.23628219333539,-0.79866071100535
"3682",-0.0306967019202099,0.226582338356935,-0.0512076623172852,3.23628637760559,-0.10497114257737
"3683",-0.00472693045163466,0.217513612010272,-0.0476780340732531,3.23628532563225,0.0300030005250973
"3684",0.000550820927760252,0.207913254310761,-0.0468155700432088,3.23628440744297,0.434034955125123
"3685",0.017628469123757,0.207861750400869,-0.0457128977810789,3.23628412999072,0.476758948347272
"3686",0.0200452792426848,0.211251024826751,-0.044893170898537,3.23628435976143,0.103988719168041
"3687",0.00264861472741899,0.202324190958381,-0.0461522955196857,3.23628357024429,-0.141153769582814
"3688",-0.00579291819055587,0.194471696496862,-0.0464871018746258,3.23628289051169,0.637322447720462
"3689",0.0259567601524254,0.205308825390071,-0.0434551744609069,3.23628497435819,0.0886066660645002
"3690",0.00360139160896128,0.19697676641307,-0.0458031845731221,3.23628410520101,-0.014762326569473
"3691",0.000210669935875309,0.188474866769312,-0.046373386336355,3.23628334868485,0.456621797958118
"3692",0.0180169402328177,0.189851643427417,-0.045398106556445,3.23628337952579,-0.250147275818141
"3693",-0.0110834625602317,0.184851652466078,-0.0464872832499846,3.23628279351929,0.51432883403027
"3694",0.0204201678311481,0.188584186742261,-0.0449774237788317,3.23628329029915,-0.374463523585539
"3695",-0.0144890126043497,0.185964120060169,-0.0466641900657719,3.23628286996959,0
"3696",-0.000565982165807448,0.178085146707027,-0.0465767444871189,3.23628227709814,-0.00735645713356159
"3697",0.000556633823181903,0.170598657910542,-0.0465558067540164,3.23628176275515,0.139680228554845
"3698",0.00401547039670993,0.16397736504849,-0.0465364195760196,3.23628131865847,1.01597921021484
"3699",0.0414604050791477,0.207493925624304,-0.0297142555795269,3.23630672920847,0.384685649494937
"3700",0.0143425840629581,0.205824919950073,-0.0419107974023757,3.23630332488013,0.166479717072393
"3701",0.00654176000395455,0.198310519074869,-0.0453958352754174,3.23630003619608,0
"3702",-0.000231555875378373,0.189733686873898,-0.046277320694326,3.2362971692671,-0.747707741027764
"3703",-0.028704458672815,0.205538151956633,-0.0509265800787031,3.23629904818392,-0.2918857880845
"3704",-0.0114507745284163,0.201164144974607,-0.0479127547433339,3.2362964490752,0.604715696544789
"3705",0.0217876989092641,0.205646396269249,-0.0452012300013881,3.23629524198462,-0.35655850036766
"3706",-0.0136542235953171,0.201430679165448,-0.0465800635135627,3.23629315690288,0.0655857192392972
"3707",0.00179222204065858,0.192732716090291,-0.046556280711883,3.23629120130268,-0.460005922330847
"3708",-0.0190827772037123,0.19494268709812,-0.0478103874902349,3.23629031809631,0.357965097150287
"3709",0.0148975945435346,0.192354824013268,-0.0463365299845516,3.23628898239696,0.10204082518056
"3710",0.00576276709609711,0.185265537729023,-0.0464521885780087,3.23628758993053,-0.10204082518056
"3711",-0.00481587219888239,0.177997861487803,-0.0465452621606663,3.23628637477445,0.225807722418264
"3712",0.0101045887178316,0.173360593700972,-0.0463471251138207,3.23628538815217,-0.61305110992555
"3713",-0.0255211384392436,0.184434831136219,-0.0499085358691891,3.23628752744869,-0.454913103837629
"3714",-0.0171313866836654,0.186140299937246,-0.0485086651147596,3.23628705238857,-0.316724015363901
"3715",-0.012746110993271,0.183438703916887,-0.0474779109769719,3.23628612178152,-0.258541233581072
"3716",-0.0113096304087874,0.179704228169456,-0.0470934227986503,3.23628523178151,-0.0369890886407209
"3717",-0.00197952235807405,0.172293200198308,-0.0466805927395488,3.2362843262716,-0.593693766095638
"3718",-0.0242210241086373,0.182239869249166,-0.0496907427713134,3.23628625581607,0.0297685497472666
"3719",0.00192328442483453,0.174550292619338,-0.0472900913412847,3.23628521440953,0.141279720119919
"3720",0.00531136667674384,0.168086601543621,-0.0466908468785344,3.2362843173443,0.252319243327742
"3721",0.00943908880012003,0.163827326797416,-0.0463807229351893,3.23628360361941,0.111115237922332
"3722",0.00520662767514459,0.157997790051275,-0.0464690493284373,3.2362829218822,-0.00740384259769189
"3723",-0.00152114373651871,0.151628024428428,-0.0465310021821018,3.23628232215056,-0.296604102956105
"3724",-0.0101042421230868,0.14854618874134,-0.0468207810081409,3.23628190916744,-0.208147562513084
"3725",-0.00804490773879521,0.144699275223706,-0.0467762869551741,3.2362814967675,-0.776935030209008
"3726",-0.0307566203834534,0.167004715763794,-0.0550535191564426,3.2362913798407,0.202285141088882
"3727",0.0069835919583835,0.161071156029287,-0.0485112821108483,3.23628966887219,0.231749814036242
"3728",0.00953638402377005,0.15727917772696,-0.0467856369670527,3.23628825787686,-0.037342694335879
"3729",-0.00173338418569002,0.150951151014271,-0.0466057298975156,3.23628695127874,0.543823741282112
"3730",0.0222177021272341,0.159143414923031,-0.0436897656508004,3.23628826021357,0.103957832188628
